id,title,category,status,status_note,start_date,end_date,time,recurrence,occurrences,nye,xmas,town,region,garden_route,venue,venue_address,lat,lng,geo_source,price_from,ticket_url,source_url,source_name,alt_sources,image,notes,last_checked
2026-10-06-garden-route-trivia-league-quiz-at-goose-valley-go,Garden Route Trivia League quiz at Goose Valley Golf Club (Tuesdays),quiz,scheduled,,2026-10-06,2027-04-06,,Tuesdays,2026-10-13 | 2026-10-20 | 2026-10-27 | 2026-11-03 | 2026-11-10 | 2026-11-17 | 2026-11-24 | 2026-12-01 | 2026-12-08 | 2026-12-15 | 2026-12-22 | 2026-12-29 | 2027-01-05 | 2027-01-12 | 2027-01-19 | 2027-01-26 | 2027-02-02 | 2027-02-09 | 2027-02-16 | 2027-02-23 | 2027-03-02 | 2027-03-09 | 2027-03-16 | 2027-03-23 | 2027-03-30 | 2027-04-06,False,False,Plettenberg Bay,Garden Route,True,Goose Valley Golf Club,"Goose Valley Golf Club, Plettenberg Bay",-34.052778,23.369444,town centroid,,,https://www.knysna.n2rs.com/knysna-diary-october.html,"Knysna Diary (n2rs.com), October 2026",,,"Garden Route Trivia League team quiz run by Craft Quiz Nights: suitable for all ages, teams of 4 to 6 ideal (no minimum or maximum), prizes sponsored by the venue and Craft Quiz Nights. Listed in the Knysna Diary for October 2026 as 'Tuesdays'; later dates follow that pattern and aren't individually confirmed. No start time published; contact 082 335 9406.",2026-10-08
2026-10-06-noot-vir-noot-music-quiz-night-at-hennie-s-george-,Noot vir Noot music quiz night at Hennie's George (Tuesdays),quiz,scheduled,,2026-10-06,2027-04-06,19:00,"Every Tuesday, 19:00",2026-10-13 | 2026-10-20 | 2026-10-27 | 2026-11-03 | 2026-11-10 | 2026-11-17 | 2026-11-24 | 2026-12-01 | 2026-12-08 | 2026-12-15 | 2026-12-22 | 2026-12-29 | 2027-01-05 | 2027-01-12 | 2027-01-19 | 2027-01-26 | 2027-02-02 | 2027-02-09 | 2027-02-16 | 2027-02-23 | 2027-03-02 | 2027-03-09 | 2027-03-16 | 2027-03-23 | 2027-03-30 | 2027-04-06,False,False,George,Garden Route,True,Hennie's George,"42 York Street, George",-33.965872,22.451237,nominatim,,,https://www.therealhennies.co.za/branches/hennies-george,Hennie's George (official branch page),https://www.therealhennies.co.za/img/posters/whatson-oct-2026/george.jpg,images/2026-10-06-noot-vir-noot-music-quiz-night-at-hennie-s-george-.webp,"Afrikaans music quiz night in the style of the TV show; prizes to be won, free entry (first come, first served). Hennie's October 2026 What's On poster says 'Every Tuesday 19:00'; dates after October follow that weekly pattern and are not yet confirmed. Enquiries: 062 579 8350.",2026-10-08
2026-10-07-garden-route-trivia-league-quiz-at-red-bridge-brew,Garden Route Trivia League quiz at Red Bridge Brewing Co. (1st Wednesday),quiz,scheduled,,2026-10-07,2027-04-07,,1st Wednesday,2026-11-04 | 2026-12-02 | 2027-01-06 | 2027-02-03 | 2027-03-03 | 2027-04-07,False,False,Knysna,Garden Route,True,Red Bridge Brewing Co.,"Noble Street, Knysna Industria, Knysna",-34.04692,23.077201,nominatim,,,https://www.knysna.n2rs.com/knysna-diary-october.html,"Knysna Diary (n2rs.com), October 2026",,,"Garden Route Trivia League team quiz run by Craft Quiz Nights: suitable for all ages, teams of 4 to 6 ideal (no minimum or maximum), prizes sponsored by the venue and Craft Quiz Nights. Listed in the Knysna Diary for October 2026 as '1st Wednesday'; later dates follow that pattern and aren't individually confirmed. No start time published; contact 082 335 9406.",2026-10-08
2026-10-07-the-wednesday-market-at-old-nick-village,The Wednesday Market at Old Nick Village,market,scheduled,,2026-10-07,2027-04-07,09:00-14:00,"Every Wednesday, 09:00-14:00",2026-10-14 | 2026-10-21 | 2026-10-28 | 2026-11-04 | 2026-11-11 | 2026-11-18 | 2026-11-25 | 2026-12-02 | 2026-12-09 | 2026-12-16 | 2026-12-23 | 2026-12-30 | 2027-01-06 | 2027-01-13 | 2027-01-20 | 2027-01-27 | 2027-02-03 | 2027-02-10 | 2027-02-17 | 2027-02-24 | 2027-03-03 | 2027-03-10 | 2027-03-17 | 2027-03-24 | 2027-03-31 | 2027-04-07,False,False,Plettenberg Bay,Garden Route,True,Old Nick Village,"N2, 3 km east of Plettenberg Bay",-34.052778,23.369444,town centroid,Free entry,,https://oldnickvillage.co.za/merchants/the-old-nick-midweek-market/,Old Nick Village (official site),https://showme.co.za/plett/event/mid-week-market-at-old-nick-village/,images/2026-10-07-the-wednesday-market-at-old-nick-village.webp,"Farmers, bakers and artisans: organic produce, meat and dairy, breads, crafts.",2026-10-08
2026-10-07-etensuurkonserte-weekly-lunch-hour-concerts-in-the,Etensuurkonserte: weekly lunch-hour concerts in the Moederkerk,concert,scheduled,,2026-10-07,2027-02-24,13:10,"Every Wednesday, 13:10 (about 50 minutes)",2026-10-14 | 2026-10-21 | 2026-10-28 | 2026-11-04 | 2026-11-11 | 2026-11-18 | 2026-11-25 | 2026-12-02 | 2026-12-09 | 2026-12-16 | 2026-12-23 | 2026-12-30 | 2027-01-06 | 2027-01-13 | 2027-01-20 | 2027-01-27 | 2027-02-03 | 2027-02-10 | 2027-02-17 | 2027-02-24,False,False,George,Garden Route,True,NG Moedergemeente (Moederkerk),"Courtenay Street, George",-33.961058,22.471277,nominatim,Free entry (donations welcome),,https://www.georgeherald.com/Whatson,George Herald (What's On),,images/2026-10-07-etensuurkonserte-weekly-lunch-hour-concerts-in-the.webp,Weekly lunch-hour concert series. The spring season opens on 7 Oct with organist Gerrit Jordaan and the NG Kerk Hartenbos choir (cond. Marianne Rust). Dates as listed in the George Herald diary.,2026-10-08
2026-10-07-donkiekar-boere-orkes-live-at-hoeka-toeka-pub-dine,Donkiekar Boere Orkes live at Hoeka Toeka Pub & Diner (Wednesdays),concert,scheduled,,2026-10-07,2027-04-07,18:00-21:00,"Every Wednesday, 18:00-21:00",2026-10-14 | 2026-10-21 | 2026-10-28 | 2026-11-04 | 2026-11-11 | 2026-11-18 | 2026-11-25 | 2026-12-02 | 2026-12-09 | 2026-12-16 | 2026-12-23 | 2026-12-30 | 2027-01-06 | 2027-01-13 | 2027-01-20 | 2027-01-27 | 2027-02-03 | 2027-02-10 | 2027-02-17 | 2027-02-24 | 2027-03-03 | 2027-03-10 | 2027-03-17 | 2027-03-24 | 2027-03-31 | 2027-04-07,False,False,Hoekwil,Garden Route,True,Hoeka Toeka Pub & Diner,"48 Church Road, Hoekwil",-33.97278,22.617853,town centroid,,,https://www.foodyas.com/ZA/Hoekwil/837657939628374/Hoeka-Toeka-Pub-%26-Diner,"Hoeka Toeka Pub & Diner (Facebook posts, via Foodyas)",,images/2026-10-07-donkiekar-boere-orkes-live-at-hoeka-toeka-pub-dine.webp,"Boere-orkes night with the Donkiekar Boere Orkes, fire and comfort food. The pub's Facebook posts (Aug-Sep 2026) say 'every Wednesday from 6 to 9'; later dates follow that pattern and aren't individually confirmed. Bookings essential: 079 917 2222.",2026-10-08
2026-10-07-quiz-night-at-hennie-s-hartenbos-wednesdays,Quiz Night at Hennie's Hartenbos (Wednesdays),quiz,scheduled,,2026-10-07,2027-04-07,19:00,"Every Wednesday, 19:00",2026-10-14 | 2026-10-21 | 2026-10-28 | 2026-11-04 | 2026-11-11 | 2026-11-18 | 2026-11-25 | 2026-12-02 | 2026-12-09 | 2026-12-16 | 2026-12-23 | 2026-12-30 | 2027-01-06 | 2027-01-13 | 2027-01-20 | 2027-01-27 | 2027-02-03 | 2027-02-10 | 2027-02-17 | 2027-02-24 | 2027-03-03 | 2027-03-10 | 2027-03-17 | 2027-03-24 | 2027-03-31 | 2027-04-07,False,False,Hartenbos,Mossel Bay,True,Hennie's Hartenbos,"156 Paardekraal Avenue, Hartenbos, Mossel Bay",-34.125216,22.113442,town centroid,Free,,https://www.therealhennies.co.za/branches/hennies-hartenbos,Hennie's Hartenbos (official branch page),https://www.therealhennies.co.za/img/posters/whatson-oct-2026/hartenbos.jpg,images/2026-10-07-quiz-night-at-hennie-s-hartenbos-wednesdays.webp,"Pub quiz night with prizes to be won; free entry, first come, first served. The branch's October 2026 What's On poster says 'Every Wednesday 19:00' and the branch page lists the next quiz; dates after October follow that weekly pattern and are not yet confirmed. Enquiries: 044 868 0677.",2026-10-08
2026-10-07-live-entertainment-at-tapas-oysters-wednesday-frid,Live entertainment at Tapas & Oysters (Wednesday & Friday evenings),concert,scheduled,,2026-10-07,2027-04-09,Evenings,Every Wednesday and Friday evening,2026-10-09 | 2026-10-14 | 2026-10-16 | 2026-10-21 | 2026-10-23 | 2026-10-28 | 2026-10-30 | 2026-11-04 | 2026-11-06 | 2026-11-11 | 2026-11-13 | 2026-11-18 | 2026-11-20 | 2026-11-25 | 2026-11-27 | 2026-12-02 | 2026-12-04 | 2026-12-09 | 2026-12-11 | 2026-12-16 | 2026-12-18 | 2026-12-23 | 2026-12-25 | 2026-12-30 | 2027-01-01 | 2027-01-06 | 2027-01-08 | 2027-01-13 | 2027-01-15 | 2027-01-20 | 2027-01-22 | 2027-01-27 | 2027-01-29 | 2027-02-03 | 2027-02-05 | 2027-02-10 | 2027-02-12 | 2027-02-17 | 2027-02-19 | 2027-02-24 | 2027-02-26 | 2027-03-03 | 2027-03-05 | 2027-03-10 | 2027-03-12 | 2027-03-17 | 2027-03-19 | 2027-03-24 | 2027-03-26 | 2027-03-31 | 2027-04-02 | 2027-04-07 | 2027-04-09,False,False,Knysna,Garden Route,True,"Tapas & Oysters, Thesen Island","TH 29, Thesen Island, Knysna",-34.048978,23.048194,event page,,,https://tapasknysna.co.za/contact/,Tapas & Oysters (official site),,images/2026-10-07-live-entertainment-at-tapas-oysters-wednesday-frid.webp,"The restaurant advertises live entertainment on Wednesday and Friday evenings. No artists or start times are listed; dates here are the weekly pattern within the window, so check with the restaurant (044 382 7196) before going.",2026-10-08
2026-10-08-garden-route-trivia-league-quiz-at-rocket-george-t,"Garden Route Trivia League quiz at Rocket, George (Thursdays)",quiz,scheduled,,2026-10-08,2027-04-08,,Thursdays,2026-10-08 | 2026-10-15 | 2026-10-22 | 2026-10-29 | 2026-11-05 | 2026-11-12 | 2026-11-19 | 2026-11-26 | 2026-12-03 | 2026-12-10 | 2026-12-17 | 2026-12-24 | 2026-12-31 | 2027-01-07 | 2027-01-14 | 2027-01-21 | 2027-01-28 | 2027-02-04 | 2027-02-11 | 2027-02-18 | 2027-02-25 | 2027-03-04 | 2027-03-11 | 2027-03-18 | 2027-03-25 | 2027-04-01 | 2027-04-08,False,False,George,Garden Route,True,Rocket,"Arbour Road, Heatherlands, George",-33.946309,22.456057,nominatim,,,https://www.knysna.n2rs.com/knysna-diary-october.html,"Knysna Diary (n2rs.com), October 2026",,,"Garden Route Trivia League team quiz run by Craft Quiz Nights: suitable for all ages, teams of 4 to 6 ideal (no minimum or maximum), prizes sponsored by the venue and Craft Quiz Nights. Listed in the Knysna Diary for October 2026 as 'Thursdays'; later dates follow that pattern and aren't individually confirmed. No start time published; contact 082 335 9406.",2026-10-08
2026-10-08-outeniqua-powervan-mountain-rail-trip-george-mon-f,"Outeniqua Powervan mountain rail trip, George (Mon-Fri)",nature,scheduled,,2026-10-08,2027-04-09,09:00 & 12:00,"Mon-Fri, departures 09:00 & 12:00 (1 Sep-30 Apr timetable)",2026-10-08 | 2026-10-09 | 2026-10-12 | 2026-10-13 | 2026-10-14 | 2026-10-15 | 2026-10-16 | 2026-10-19 | 2026-10-20 | 2026-10-21 | 2026-10-22 | 2026-10-23 | 2026-10-26 | 2026-10-27 | 2026-10-28 | 2026-10-29 | 2026-10-30 | 2026-11-02 | 2026-11-03 | 2026-11-04 | 2026-11-05 | 2026-11-06 | 2026-11-09 | 2026-11-10 | 2026-11-11 | 2026-11-12 | 2026-11-13 | 2026-11-16 | 2026-11-17 | 2026-11-18 | 2026-11-19 | 2026-11-20 | 2026-11-23 | 2026-11-24 | 2026-11-25 | 2026-11-26 | 2026-11-27 | 2026-11-30 | 2026-12-01 | 2026-12-02 | 2026-12-03 | 2026-12-04 | 2026-12-07 | 2026-12-08 | 2026-12-09 | 2026-12-10 | 2026-12-11 | 2026-12-14 | 2026-12-15 | 2026-12-16 | 2026-12-17 | 2026-12-18 | 2026-12-21 | 2026-12-22 | 2026-12-23 | 2026-12-24 | 2026-12-25 | 2026-12-28 | 2026-12-29 | 2026-12-30 | 2026-12-31 | 2027-01-01 | 2027-01-04 | 2027-01-05 | 2027-01-06 | 2027-01-07 | 2027-01-08 | 2027-01-11 | 2027-01-12 | 2027-01-13 | 2027-01-14 | 2027-01-15 | 2027-01-18 | 2027-01-19 | 2027-01-20 | 2027-01-21 | 2027-01-22 | 2027-01-25 | 2027-01-26 | 2027-01-27 | 2027-01-28 | 2027-01-29 | 2027-02-01 | 2027-02-02 | 2027-02-03 | 2027-02-04 | 2027-02-05 | 2027-02-08 | 2027-02-09 | 2027-02-10 | 2027-02-11 | 2027-02-12 | 2027-02-15 | 2027-02-16 | 2027-02-17 | 2027-02-18 | 2027-02-19 | 2027-02-22 | 2027-02-23 | 2027-02-24 | 2027-02-25 | 2027-02-26 | 2027-03-01 | 2027-03-02 | 2027-03-03 | 2027-03-04 | 2027-03-05 | 2027-03-08 | 2027-03-09 | 2027-03-10 | 2027-03-11 | 2027-03-12 | 2027-03-15 | 2027-03-16 | 2027-03-17 | 2027-03-18 | 2027-03-19 | 2027-03-22 | 2027-03-23 | 2027-03-24 | 2027-03-25 | 2027-03-26 | 2027-03-29 | 2027-03-30 | 2027-03-31 | 2027-04-01 | 2027-04-02 | 2027-04-05 | 2027-04-06 | 2027-04-07 | 2027-04-08 | 2027-04-09,False,False,George,Garden Route,True,Outeniqua Transport Museum (Powervan George),"2 Mission Road, George",-33.967107,22.477017,nominatim,R250 (child R220),https://www.powervan.co.za/index.php/george/,https://www.powervan.co.za/index.php/george/,Outeniqua Powervan (official site),https://visitgeorge.co.za/directory/outeniqua-power-van/,,"Rail-trolley trip up the Outeniqua Mountains to 'Topping' and back, ~2.5 h incl. ~30 min picnic stop at Power (bring a picnic). Bookings essential; report 30 min before departure. Fares R250 adult / R220 child 3-15 (valid 1 May-30 Nov 2026; later fares not yet published). Wednesday pensioner discount (not in school holidays). Public holidays use Saturday times. Departure point was temporarily moved to George Station during the 2026 museum closure - confirm when booking. WhatsApp 082 490 5627.",2026-10-08
2026-10-08-powervan-mossel-bay-picnic-rail-trip-hartenbos-gle,Powervan Mossel Bay picnic rail trip (Hartenbos → Glentana),nature,scheduled,,2026-10-08,2027-04-08,"09:00, 12:00 & 15:00","Tue, Thu & Sat: 09:00, 12:00 & 15:00",2026-10-08 | 2026-10-10 | 2026-10-13 | 2026-10-15 | 2026-10-17 | 2026-10-20 | 2026-10-22 | 2026-10-24 | 2026-10-27 | 2026-10-29 | 2026-10-31 | 2026-11-03 | 2026-11-05 | 2026-11-07 | 2026-11-10 | 2026-11-12 | 2026-11-14 | 2026-11-17 | 2026-11-19 | 2026-11-21 | 2026-11-24 | 2026-11-26 | 2026-11-28 | 2026-12-01 | 2026-12-03 | 2026-12-05 | 2026-12-08 | 2026-12-10 | 2026-12-12 | 2026-12-15 | 2026-12-17 | 2026-12-19 | 2026-12-22 | 2026-12-24 | 2026-12-26 | 2026-12-29 | 2026-12-31 | 2027-01-02 | 2027-01-05 | 2027-01-07 | 2027-01-09 | 2027-01-12 | 2027-01-14 | 2027-01-16 | 2027-01-19 | 2027-01-21 | 2027-01-23 | 2027-01-26 | 2027-01-28 | 2027-01-30 | 2027-02-02 | 2027-02-04 | 2027-02-06 | 2027-02-09 | 2027-02-11 | 2027-02-13 | 2027-02-16 | 2027-02-18 | 2027-02-20 | 2027-02-23 | 2027-02-25 | 2027-02-27 | 2027-03-02 | 2027-03-04 | 2027-03-06 | 2027-03-09 | 2027-03-11 | 2027-03-13 | 2027-03-16 | 2027-03-18 | 2027-03-20 | 2027-03-23 | 2027-03-25 | 2027-03-27 | 2027-03-30 | 2027-04-01 | 2027-04-03 | 2027-04-06 | 2027-04-08,False,False,Hartenbos,Mossel Bay,True,"Hartenbos Station (Powervan Mossel Bay, ex Diaz Express)","Port Natal Avenue, Hartenbos",-34.119256,22.120665,nominatim,R250 (child R220),https://www.powervan.co.za/index.php/mosselbay/,https://www.powervan.co.za/index.php/mosselbay/,Outeniqua Powervan – Mossel Bay (official site),https://www.transplo.com/ZA/Hartenbos/775998325815871/Diaz-Express,,"Rail-trolley excursion Hartenbos → Glentana / Great Brak along the coast, ~2.5 h. Bookings close at midnight the day before. Times are from Powervan Mossel Bay's Facebook posts (the website gives days and fares only). Its posts say trips run all year except the December school holidays - check before booking. Pensioner (Wed) and ATKV-guest rates R220. Tel 083 260 5716 / 082 450 7778.",2026-10-08
2026-10-08-wilderness-arts-festival,Wilderness Arts Festival,festival,postponed,Postponed until further notice: the festival's official site (wildernessartfestival.co.za) and its banner image read 'Wilderness Art Festival 2026 Postponed'.,2026-10-08,2026-10-11,09:00-17:00,,,False,False,Wilderness,Garden Route,True,Fairy Knowe Hotel & venues across the village,"1 Dumbleton Road, Wilderness",-33.992209,22.600705,nominatim,,,https://www.ontheroute.co.za/your-garden-route-event-guide-1-october/,On The Route (Garden Route event guide),https://www.wildernessartfestival.co.za/,images/2026-10-08-wilderness-arts-festival.webp,"Visual art, music, performance and literature; open to the public.",2026-10-08
2026-10-08-grootbrak-leeskring-morne-malan-in-conversation-wi,Grootbrak Leeskring: Morné Malan in conversation with Gerda Taljaard (Die grafdigter),arts,scheduled,,2026-10-08,,09:15 for 10:00,,,False,False,Groot Brak,Mossel Bay,True,NG Kerk Groot-Brakrivier (church hall),Groot-Brakrivier,-34.0425,22.231389,town centroid,R100 members / R120 non-members,,https://www.georgeherald.com/Whatson,George Herald (What's On),,images/2026-10-08-grootbrak-leeskring-morne-malan-in-conversation-wi.webp,Book club talk (Afrikaans): author Gerda Taljaard on her book Die grafdigter. Coffee and tea included. Enquiries: Etty Bosman 083 501 0845.,2026-10-08
2026-10-08-gtr-thursday-time-trial-5-km-3-km-trail,GTR Thursday Time Trial (5 km / 3 km trail),funrun,scheduled,,2026-10-08,2027-04-08,17:30 (walkers 17:15),"Every Thursday, runners 17:30 / walkers 17:15",2026-10-08 | 2026-10-15 | 2026-10-22 | 2026-10-29 | 2026-11-05 | 2026-11-12 | 2026-11-19 | 2026-11-26 | 2026-12-03 | 2026-12-10 | 2026-12-17 | 2026-12-24 | 2026-12-31 | 2027-01-07 | 2027-01-14 | 2027-01-21 | 2027-01-28 | 2027-02-04 | 2027-02-11 | 2027-02-18 | 2027-02-25 | 2027-03-04 | 2027-03-11 | 2027-03-18 | 2027-03-25 | 2027-04-01 | 2027-04-08,False,False,George,Garden Route,True,Camphersdrift Road (in the dip),"Camphersdrift Road, George",-33.959721,22.458715,town centroid,,,https://gtrtrails.run/gtr-runs/thursday-gtr-time-trial/,GTR (official site),https://www.strava.com/clubs/GTRtrails,,"Weekly time trial, rain or shine. Join the GTR Strava club; first-timers get a number via 081 366 4394. Site also lists a 5 km Garden Route Dam route. Dogs on leash; kids under 12 accompanied. No cost published.",2026-10-08
2026-10-08-open-mic-night-at-beach-house-wilderness-thursdays,Open Mic Night at Beach House Wilderness (Thursdays),concert,scheduled,,2026-10-08,2027-04-08,18:00-22:00,"Every Thursday, 18:00-22:00",2026-10-08 | 2026-10-15 | 2026-10-22 | 2026-10-29 | 2026-11-05 | 2026-11-12 | 2026-11-19 | 2026-11-26 | 2026-12-03 | 2026-12-10 | 2026-12-17 | 2026-12-24 | 2026-12-31 | 2027-01-07 | 2027-01-14 | 2027-01-21 | 2027-01-28 | 2027-02-04 | 2027-02-11 | 2027-02-18 | 2027-02-25 | 2027-03-04 | 2027-03-11 | 2027-03-18 | 2027-03-25 | 2027-04-01 | 2027-04-08,False,False,Wilderness,Garden Route,True,Beach House Bar & Kitchen (Wilderness Beach House Backpackers),"Sands Road, Leentjiesklip, Wilderness",-33.993238,22.578632,town centroid,Free entry,,https://wildernessbeachhouse.com/bar-kitchen/,Wilderness Beach House (official site),https://wildernessbeachhouse.com/,,"Run with One Two Sound Solutions; sign up at the bar from 18:00, house PA and amps available.",2026-10-08
2026-10-08-quiz-night-at-hennie-s-george-thursdays,Quiz Night at Hennie's George (Thursdays),quiz,scheduled,,2026-10-08,2027-04-08,19:00,"Every Thursday, 19:00",2026-10-08 | 2026-10-15 | 2026-10-22 | 2026-10-29 | 2026-11-05 | 2026-11-12 | 2026-11-19 | 2026-11-26 | 2026-12-03 | 2026-12-10 | 2026-12-17 | 2026-12-24 | 2026-12-31 | 2027-01-07 | 2027-01-14 | 2027-01-21 | 2027-01-28 | 2027-02-04 | 2027-02-11 | 2027-02-18 | 2027-02-25 | 2027-03-04 | 2027-03-11 | 2027-03-18 | 2027-03-25 | 2027-04-01 | 2027-04-08,False,False,George,Garden Route,True,Hennie's George,"42 York Street, George",-33.965872,22.451237,nominatim,,,https://www.therealhennies.co.za/branches/hennies-george,Hennie's George (official branch page),https://www.therealhennies.co.za/img/posters/whatson-oct-2026/george.jpg,images/2026-10-08-quiz-night-at-hennie-s-george-thursdays.webp,"Pub quiz night; prizes to be won, free entry (first come, first served). Hennie's October 2026 What's On poster says 'Every Thursday 19:00'; dates after October follow that weekly pattern and are not yet confirmed. Enquiries: 062 579 8350.",2026-10-08
2026-10-08-quiz-night-at-hennie-s-oudtshoorn-thursdays,Quiz Night at Hennie's Oudtshoorn (Thursdays),quiz,scheduled,,2026-10-08,2027-04-08,19:00,"Every Thursday, 19:00",2026-10-08 | 2026-10-15 | 2026-10-22 | 2026-10-29 | 2026-11-05 | 2026-11-12 | 2026-11-19 | 2026-11-26 | 2026-12-03 | 2026-12-10 | 2026-12-17 | 2026-12-24 | 2026-12-31 | 2027-01-07 | 2027-01-14 | 2027-01-21 | 2027-01-28 | 2027-02-04 | 2027-02-11 | 2027-02-18 | 2027-02-25 | 2027-03-04 | 2027-03-11 | 2027-03-18 | 2027-03-25 | 2027-04-01 | 2027-04-08,False,False,Oudtshoorn,Garden Route,True,Hennie's Oudtshoorn,"114 Baron van Rheede Street, Oudtshoorn",-33.590295,22.204206,town centroid,Free,,https://www.therealhennies.co.za/branches/hennies-oudtshoorn,Hennie's Oudtshoorn (official branch page),https://www.therealhennies.co.za/img/posters/whatson-oct-2026/oudtshoorn.jpg,images/2026-10-08-quiz-night-at-hennie-s-oudtshoorn-thursdays.webp,"Pub quiz night with prizes to be won; free entry, first come, first served. The branch's October 2026 What's On poster says 'Every Thursday 19:00' and the branch page lists the next quiz; dates after October follow that weekly pattern and are not yet confirmed. Enquiries: 078 884 7268.",2026-10-08
2026-10-09-powervan-mossel-bay-breakfast-lunch-rail-excursion,Powervan Mossel Bay breakfast/lunch rail excursion (Hartenbos → Glentana),nature,scheduled,,2026-10-09,2027-04-09,08:30 (breakfast trip),"Mon, Wed & Fri: breakfast 08:30 (lunch trip time not published)",2026-10-09 | 2026-10-12 | 2026-10-14 | 2026-10-16 | 2026-10-19 | 2026-10-21 | 2026-10-23 | 2026-10-26 | 2026-10-28 | 2026-10-30 | 2026-11-02 | 2026-11-04 | 2026-11-06 | 2026-11-09 | 2026-11-11 | 2026-11-13 | 2026-11-16 | 2026-11-18 | 2026-11-20 | 2026-11-23 | 2026-11-25 | 2026-11-27 | 2026-11-30 | 2026-12-02 | 2026-12-04 | 2026-12-07 | 2026-12-09 | 2026-12-11 | 2026-12-14 | 2026-12-16 | 2026-12-18 | 2026-12-21 | 2026-12-23 | 2026-12-25 | 2026-12-28 | 2026-12-30 | 2027-01-01 | 2027-01-04 | 2027-01-06 | 2027-01-08 | 2027-01-11 | 2027-01-13 | 2027-01-15 | 2027-01-18 | 2027-01-20 | 2027-01-22 | 2027-01-25 | 2027-01-27 | 2027-01-29 | 2027-02-01 | 2027-02-03 | 2027-02-05 | 2027-02-08 | 2027-02-10 | 2027-02-12 | 2027-02-15 | 2027-02-17 | 2027-02-19 | 2027-02-22 | 2027-02-24 | 2027-02-26 | 2027-03-01 | 2027-03-03 | 2027-03-05 | 2027-03-08 | 2027-03-10 | 2027-03-12 | 2027-03-15 | 2027-03-17 | 2027-03-19 | 2027-03-22 | 2027-03-24 | 2027-03-26 | 2027-03-29 | 2027-03-31 | 2027-04-02 | 2027-04-05 | 2027-04-07 | 2027-04-09,False,False,Hartenbos,Mossel Bay,True,"Hartenbos Station (Powervan Mossel Bay, ex Diaz Express)","Port Natal Avenue, Hartenbos",-34.119256,22.120665,nominatim,R250 (child R220),https://www.powervan.co.za/index.php/mosselbay/,https://www.powervan.co.za/index.php/mosselbay/,Outeniqua Powervan – Mossel Bay (official site),https://www.transplo.com/ZA/Hartenbos/775998325815871/Diaz-Express,,"Breakfast at Seeplaas; lunch at Santos Express from 1 Oct 2026. Rail-trolley excursion Hartenbos → Glentana / Great Brak along the coast, ~2.5 h. Bookings close at midnight the day before. Times are from Powervan Mossel Bay's Facebook posts (the website gives days and fares only). Its posts say trips run all year except the December school holidays - check before booking. Pensioner (Wed) and ATKV-guest rates R220. Tel 083 260 5716 / 082 450 7778.",2026-10-08
2026-10-09-carpe-musicam-magnificent-movie-music-george,Carpe Musicam! Magnificent Movie Music (George),concert,scheduled,,2026-10-09,,19:00,,,False,False,George,Garden Route,True,Laerskool George-Suid,,-33.968339,22.454867,nominatim,R180,https://carpemusicam.co.za/,https://www.georgeherald.com/Whatson,George Herald (What's On),,,"Concert orchestra & choir play film music. Adults R180, scholars R60.",2026-10-08
2026-10-10-meiringspoort-half-marathon-21-1-km-12-5-km,Meiringspoort Half Marathon (21.1 km & 12.5 km),funrun,scheduled,,2026-10-10,,,,,False,False,De Rust,Garden Route,True,Meiringspoort,"Meiringspoort, De Rust",-33.452779,22.559365,nominatim,,https://www.entryninja.com/events/83907-32nd-meiringspoort-2026,https://www.entryninja.com/events/83907-32nd-meiringspoort-2026,Entry Ninja,https://dash.streblainnovations.com/races/,images/2026-10-10-meiringspoort-half-marathon-21-1-km-12-5-km.webp,Spectacular poort road race through the Swartberg. Day-trip from George via the Outeniqua Pass / N12. Listed by Running Guy (Garden Route races dashboard).,2026-10-08
2026-10-10-wild-oats-community-farmers-market,Wild Oats Community Farmers' Market,market,scheduled,,2026-10-10,2027-04-03,07:30-12:00,"Every Saturday, 07:30-12:00 (summer hours)",2026-10-10 | 2026-10-17 | 2026-10-24 | 2026-10-31 | 2026-11-07 | 2026-11-14 | 2026-11-21 | 2026-11-28 | 2026-12-05 | 2026-12-12 | 2026-12-19 | 2026-12-26 | 2027-01-02 | 2027-01-09 | 2027-01-16 | 2027-01-23 | 2027-01-30 | 2027-02-06 | 2027-02-13 | 2027-02-20 | 2027-02-27 | 2027-03-06 | 2027-03-13 | 2027-03-20 | 2027-03-27 | 2027-04-03,False,False,Sedgefield,Garden Route,True,Wild Oats Community Farmers' Market,"Western outskirts of Sedgefield, cnr N2 & Jan van Riebeeck St (at Swartvlei)",-34.009806,22.778306,event page,Free entry,,https://www.wildoatsmarket.co.za/,Wild Oats Market (official site),https://www.georgeherald.com/Whatson | https://www.toodoo.co.za/wild-oats-community-farmers-market/,images/2026-10-10-wild-oats-community-farmers-market.webp,"Producer-only farmers' market since 1999: fresh produce, meats, cheeses, breads, breakfast. Open rain or shine; Facebook page confirms high-season hours.",2026-10-08
2026-10-10-kingswood-spring-fun-run-walk-for-pdsa-george,Kingswood Spring Fun Run/Walk for PDSA George,funrun,scheduled,,2026-10-10,,08:00,,,False,False,George,Garden Route,True,Kingswood Golf Estate,"Plattner Boulevard, George",-33.971507,22.445892,nominatim,,,https://www.estate-living.co.za/news/the-big-one-celebrating-our-community-centres-first-birthday/,Kingswood BUZZard (Estate Living),,,"First Kingswood Spring Fun Run/Walk, raising funds for PDSA George. Dress in spring colours/florals (best-dressed prize); kids welcome, one dog on a leash per person. Announced in the estate's homeowners' newsletter, so check with Kingswood whether non-residents can join.",2026-10-08
2026-10-10-sedgefield-mosaic-market,Sedgefield Mosaic Market,market,scheduled,,2026-10-10,2027-04-03,08:00,Every Saturday from 08:00,2026-10-10 | 2026-10-17 | 2026-10-24 | 2026-10-31 | 2026-11-07 | 2026-11-14 | 2026-11-21 | 2026-11-28 | 2026-12-05 | 2026-12-12 | 2026-12-19 | 2026-12-26 | 2027-01-02 | 2027-01-09 | 2027-01-16 | 2027-01-23 | 2027-01-30 | 2027-02-06 | 2027-02-13 | 2027-02-20 | 2027-02-27 | 2027-03-06 | 2027-03-13 | 2027-03-20 | 2027-03-27 | 2027-04-03,False,False,Sedgefield,Garden Route,True,Mosaic Village & Outdoor Market,"1.5 km west of Sedgefield at the Engen petrol station, N2",-34.010211,22.779782,nominatim,Free entry,,https://www.toodoo.co.za/the-sedgefield-mosaic-market/,toodoo.co.za,https://www.visitknysna.co.za/experiences/food-drink/discover-the-markets-of-the-greater-knysna-area/,images/2026-10-10-sedgefield-mosaic-market.webp,"Crafts, art, food stalls, coffee and live music next to Wild Oats. Pet friendly (on lead).",2026-10-08
2026-10-10-harkerville-saturday-market,Harkerville Saturday Market,market,scheduled,,2026-10-10,2026-12-26,08:00-12:00,"Every Saturday, 08:00-12:00",2026-10-10 | 2026-10-17 | 2026-10-24 | 2026-10-31 | 2026-11-07 | 2026-11-14 | 2026-11-21 | 2026-11-28 | 2026-12-05 | 2026-12-12 | 2026-12-19 | 2026-12-26,False,False,Plettenberg Bay,Garden Route,True,Harkerville Saturday Market,N2 between Plettenberg Bay and Knysna (Harkerville),-34.052778,23.369444,town centroid,Free entry,,https://showme.co.za/plett/event/harkerville-saturday-market/,ShowMe Plettenberg Bay,https://www.harkervillemarket.co.za/ | https://www.visitknysna.co.za/experiences/food-drink/discover-the-markets-of-the-greater-knysna-area/,images/2026-10-10-harkerville-saturday-market.webp,"Weekly country market: artisan breads, farm produce, cheeses, crafts, breakfast. ShowMe lists Saturdays to 31 Dec 2026.",2026-10-08
2026-10-10-saturday-market-at-johnson-s-post,Saturday Market at Johnson's Post,market,scheduled,,2026-10-10,2026-12-19,08:00-12:00,"Every second Saturday, 08:00-12:00",2026-10-10 | 2026-10-24 | 2026-11-07 | 2026-11-21 | 2026-12-05 | 2026-12-19,False,False,Mossel Bay,Mossel Bay,True,"Johnson's Post, Voelvlei","Between Vleesbaai and Gouritsmond, Mossel Bay district",-34.183202,22.153625,town centroid,,,https://visitmosselbay.co.za/event/saturday-market-at-johnsons-post-2/2026-10-10/,Visit Mossel Bay (tourism calendar),,images/2026-10-10-saturday-market-at-johnson-s-post.webp,"Country market at a family store: coffee, cakes, pancakes, wors, gifts and shopping stalls. Map pin approximate (Mossel Bay).",2026-10-08
2026-10-10-outeniqua-family-market,Outeniqua Family Market,market,scheduled,,2026-10-10,2027-04-03,08:00-14:00,"Every Saturday, 08:00-14:00",2026-10-10 | 2026-10-17 | 2026-10-24 | 2026-10-31 | 2026-11-07 | 2026-11-14 | 2026-11-21 | 2026-11-28 | 2026-12-05 | 2026-12-12 | 2026-12-19 | 2026-12-26 | 2027-01-02 | 2027-01-09 | 2027-01-16 | 2027-01-23 | 2027-01-30 | 2027-02-06 | 2027-02-13 | 2027-02-20 | 2027-02-27 | 2027-03-06 | 2027-03-13 | 2027-03-20 | 2027-03-27 | 2027-04-03,False,False,George,Garden Route,True,Outeniqua Family Market,"Outeniqua Farm, N2 opposite Garden Route Mall, George",-33.984085,22.510916,nominatim,Free entry,,https://www.outeniquafamilymarket.co.za/,Outeniqua Family Market (official site),https://visitgeorge.co.za/directory/outeniqua-family-market/,images/2026-10-10-outeniqua-family-market.webp,"130+ food and craft stalls, live entertainment, nursery and kids' play park. Car boot sale every first Saturday of the month.",2026-10-08
2026-10-10-outeniqua-powervan-mountain-rail-trip-george-satur,"Outeniqua Powervan mountain rail trip, George (Saturdays)",nature,scheduled,,2026-10-10,2027-04-03,"08:30, 09:00, 12:00 & 12:30","Saturdays, departures 08:30, 09:00, 12:00 & 12:30 (1 Sep-30 Apr timetable)",2026-10-10 | 2026-10-17 | 2026-10-24 | 2026-10-31 | 2026-11-07 | 2026-11-14 | 2026-11-21 | 2026-11-28 | 2026-12-05 | 2026-12-12 | 2026-12-19 | 2026-12-26 | 2027-01-02 | 2027-01-09 | 2027-01-16 | 2027-01-23 | 2027-01-30 | 2027-02-06 | 2027-02-13 | 2027-02-20 | 2027-02-27 | 2027-03-06 | 2027-03-13 | 2027-03-20 | 2027-03-27 | 2027-04-03,False,False,George,Garden Route,True,Outeniqua Transport Museum (Powervan George),"2 Mission Road, George",-33.967107,22.477017,nominatim,R250 (child R220),https://www.powervan.co.za/index.php/george/,https://www.powervan.co.za/index.php/george/,Outeniqua Powervan (official site),https://visitgeorge.co.za/directory/outeniqua-power-van/,,"Rail-trolley trip up the Outeniqua Mountains to 'Topping' and back, ~2.5 h incl. ~30 min picnic stop at Power (bring a picnic). Bookings essential; report 30 min before departure. Fares R250 adult / R220 child 3-15 (valid 1 May-30 Nov 2026; later fares not yet published). Wednesday pensioner discount (not in school holidays). Public holidays use Saturday times. Departure point was temporarily moved to George Station during the 2026 museum closure - confirm when booking. WhatsApp 082 490 5627.",2026-10-08
2026-10-10-misty-valley-octoberfest,Misty Valley Octoberfest,festival,scheduled,,2026-10-10,,09:00,,,False,False,Mossel Bay,Mossel Bay,True,Misty Valley Farm,"Misty Valley Farm, Brandwacht, Mossel Bay",-34.183202,22.153625,town centroid,Free entry,,https://visitmosselbay.co.za/event/misty-valley-octoberfest/2026-10-10/,Visit Mossel Bay (tourism calendar),https://www.ontheroute.co.za/your-garden-route-event-guide-1-october/,images/2026-10-10-misty-valley-octoberfest.webp,"Craft beer, food, live music; runs on Saturdays in October.",2026-10-08
2026-10-10-midbrak-mark-saturday-market,Midbrak-mark (Saturday market),market,scheduled,,2026-10-10,2027-02-27,09:00-13:00,"Every Saturday, 09:00-13:00",2026-10-10 | 2026-10-17 | 2026-10-24 | 2026-10-31 | 2026-11-07 | 2026-11-14 | 2026-11-21 | 2026-11-28 | 2026-12-05 | 2026-12-12 | 2026-12-19 | 2026-12-26 | 2027-01-02 | 2027-01-09 | 2027-01-16 | 2027-01-23 | 2027-01-30 | 2027-02-06 | 2027-02-13 | 2027-02-20 | 2027-02-27,False,False,Groot Brak,Mossel Bay,True,OpiSpoor Pub & Grill,Groot-Brakrivier station,-34.050545,22.234153,nominatim,,,https://www.georgeherald.com/Whatson,George Herald (What's On),,images/2026-10-10-midbrak-mark-saturday-market.webp,Weekly Saturday market at OpiSpoor Pub & Grill by the Great Brak River station.,2026-10-08
2026-10-10-brinkleys-mark-saturday-market,Brinkleys-mark (Saturday market),market,scheduled,,2026-10-10,2027-02-27,09:00-14:00,"Every Saturday, 09:00-14:00",2026-10-10 | 2026-10-17 | 2026-10-24 | 2026-10-31 | 2026-11-07 | 2026-11-14 | 2026-11-21 | 2026-11-28 | 2026-12-05 | 2026-12-12 | 2026-12-19 | 2026-12-26 | 2027-01-02 | 2027-01-09 | 2027-01-16 | 2027-01-23 | 2027-01-30 | 2027-02-06 | 2027-02-13 | 2027-02-20 | 2027-02-27,False,False,Klein Brak,Mossel Bay,True,Brinkleys River Village,Klein-Brakrivier,-34.087778,22.147778,town centroid,,,https://www.georgeherald.com/Whatson,George Herald (What's On),,images/2026-10-10-brinkleys-mark-saturday-market.webp,"40+ stalls with fresh produce, handmade items, food and coffee every Saturday.",2026-10-08
2026-10-10-knysna-rnb-soul-and-afro-pop-2026,"Knysna RnB, Soul and Afro-Pop 2026",festival,scheduled,,2026-10-10,,10:00-22:00,,,False,False,Knysna,Garden Route,True,Loerie Park,,-34.047721,23.067894,nominatim,R150,,https://www.toodoo.co.za/knysna-rnb-soul-and-afro-pop-2026/,toodoo.co.za,,images/2026-10-10-knysna-rnb-soul-and-afro-pop-2026.webp,Full-day R&B/soul/Afro-pop festival; tickets via Computicket per listing.,2026-10-08
2026-10-10-tsitsikamma-manor-colour-festival,Tsitsikamma Manor Colour Festival,festival,scheduled,,2026-10-10,,12:00,,,False,False,Storms River,Garden Route,True,Tsitsikamma Manor,"74 Denne Street, 6308, Stormsrivier, Eastern Cape, South Africa",-33.97184,23.87897,event page,,https://www.quicket.co.za/events/393493-tsitsikamma-manor-colour-festival/#tickets,https://www.quicket.co.za/events/393493-tsitsikamma-manor-colour-festival/,Quicket,,images/2026-10-10-tsitsikamma-manor-colour-festival.webp,Colour festival with music.,2026-10-08
2026-10-10-jo-black-live-at-reedvalley,Jo Black Live at ReedValley,concert,scheduled,,2026-10-10,,20:00,,,False,False,Mossel Bay,Mossel Bay,True,ReedValley,"ReedValley Farm, R327, Mossel Bay",-34.183202,22.153625,town centroid,R220,,https://visitmosselbay.co.za/event/jo-black-live-at-reedvalley/,Visit Mossel Bay (tourism calendar),,images/2026-10-10-jo-black-live-at-reedvalley.webp,,2026-10-08
2026-10-10-hemelruim-desert-disco-open-air-concert-spoegwolf-,"Hemelruim – desert disco open-air concert (Spoegwolf, Tasché, Noemwoord)",concert,scheduled,,2026-10-10,,"Gates 17:00, music 18:00",,,False,False,Oudtshoorn,Garden Route,True,Oudtshoorn Sports Grounds (REC),,-33.590295,22.204206,town centroid,R295,,https://www.ontheroute.co.za/your-garden-route-event-guide-1-october/,On The Route (Garden Route event guide),https://www.diehoorn.com/nuus/hemelruim-bring-woestyn-disko/,images/2026-10-10-hemelruim-desert-disco-open-air-concert-spoegwolf-.webp,"Tickets at Computicket, Checkers, Shoprite, Usave; cheaper in advance. Klein Karoo, listed in Garden Route guide.",2026-10-08
2026-10-10-iloveboobies-secret-swim-2026-plettenberg-bay,ILoveBoobies Secret Swim 2026 – Plettenberg Bay,community,scheduled,,2026-10-10,,"Gather 07:30, briefing 08:00",,,False,False,Plettenberg Bay,Garden Route,True,Secret beach location (pin sent at 21:00 the night before),Plettenberg Bay,-34.052778,23.369444,town centroid (exact spot kept secret),R200,https://www.iloveboobies.co.za/products/secret-swim-2026-choose-your-location,https://www.iloveboobies.co.za/pages/2026-secret-swim,ILoveBoobies ZA NPC (official site),https://www.knysna.n2rs.com/knysna-diary-october.html,images/2026-10-10-iloveboobies-secret-swim-2026-plettenberg-bay.webp,"Women-only, phone-free 90-minute sea dip (not a race) honouring breast-cancer fighters, survivors and those lost; female lifesavers at every venue. R200 donation funds free breast screenings in underserved communities. Register online; the exact spot is emailed and messaged at 21:00 on 9 October. Bring a plate or snacks to share afterwards.",2026-10-08
2026-10-10-iloveboobies-secret-swim-2026-sedgefield,ILoveBoobies Secret Swim 2026 – Sedgefield,community,scheduled,,2026-10-10,,"Gather 07:30, briefing 08:00",,,False,False,Sedgefield,Garden Route,True,Secret beach location (pin sent at 21:00 the night before),Sedgefield,-34.015606,22.802768,town centroid (exact spot kept secret),R200,https://www.iloveboobies.co.za/products/secret-swim-2026-choose-your-location,https://www.iloveboobies.co.za/pages/2026-secret-swim,ILoveBoobies ZA NPC (official site),https://www.knysna.n2rs.com/knysna-diary-october.html,images/2026-10-10-iloveboobies-secret-swim-2026-sedgefield.webp,"Women-only, phone-free 90-minute sea dip (not a race) honouring breast-cancer fighters, survivors and those lost; female lifesavers at every venue. R200 donation funds free breast screenings in underserved communities. Register online; the exact spot is emailed and messaged at 21:00 on 9 October. Bring a plate or snacks to share afterwards.",2026-10-08
2026-10-10-mossmarch-2026-community-walk,MossMarch 2026 – community walk,funrun,scheduled,,2026-10-10,,Registration from 07:00,,,False,False,Hartenbos,Mossel Bay,True,Hartenbos Seefront,"156 Paardekraal Ave, Hartenbos",-34.126826,22.117948,nominatim,Free (bring a food/sock donation),,https://visitmosselbay.co.za/event/moss-march-2026/,Visit Mossel Bay (tourism calendar),,images/2026-10-10-mossmarch-2026-community-walk.webp,"Walk with purpose, part of the Mossel Bay Sport and Recreation Festival; open to all. Donations of non-perishable food and socks instead of an entry fee.",2026-10-08
2026-10-11-show-ground-sunday-market,Show Ground Sunday (market),market,scheduled,,2026-10-11,2027-02-28,09:00-14:00,"Every 2nd Sunday, 09:00-14:00",2026-10-11 | 2026-10-25 | 2026-11-08 | 2026-11-22 | 2026-12-06 | 2026-12-20 | 2027-01-03 | 2027-01-17 | 2027-01-31 | 2027-02-14 | 2027-02-28,False,False,George,Garden Route,True,George Show Ground,"R102 Airport Road, George",-33.959721,22.458715,town centroid,Free entry,,https://www.georgeherald.com/Whatson,George Herald (What's On),,images/2026-10-11-show-ground-sunday-market.webp,"Local stalls, food and family fun; kids and dogs welcome. Fortnightly on Sundays (dates as listed in the Herald diary). Info: Etienne 061 044 1993.",2026-10-08
2026-10-11-sunday-sessions-live-music-at-beach-house-wilderne,Sunday Sessions – live music at Beach House Wilderness,concert,scheduled,,2026-10-11,2027-04-04,15:00-18:00,"Every Sunday, 15:00-18:00",2026-10-11 | 2026-10-18 | 2026-10-25 | 2026-11-01 | 2026-11-08 | 2026-11-15 | 2026-11-22 | 2026-11-29 | 2026-12-06 | 2026-12-13 | 2026-12-20 | 2026-12-27 | 2027-01-03 | 2027-01-10 | 2027-01-17 | 2027-01-24 | 2027-01-31 | 2027-02-07 | 2027-02-14 | 2027-02-21 | 2027-02-28 | 2027-03-07 | 2027-03-14 | 2027-03-21 | 2027-03-28 | 2027-04-04,False,False,Wilderness,Garden Route,True,Beach House Bar & Kitchen (Wilderness Beach House Backpackers),"Sands Road, Leentjiesklip, Wilderness",-33.993238,22.578632,town centroid,Free entry,,https://wildernessbeachhouse.com/live-music/,Wilderness Beach House (official site),https://www.toodoo.co.za/sunday-sessions-live-music/,,"Local and touring acts on the ocean-view deck, wood-fired pizza. Walk-in only (no table bookings). Weekly series; individual acts for upcoming dates not yet announced.",2026-10-08
2026-10-11-magnificent-movie-music-carpe-musicam-concert-orch,Magnificent Movie Music – Carpe Musicam! Concert Orchestra & Choir,concert,scheduled,,2026-10-11,,15:30-19:00,,,False,False,Mossel Bay,Mossel Bay,True,Dias Museum,"1 Market Street, Mossel Bay",-34.180399,22.1421,nominatim,,https://paystack.com/buy/11oct-mmm,https://visitmosselbay.co.za/event/magnificent-movie-music/,Visit Mossel Bay (tourism calendar),,images/2026-10-11-magnificent-movie-music-carpe-musicam-concert-orch.webp,Film scores performed live (the Sedgefield show on 4 Oct was R180).,2026-10-08
2026-10-12-gtr-monday-social-trail-run-8-km,GTR Monday Social Trail Run (~8 km),funrun,scheduled,,2026-10-12,2027-04-05,17:40,"Every Monday, 17:40",2026-10-12 | 2026-10-19 | 2026-10-26 | 2026-11-02 | 2026-11-09 | 2026-11-16 | 2026-11-23 | 2026-11-30 | 2026-12-07 | 2026-12-14 | 2026-12-21 | 2026-12-28 | 2027-01-04 | 2027-01-11 | 2027-01-18 | 2027-01-25 | 2027-02-01 | 2027-02-08 | 2027-02-15 | 2027-02-22 | 2027-03-01 | 2027-03-08 | 2027-03-15 | 2027-03-22 | 2027-03-29 | 2027-04-05,False,False,George,Garden Route,True,Garden Route Trail Running (route varies),George (route posted on GTR WhatsApp group before 12:00 on the day),-33.959721,22.458715,town centroid,,,https://gtrtrails.run/gtr-runs/monday-social-runs/,GTR (official site),https://www.strava.com/clubs/GTRtrails,,"Social group trail run, ~8 km circular, 1-2 h; nobody left behind. Route & start announced on the GTR WhatsApp group. Dogs on leash. No cost published.",2026-10-08
2026-10-12-birdlife-plett-talk-dinner-chanel-visser-seabirds-,"BirdLife Plett talk & dinner: Chanel Visser – Seabirds in Need: Rescue, Research and Recovery",nature,scheduled,,2026-10-12,,"17:45 arrival, 18:00 talk, 19:30 dinner",,,False,False,Plettenberg Bay,Garden Route,True,Plettenberg Bay Country Club,"Piesang Valley Road, Plettenberg Bay",-34.065111,23.350502,nominatim,R50,https://birdlife-plett.co.za/event/dinner-presentation-talk-chanel-visser-seabirds-in-need/,https://birdlife-plett.co.za/event/dinner-presentation-talk-chanel-visser-seabirds-in-need/,BirdLife Plettenberg Bay (official site),,images/2026-10-12-birdlife-plett-talk-dinner-chanel-visser-seabirds-.webp,"CapeNature marine ranger Chanel Visser, coordinator of the Plett Marine Stranding Network, on seabird strandings along the Garden Route: which species strand and why, how to tell a resting bird from one in distress, and how to respond safely. Talk and dinner R200 members / R220 non-members (dinner bookings close Thu 8 Oct); talk only R50 members / R60 non-members. Bookings via Quicket only (link on the club's event page); enquiries Jenny Wilson 083 388 5006. Cash bar.",2026-10-08
2026-10-12-just-julie-a-retrospective,Just Julie - A Retrospective,concert,scheduled,,2026-10-12,,19:00,,,False,False,Sedgefield,Garden Route,True,Sedgefield - In Toto Retreat,"55 Jan Van Riebeeck Street, The Island, 6573, Sedgefield, Western Cape, South Africa",-34.01832,22.774677,event page,,https://www.quicket.co.za/events/391548-just-julie-a-retrospective/#tickets,https://www.quicket.co.za/events/391548-just-julie-a-retrospective/,Quicket,,images/2026-10-12-just-julie-a-retrospective.webp,,2026-10-08
2026-10-13-gtr-tuesday-time-trial-mossel-bay-5-km-3-km,GTR Tuesday Time Trial Mossel Bay (5 km / 3 km),funrun,scheduled,,2026-10-13,2027-04-06,17:30 (walkers 17:15),"Every Tuesday, runners 17:30 / walkers 17:15",2026-10-13 | 2026-10-20 | 2026-10-27 | 2026-11-03 | 2026-11-10 | 2026-11-17 | 2026-11-24 | 2026-12-01 | 2026-12-08 | 2026-12-15 | 2026-12-22 | 2026-12-29 | 2027-01-05 | 2027-01-12 | 2027-01-19 | 2027-01-26 | 2027-02-02 | 2027-02-09 | 2027-02-16 | 2027-02-23 | 2027-03-02 | 2027-03-09 | 2027-03-16 | 2027-03-23 | 2027-03-30 | 2027-04-06,False,False,Mossel Bay,Mossel Bay,True,Mossel Bay Sports Ground (Bruns Street entrance),"Bruns Street, Mossel Bay",-34.183202,22.153625,town centroid,,,https://www.strava.com/clubs/GTRtrails,GTR club page on Strava (official),,,Listed on GTR's official Strava club page; not on the GTR website itself.,2026-10-08
2026-10-14-cula-presents-david-vs-goliath-ultimate-wine-battl,Cula presents David vs Goliath – Ultimate Wine Battle (Cederberg vs De Grendel),restaurant,scheduled,,2026-10-14,,,,,False,False,George,Garden Route,True,Cula Restaurant & Bar,"Shop 22, Outeniqua Village, Saint George's Rd, George",-33.980059,22.493779,nominatim,R695,https://cula.co.za/reservations/,https://www.cula.co.za/,"Cula (official site, specials poster)",,,Wine pairing evening with David Nieuwoudt (Cederberg) and Charles Hopkins (De Grendel). R695 pp. Book: 044 630 0701 / reservations@cula.co.za. Start time not published.,2026-10-08
2026-10-14-garden-route-trivia-league-quiz-at-knysna-distille,Garden Route Trivia League quiz at Knysna Distillery (2nd-5th Wednesdays),quiz,scheduled,,2026-10-14,2027-03-31,,"2nd, 3rd, 4th (+5th) Wednesdays",2026-10-14 | 2026-10-21 | 2026-10-28 | 2026-11-11 | 2026-11-18 | 2026-11-25 | 2026-12-09 | 2026-12-16 | 2026-12-23 | 2026-12-30 | 2027-01-13 | 2027-01-20 | 2027-01-27 | 2027-02-10 | 2027-02-17 | 2027-02-24 | 2027-03-10 | 2027-03-17 | 2027-03-24 | 2027-03-31,False,False,Knysna,Garden Route,True,Knysna Distillery,"5 Uil Street, Knysna Industria, Knysna",-34.044881,23.072777,nominatim,,,https://www.knysna.n2rs.com/knysna-diary-october.html,"Knysna Diary (n2rs.com), October 2026",,,"Garden Route Trivia League team quiz run by Craft Quiz Nights: suitable for all ages, teams of 4 to 6 ideal (no minimum or maximum), prizes sponsored by the venue and Craft Quiz Nights. Listed in the Knysna Diary for October 2026 as '2nd, 3rd, 4th (+5th) Wednesdays'; later dates follow that pattern and aren't individually confirmed. No start time published; contact 082 335 9406.",2026-10-08
2026-10-14-danabay-arts-crafts-mini-market,DanaBay Arts & Crafts Mini Market,market,scheduled,,2026-10-14,2026-10-28,09:00-16:00,14 & 28 October (Mossel Bay Arts Month),2026-10-14 | 2026-10-28,False,False,Mossel Bay,Mossel Bay,True,DanaBay Community Hall,"Distans Street, DanaBay, Mossel Bay",-34.183202,22.153625,town centroid,,,https://visitmosselbay.co.za/event/arts-craft-mini-market/2026-10-14/,Visit Mossel Bay (tourism calendar),,images/2026-10-14-danabay-arts-crafts-mini-market.webp,Local artists' work for sale plus food vendors.,2026-10-08
2026-10-14-becoming-king-arthur,Becoming King Arthur,musical,scheduled,,2026-10-14,2026-10-16,18:00,,,False,False,Knysna,Garden Route,True,Forest Edge Schools,"Trotter Street (Opposite the Knysna High School Fields), Knysna Central, 6571, Knysna, Western Cape, South Africa",-34.03798,23.044344,event page,,https://www.quicket.co.za/events/395253-becoming-king-arthur/#tickets,https://www.quicket.co.za/events/395253-becoming-king-arthur/,Quicket,,images/2026-10-14-becoming-king-arthur.webp,Forest Edge Schools musical production.,2026-10-08
2026-10-15-mossel-bay-mayor-s-breakfast-october-with-dr-ivan-,Mossel Bay Mayor's Breakfast (October) with Dr Ivan Meyer,community,scheduled,,2026-10-15,,08:30-11:00,,,False,False,Mossel Bay,Mossel Bay,True,Mossel Bay Golf Club,"Mossel Bay Golf Club, Mossel Bay",-34.19134,22.127923,nominatim,,,https://www.georgeherald.com/Whatson,George Herald (What's On),,images/2026-10-15-mossel-bay-mayor-s-breakfast-october-with-dr-ivan-.webp,"Monthly mayoral breakfast; guest speaker is Western Cape Minister of Agriculture, Economic Development and Tourism Dr Ivan Meyer. Bookings: Aydn Parrott 079 149 4703 (WhatsApp) or mayoroffice@mosselbay.gov.za.",2026-10-08
2026-10-16-posboom-philatelic-society-60th-anniversary-inter-,Posboom Philatelic Society 60th anniversary inter-club stamp exhibition,arts,scheduled,,2026-10-16,,Public viewing 14:00-16:00,,,False,False,Mossel Bay,Mossel Bay,True,"Granary Hall, Bartolomeu Dias Museum","Bartolomeu Dias Museum Complex, Market Street, Mossel Bay",-34.183202,22.153625,town centroid,Free,,https://www.georgeherald.com/Whatson,George Herald (What's On),,images/2026-10-16-posboom-philatelic-society-60th-anniversary-inter-.webp,"Stamp clubs from Mossel Bay, George and Stilbaai meet (10:00-12:30); the exhibits are open to the public free of charge from 14:00 to 16:00.",2026-10-08
2026-10-17-fancourt-marathon-42-2-km-21-1-km,Fancourt Marathon (42.2 km & 21.1 km),funrun,scheduled,,2026-10-17,,,,,False,False,George,Garden Route,True,The Ridge at Fancourt,"Fancourt, George",-33.96791,22.410671,nominatim,,https://www.entryninja.com/events/83786-fancourt-marathon,https://www.entryninja.com/events/83786-fancourt-marathon,Entry Ninja,https://dash.streblainnovations.com/races/,images/2026-10-17-fancourt-marathon-42-2-km-21-1-km.webp,"Home-soil marathon from The Ridge at Fancourt. Mix of tar, dirt tracks and farm roads — gravel shoes optional. Entries close 10 Oct. Excellent local A-race. Price hint from Running Guy (unverified): R350 — confirm on the entry page. Optional paid race t-shirts (Half/Full Marathon editions) available via Entry Ninja shop at R350 — not included with entry. Medals included. Listed by Running Guy (Garden Route races dashboard).",2026-10-08
2026-10-17-klein-karoo-dust-4-glory-challenge-family-obstacle,Klein Karoo Dust 4 Glory Challenge (family obstacle & trail event),funrun,scheduled,,2026-10-17,,06:00,,,False,False,Oudtshoorn,Garden Route,True,Wilgewandel Holiday Farm,"Wilgewandel Holiday Farm, Schoemanshoek, Oudtshoorn",-33.590295,22.204206,town centroid,,,https://www.georgeherald.com/Whatson,George Herald (What's On),,images/2026-10-17-klein-karoo-dust-4-glory-challenge-family-obstacle.webp,"Fitness challenge with a choice of distances, trail running routes and safe obstacle courses for kids and families; on-site catering. Entries via Entry Ninja (limited).",2026-10-08
2026-10-17-birdlife-plett-birding-walk-october,BirdLife Plett birding walk (October),nature,scheduled,,2026-10-17,,07:30-11:00,,,False,False,Plettenberg Bay,Garden Route,True,Venue to be confirmed,Plettenberg Bay area,-34.052778,23.369444,town centroid (venue to be confirmed),,,https://birdlife-plett.co.za/event/birding-walk-october-venue-to-be-confirmed/,BirdLife Plettenberg Bay (official site),,images/2026-10-17-birdlife-plett-birding-walk-october.webp,Monthly morning birding walk by BirdLife Plettenberg Bay. The venue is still to be confirmed on the club's event page; contact info@birdlife-plett.co.za or 082 878 6662 to join. The club notes that Garden Route weather can force last-minute changes.,2026-10-08
2026-10-17-pink-walk-sedgefield-oct-2026,Pink Walk Sedgefield Oct 2026,funrun,scheduled,,2026-10-17,,08:30,,,False,False,Sedgefield,Garden Route,True,Engen Sedgefield,"N2, The Island, 6525, Sedgefield, Western Cape, South Africa",-34.010025,22.780626,event page,,https://www.quicket.co.za/events/361367-pink-walk-sedgefield-oct-2026/#tickets,https://www.quicket.co.za/events/361367-pink-walk-sedgefield-oct-2026/,Quicket,,images/2026-10-17-pink-walk-sedgefield-oct-2026.webp,4.5 km community walk for breast cancer awareness.,2026-10-08
2026-10-17-misty-valley-octoberfest,Misty Valley Octoberfest,festival,scheduled,,2026-10-17,,09:00,,,False,False,Mossel Bay,Mossel Bay,True,Misty Valley Farm,"Misty Valley Farm, Brandwacht, Mossel Bay",-34.183202,22.153625,town centroid,Free entry,,https://visitmosselbay.co.za/event/misty-valley-octoberfest/2026-10-17/,Visit Mossel Bay (tourism calendar),https://www.ontheroute.co.za/your-garden-route-event-guide-1-october/,images/2026-10-17-misty-valley-octoberfest.webp,"Craft beer, food, live music; runs on Saturdays in October.",2026-10-08
2026-10-17-plett-games-2026,Plett Games 2026,festival,scheduled,,2026-10-17,,10:00-17:00,,,False,False,Plettenberg Bay,Garden Route,True,Greenwood Bay College,,-34.052778,23.369444,town centroid,R30,,https://www.plett-tourism.co.za/events/plett-games/,Plett Tourism,,images/2026-10-17-plett-games-2026.webp,"Family-friendly team challenge festival with live music by the Bitou River Band, beer garden and kids' areas.",2026-10-08
2026-10-17-john-masser-live-at-hennie-s-george,John Masser live at Hennie's George,concert,scheduled,,2026-10-17,,18:00,,,False,False,George,Garden Route,True,Hennie's George,"42 York Street, George",-33.965872,22.451237,nominatim,Free,,https://www.therealhennies.co.za/img/posters/whatson-oct-2026/george.jpg,Hennie's George (October 2026 What's On poster),https://www.therealhennies.co.za/branches/hennies-george,images/2026-10-17-john-masser-live-at-hennie-s-george.webp,"Live music at Hennie's George. Free entry, first come, first served (per the branch's October 2026 What's On poster).",2026-10-08
2026-10-17-espectaculo-marlise-s-school-of-spanish-dance,Espectáculo: Marlise's School of Spanish Dance,arts,scheduled,,2026-10-17,,18:30,,,False,False,George,Garden Route,True,Market Community Theatre,"Market Community Theatre, George",-33.977784,22.495311,event page,R150,https://www.webtickets.co.za/v2/event.aspx?itemid=1598588884,https://www.webtickets.co.za/v2/event.aspx?itemid=1598588884,Webtickets,https://www.georgeherald.com/Whatson,images/2026-10-17-espectaculo-marlise-s-school-of-spanish-dance.webp,An evening of colourful Spanish (flamenco) dance by Marlise's School of Spanish Dance.,2026-10-08
2026-10-17-redberry-farm-trail-run-5-km-9-km-for-up-with-down,Redberry Farm Trail Run (5 km / 9 km) for Up with Down's,funrun,scheduled,,2026-10-17,,"Entry from 07:15, start 08:00",,,False,False,George,Garden Route,True,Redberry Farm,"Geelhoutboom Road, Blanco, George",-33.958814,22.382556,nominatim,R30,,https://www.redberryfarm.co.za/whats-on/,Redberry Farm (official site),,,"Fun trail run through strawberry and kiwi fields; not timed or accredited. 5 km R30, 9 km R50, entry on the day. No dogs.",2026-10-08
2026-10-18-re-max-10th-garden-route-kite-festival,RE/MAX 10th Garden Route Kite Festival,festival,scheduled,,2026-10-18,,09:30,,,False,False,Sedgefield,Garden Route,True,Scarab Village,,-34.010201,22.781656,nominatim,,,https://www.visitknysna.co.za/whats-on/events/garden-route-kite-festival-3/,Visit Knysna,https://www.ontheroute.co.za/your-garden-route-event-guide-1-october/ | https://www.toodoo.co.za/garden-route-kite-festival-2026/,images/2026-10-18-re-max-10th-garden-route-kite-festival.webp,"International kite flyers, family day.",2026-10-08
2026-10-18-essen-cathedral-boys-choir-in-concert-with-the-sou,Essen Cathedral Boys' Choir in Concert with the South Cape Children's & Youth Choirs,concert,scheduled,,2026-10-18,,18:00,,,False,False,George,Garden Route,True,"NG Moederkerk, George","DR Mother Church Hall, Corner of Courtney and Church Streets, George Central. , 6529, George, Western Cape, South Africa",-33.95729,22.46322,event page,,https://www.quicket.co.za/events/401035-essen-cathedral-boys-choir-in-concert-with-the-south-cape-childrens-youth-choirs/#tickets,https://www.quicket.co.za/events/401035-essen-cathedral-boys-choir-in-concert-with-the-south-cape-childrens-youth-choirs/,Quicket,,images/2026-10-18-essen-cathedral-boys-choir-in-concert-with-the-sou.webp,,2026-10-08
2026-10-18-oppi-pot-comedy-with-johnnie-campher,Oppi Pot: comedy with Johnnie Campher,arts,scheduled,,2026-10-18,,18:00,,,False,False,Mossel Bay,Mossel Bay,True,Mossel Bay Town Hall,"Marsh Street, Mossel Bay",-34.182397,22.139737,nominatim,,,https://www.georgeherald.com/Whatson,George Herald (What's On),,images/2026-10-18-oppi-pot-comedy-with-johnnie-campher.webp,Comedian Johnnie Campher's new show. Tickets on Webtickets or at Pick n Pay stores. Enquiries: 082 375 1910.,2026-10-08
2026-10-19-schalk-bezuidenhout-hey-hey-divorce-at-fancourt-st,Schalk Bezuidenhout: Hey Hey Divorcé at Fancourt (stand-up comedy),arts,scheduled,,2026-10-19,,19:00-21:00,,,False,False,George,Garden Route,True,The Ballroom at Fancourt,"Montagu St, Blanco, George",-33.955852,22.414246,event page,,https://www.quicket.co.za/events/398647-schalk-bezuidenhout/,https://www.quicket.co.za/events/398647-schalk-bezuidenhout/,Quicket,https://www.quicket.co.za/events/398017-hey-hey-divorc/ | https://fancourt.co.za/events1/schalk-bezuidenhout/,images/2026-10-19-schalk-bezuidenhout-hey-hey-divorce-at-fancourt-st.webp,An evening of comedy with a little Fancourt flair: Schalk brings Hey Hey Divorcé to the Fancourt Ballroom.,2026-10-08
2026-10-21-schalk-bezuidenhout-hey-hey-divorce-stand-up-comed,Schalk Bezuidenhout: Hey Hey Divorcé (stand-up comedy),arts,scheduled,,2026-10-21,2026-10-23,19:00,,,False,False,George,Garden Route,True,George Arts Theatre,"125 York Street, George",-33.956066,22.457985,event page,R250,https://www.quicket.co.za/events/375531-hey-hey-divorc-21-23-october/,https://www.quicket.co.za/events/375531-hey-hey-divorc-21-23-october/,Quicket,https://www.georgeherald.com/Whatson,images/2026-10-21-schalk-bezuidenhout-hey-hey-divorce-stand-up-comed.webp,"Raw, real stand-up about divorce. No under-16s.",2026-10-08
2026-10-23-bitou-birding-festival-2026-slow-down-look-up-reco,"Bitou Birding Festival 2026: Slow Down, Look Up, Reconnect",festival,scheduled,,2026-10-23,2026-10-30,15:00,,,False,False,Plettenberg Bay,Garden Route,True,Plettenberg Bay,"Plettenberg Bay, South Africa, 6600, Plettenberg Bay, Western Cape, South Africa",-34.06205,23.371386,event page,,https://www.quicket.co.za/events/392725-bitou-birding-festival-2026-slow-down-look-up-reconnect/#tickets,https://www.quicket.co.za/events/392725-bitou-birding-festival-2026-slow-down-look-up-reconnect/,Quicket,,images/2026-10-23-bitou-birding-festival-2026-slow-down-look-up-reco.webp,Birding festival (not music).,2026-10-08
2026-10-24-montagu-pass-run-17-km-10-km-5-km-trail,"Montagu Pass Run (17 km, 10 km & 5 km trail)",funrun,scheduled,,2026-10-24,,,,,False,False,George,Garden Route,True,Herold (Montagu Pass),"Herold, Montagu Pass, George",-33.863723,22.469035,nominatim,R80,,https://gotrail.run/en/event/montagu-pass-run,GoTrail (trail running calendar),https://runningcalendar.co.za/races/city/george,,"Trail run on the historic Montagu Pass above George, with a 5 km option alongside the 10 km and 17 km. Entry from R80 (RunningCalendar). Map pin approximate.",2026-10-08
2026-10-24-eden-meander-10-km-5-km-fun-run-walk,Eden Meander 10 km / 5 km Fun Run & Walk,funrun,scheduled,,2026-10-24,,07:00,,,False,False,George,Garden Route,True,Eden Meander Shopping Centre,"Eden Meander, George",-33.983891,22.498607,nominatim,R125,,https://www.toodoo.co.za/eden-meander-fun-run-walk-2026/,toodoo.co.za,,images/2026-10-24-eden-meander-10-km-5-km-fun-run-walk.webp,Fun run/walk in support of Carpe Diem School; entries via Entry Ninja.,2026-10-08
2026-10-24-misty-valley-octoberfest,Misty Valley Octoberfest,festival,scheduled,,2026-10-24,,09:00,,,False,False,Mossel Bay,Mossel Bay,True,Misty Valley Farm,"Misty Valley Farm, Brandwacht, Mossel Bay",-34.183202,22.153625,town centroid,Free entry,,https://visitmosselbay.co.za/event/misty-valley-octoberfest/2026-10-24/,Visit Mossel Bay (tourism calendar),https://www.ontheroute.co.za/your-garden-route-event-guide-1-october/,images/2026-10-24-misty-valley-octoberfest.webp,"Craft beer, food, live music; runs on Saturdays in October.",2026-10-08
2026-10-24-come-fly-with-us-the-collectiv,Come Fly with Us - The CollectiV,concert,scheduled,,2026-10-24,,13:30,,,False,False,Plettenberg Bay,Garden Route,True,ASADO FIRE GRILL RESTAURANT,"Main road, Keurboomstrand, 6600, Keurboomstrand, Western Cape, South Africa",-34.007984,23.418167,event page,,https://www.quicket.co.za/events/399259-come-fly-with-us-the-collectiv/#tickets,https://www.quicket.co.za/events/399259-come-fly-with-us-the-collectiv/,Quicket,,images/2026-10-24-come-fly-with-us-the-collectiv.webp,,2026-10-08
2026-10-24-eerste-vir-alles-frank-opperman-margit-meyer-roden,Eerste vir Alles: Frank Opperman & Margit Meyer-Rödenbeck (Afrikaans comedy play),arts,scheduled,,2026-10-24,2026-10-25,19:00,,,False,False,George,Garden Route,True,George Arts Theatre,"125 York Street, George",-33.956066,22.457985,event page,R250,https://www.webtickets.co.za/v2/event.aspx?itemid=1601879662,https://www.webtickets.co.za/v2/event.aspx?itemid=1601879662,Webtickets,https://www.georgeherald.com/Whatson,images/2026-10-24-eerste-vir-alles-frank-opperman-margit-meyer-roden.webp,"Romantic comedy play: two of SA's best storytellers play the original 'power couple' in a classic case of he said, she said.",2026-10-08
2026-10-24-herbertsdale-oktoberfees,Herbertsdale Oktoberfees,festival,scheduled,,2026-10-24,,From 09:00,,,False,False,Herbertsdale,Mossel Bay,True,Athlone Plaas,"Athlone farm, Herbertsdale",-34.015278,21.761667,town centroid,,,https://www.georgeherald.com/Whatson,George Herald (What's On),,images/2026-10-24-herbertsdale-oktoberfees.webp,"NG Kerk Herbertsdale's annual October fete on Athlone farm: local meat, vegetables and fruit, potjies, puddings and roosterkoek. Enquiries: Jan Labuschagne 082 555 1466.",2026-10-08
2026-10-25-forest-cycle-and-walk-for-iloveboobies,Forest Cycle and walk for ILoveBoobies,funrun,scheduled,,2026-10-25,,08:00,,,False,False,Knysna,Garden Route,True,MTO Trails Knysna (Trailhead),"Knysna, South Africa, Knysna, Western Cape, South Africa",-34.003925,23.039982,event page,,https://www.quicket.co.za/events/400477-forest-cycle-and-walk-for-iloveboobies/#tickets,https://www.quicket.co.za/events/400477-forest-cycle-and-walk-for-iloveboobies/,Quicket,,images/2026-10-25-forest-cycle-and-walk-for-iloveboobies.webp,Charity forest cycle & walk for I Love Boobies.,2026-10-08
2026-10-27-art-flowers-exhibition-for-hospice-knysna-sedgefie,Art & Flowers exhibition for Hospice Knysna Sedgefield,community,scheduled,,2026-10-27,2026-10-28,Tue 13:00-17:00; Wed 09:30-15:00,,,False,False,Knysna,Garden Route,True,Amble Ridge,"Sunninghill Drive, Hunters Home, Knysna",-34.051831,23.078532,nominatim (suburb),,,https://www.hospiceknysna.org.za/news-and-events/up-and-coming-events/,Hospice Knysna Sedgefield (official site),,images/2026-10-27-art-flowers-exhibition-for-hospice-knysna-sedgefie.webp,"Hospice fundraiser: floral art interpretations of local paintings, with selected paintings on sale. Hospice 044 384 0593.",2026-10-08
2026-10-28-chicago-the-musical,CHICAGO THE MUSICAL,musical,scheduled,,2026-10-28,2026-11-07,19:00,,,False,False,George,Garden Route,True,The George Arts Theatre,"The George Arts Theatre, 125 York Street, George Central",-33.956066,22.457985,event page,R170 - R200,https://www.webtickets.co.za/v2/event.aspx?itemid=1599973808,https://www.webtickets.co.za/v2/event.aspx?itemid=1599973808,Webtickets,,images/2026-10-28-chicago-the-musical.webp,"Webtickets category: Music, Theatre",2026-10-08
2026-10-28-crosby-stills-nash-young-a-tribute-live-in-mossel-,"Crosby, Stills, Nash & Young: A Tribute - Live in Mossel Bay",concert,scheduled,,2026-10-28,,19:30,,,False,False,Mossel Bay,Mossel Bay,True,Pinnacle Point,"Pinnacle Point, Mossel Bay, 6511, South Africa, 1 Pinnacle Point Drive, 6511, Mossel Bay, Western Cape, South Africa",-34.20326,22.086388,event page,,https://www.quicket.co.za/events/392372-crosby-stills-nash-young-a-tribute-live-in-mossel-bay/#tickets,https://www.quicket.co.za/events/392372-crosby-stills-nash-young-a-tribute-live-in-mossel-bay/,Quicket,,images/2026-10-28-crosby-stills-nash-young-a-tribute-live-in-mossel-.webp,,2026-10-08
2026-10-29-crosby-stills-nash-young-a-tribute-live-in-wildern,"Crosby, Stills, Nash & Young: A Tribute - Live in Wilderness",concert,scheduled,,2026-10-29,,19:30,,,False,False,Wilderness,Garden Route,True,"Fairy Knowe Hotel, Wilderness","Dumbleton Crescent 1, 6560, Wilderness, Western Cape, South Africa",-33.994408,22.601358,event page,,https://www.quicket.co.za/events/392375-crosby-stills-nash-young-a-tribute-live-in-wilderness/#tickets,https://www.quicket.co.za/events/392375-crosby-stills-nash-young-a-tribute-live-in-wilderness/,Quicket,,images/2026-10-29-crosby-stills-nash-young-a-tribute-live-in-wildern.webp,,2026-10-08
2026-10-30-garden-route-indigenous-plant-fair,Garden Route Indigenous Plant Fair,market,scheduled,,2026-10-30,2026-11-01,,,,False,False,George,Garden Route,True,Garden Route Botanical Garden,"49 Caledon Street, George",-33.944297,22.462794,nominatim,,,https://www.knysna.n2rs.com/knysna-diary-october.html,"Knysna Diary (n2rs.com), October 2026",https://botanicalgarden.org.za/ | https://www.facebook.com/GRBotanical/,images/2026-10-30-garden-route-indigenous-plant-fair.webp,"Annual plant fair (the garden says it is usually on the first weekend of November): 5,000+ indigenous plants of 400+ species for sale, gardening talks and indigenous-focused presentations, creative art workshops, food and craft stalls and a kids zone. Times not yet published; Garden Route Botanical Garden 044 874 1558.",2026-10-08
2026-10-30-sarie-nation-music-festival,Sarie Nation Music Festival,festival,scheduled,,2026-10-30,2026-10-31,16:00,,,False,False,George,Garden Route,True,Outeniqua Park Stadium,"Outeniqua Park Stadium, George, South Africa",-33.95299,22.446964,event page,R50 - R300,https://www.webtickets.co.za/v2/event.aspx?itemid=1590909889,https://www.webtickets.co.za/v2/event.aspx?itemid=1590909889,Webtickets,,,"Webtickets category: Music, Festival",2026-10-08
2026-10-30-plett-pink-walk-for-cansa,Plett Pink Walk For CANSA,funrun,scheduled,,2026-10-30,,17:00,,,False,False,Plettenberg Bay,Garden Route,True,Longstone Park,"14 Great Basses Street, 6600, Plettenberg Bay, Western Cape, South Africa",-34.06425,23.373217,event page,,https://www.quicket.co.za/events/400264-plett-pink-walk-for-cansa/#tickets,https://www.quicket.co.za/events/400264-plett-pink-walk-for-cansa/,Quicket,,,Charity walk for CANSA.,2026-10-08
2026-10-30-landman-live-at-hennie-s-george,Landman live at Hennie's George,concert,scheduled,,2026-10-30,,19:00,,,False,False,George,Garden Route,True,Hennie's George,"42 York Street, George",-33.965872,22.451237,nominatim,Free,,https://www.therealhennies.co.za/img/posters/whatson-oct-2026/george.jpg,Hennie's George (October 2026 What's On poster),https://www.therealhennies.co.za/branches/hennies-george,images/2026-10-30-landman-live-at-hennie-s-george.webp,"Live music at Hennie's George. Free entry, first come, first served (per the branch's October 2026 What's On poster).",2026-10-08
2026-10-30-the-70s-vs-80s-tribute-show,THE ‘70s VS 80s TRIBUTE” SHOW,concert,scheduled,,2026-10-30,,19:00,,,False,False,George,Garden Route,True,Market Community Theatre,"Market Street, George Central, 6529, George, Western Cape, South Africa",-33.961403,22.456678,event page,,https://www.quicket.co.za/events/397115-the-70s-vs-80s-tribute-show/#tickets,https://www.quicket.co.za/events/397115-the-70s-vs-80s-tribute-show/,Quicket,,images/2026-10-30-the-70s-vs-80s-tribute-show.webp,,2026-10-08
2026-10-30-crosby-stills-nash-young-a-tribute-live-in-knysna,"Crosby, Stills, Nash & Young: A Tribute - Live in Knysna",concert,scheduled,,2026-10-30,,20:00,,,False,False,Knysna,Garden Route,True,"Simola Hotel, Country Club & Spa","1 Old Cape Road, 6571, Simola Golf and Country Estate, Western Cape, South Africa",-34.00522,23.03852,event page,,https://www.quicket.co.za/events/392382-crosby-stills-nash-young-a-tribute-live-in-knysna/#tickets,https://www.quicket.co.za/events/392382-crosby-stills-nash-young-a-tribute-live-in-knysna/,Quicket,,images/2026-10-30-crosby-stills-nash-young-a-tribute-live-in-knysna.webp,,2026-10-08
2026-10-30-the-rivertones-at-reedvalley,The Rivertones at ReedValley,concert,scheduled,,2026-10-30,,20:00,,,False,False,Mossel Bay,Mossel Bay,True,ReedValley,"ReedValley Farm, R327, Mossel Bay",-34.183202,22.153625,town centroid,R250,,https://visitmosselbay.co.za/event/the-rivertones-at-reedvalley/,Visit Mossel Bay (tourism calendar),,images/2026-10-30-the-rivertones-at-reedvalley.webp,,2026-10-08
2026-10-30-firefly-night-run-by-gracehill-college-10-5-3-km,Firefly Night Run by Gracehill College (10 / 5 / 3 km),funrun,scheduled,,2026-10-30,,Evening,,,False,False,George,Garden Route,True,Garden Route Botanical Garden – Lapa,"49 Caledon St, Campher's Drift, George",-33.959721,22.458715,town centroid,R50,https://www.entryninja.com/events/84531-firefly-night-run,https://www.entryninja.com/events/84531-firefly-night-run,Entry Ninja,,,"Family trail run/walk raising funds for a school bus; picnic in the gardens afterwards. 3 km run/walk from R50, 5 km R60-R80, 10 km R120.",2026-10-08
2026-10-30-kaia-market-collective-monthly-makers-market,Kaia Market Collective – Monthly Makers Market,market,scheduled,,2026-10-30,2026-11-28,Fri 15:00-20:00,"Monthly (last Friday & Saturday): 30-31 Oct, 27-28 Nov",2026-10-30 | 2026-10-31 | 2026-11-27 | 2026-11-28,False,False,Mossel Bay,Mossel Bay,True,Market Café,"8 Market Street, Mossel Bay",-34.180176,22.143185,nominatim,,,https://visitmosselbay.co.za/event/kaia-market-collective/,Visit Mossel Bay (tourism calendar),https://visitmosselbay.co.za/event/kaia-market-collective-2/ | https://visitmosselbay.co.za/event/kaia-market-collective-3/ | https://visitmosselbay.co.za/event/kiara-market-collective-2/,images/2026-10-30-kaia-market-collective-monthly-makers-market.webp,"Local makers, artisanal products, fresh produce, live music and family fun.",2026-10-08
2026-10-31-barrington-s-oktoberfest-2026,Barrington's Oktoberfest 2026,festival,scheduled,,2026-10-31,,,,,False,False,Plettenberg Bay,Garden Route,True,Barrington's,"Piesang Valley Road, Plettenberg Bay",-34.06221,23.358182,nominatim,,https://account.dineplan.com/widgetframe/HFBQCc9v?date=2026-10-31,https://www.barringtonsplett.co.za/events-news/,Barrington's (official site),https://www.barringtonsplett.co.za/oktoberfest-25/,,"Second Barrington's Oktoberfest; tickets live via the venue's booking page. 2025 edition had live bands, Barrington's brews on tap and German fare.",2026-10-08
2026-10-31-rave-run-4-km-with-a-live-dj-gobi-hybrid-games,Rave Run 4 km with a live DJ (Gobi Hybrid Games),funrun,scheduled,,2026-10-31,,08:00,,,False,False,George,Garden Route,True,Deja Vu Equestrian,,-33.959721,22.458715,town centroid,R100,,https://www.toodoo.co.za/rave-run-4km-gobi-hybrid-games-george/,toodoo.co.za,https://visitgeorge.co.za/events/,images/2026-10-31-rave-run-4-km-with-a-live-dj-gobi-hybrid-games.webp,"Run, walk and dance 4 km with a live DJ, part of the Gobi Hybrid Games; for runners, walkers and families.",2026-10-08
2026-10-31-steps-of-courage-walk-4-1-km,Steps of Courage Walk (4.1 km),funrun,scheduled,,2026-10-31,,08:00 (registration from 06:30),,,False,False,Mossel Bay,Mossel Bay,True,Milkwood Primary School grounds,"Muir Street, Mossel Bay",-34.182532,22.153967,nominatim,R50,,https://visitmosselbay.co.za/event/steps-of-courage-walk/,Visit Mossel Bay (tourism calendar),,images/2026-10-31-steps-of-courage-walk-4-1-km.webp,"Relaxed, non-competitive community wellness walk; wear blue and pink. Children under 12 free.",2026-10-08
2026-10-31-misty-valley-octoberfest,Misty Valley Octoberfest,festival,scheduled,,2026-10-31,,09:00,,,False,False,Mossel Bay,Mossel Bay,True,Misty Valley Farm,"Misty Valley Farm, Brandwacht, Mossel Bay",-34.183202,22.153625,town centroid,Free entry,,https://visitmosselbay.co.za/event/misty-valley-octoberfest/2026-10-31/,Visit Mossel Bay (tourism calendar),https://www.ontheroute.co.za/your-garden-route-event-guide-1-october/,images/2026-10-31-misty-valley-octoberfest.webp,"Craft beer, food, live music; runs on Saturdays in October.",2026-10-08
2026-10-31-oudtshoorn-motor-club-wc-regional-club-oval-dirt-s,Oudtshoorn Motor Club – WC Regional & club oval dirt (stock car) championships,sport,scheduled,,2026-10-31,,17:00-23:00,,,False,False,Oudtshoorn,Garden Route,True,Arnold de Jager Oval Track,"Arnold de Jager Oval Track, Oudtshoorn",-33.590295,22.204206,town centroid,,,https://www.motorsport.co.za/event/wc-regional-oudtshoorn-motor-club-oval-dirt-championships-3/,Motorsport South Africa,https://www.motorsport.co.za/wp-content/uploads/2026/10/2026-MSA-Annual-Events-Calendar-01.10.2026.pdf | https://www.motorsport.co.za/organizer/do4sa-oudts/,,"Stock car oval dirt racing. Times 17:00-23:00 from the MSA 2026 events calendar. Sat 31 Oct. The MSA PDF calendar (01.10.2026) lists the venue as 'Redrock Raceway, Oudtshoorn'; the MSA event page says Arnold de Jager Oval Track, so check with the club before going. Organiser: Oudtshoorn Motor Club (Ina Barnard 082 829 1090, secretaryodnmc@gmail.com). Spectator prices not published.",2026-10-08
2026-10-31-crosby-stills-nash-young-a-tribute-live-in-pletten,"Crosby, Stills, Nash & Young: A Tribute - Live in Plettenberg Bay",concert,scheduled,,2026-10-31,,19:30,,,False,False,Plettenberg Bay,Garden Route,True,Greenwood Bay College,"Piesang Valley Road, Plettenberg Bay, 6600, Plettenberg Bay, Western Cape, South Africa",-34.060288,23.358908,event page,,https://www.quicket.co.za/events/392377-crosby-stills-nash-young-a-tribute-live-in-plettenberg-bay/#tickets,https://www.quicket.co.za/events/392377-crosby-stills-nash-young-a-tribute-live-in-plettenberg-bay/,Quicket,,images/2026-10-31-crosby-stills-nash-young-a-tribute-live-in-pletten.webp,,2026-10-08
2026-11-01-song-of-hope-concert,Song of Hope Concert,concert,scheduled,,2026-11-01,,16:00,,,False,False,George,Garden Route,True,66 Olympic St,"66 Olympic Street, Delville Park, 6529, George, Western Cape, South Africa",-34.01049,22.447557,event page,,https://www.quicket.co.za/events/397024-song-of-hope-concert/#tickets,https://www.quicket.co.za/events/397024-song-of-hope-concert/,Quicket,,images/2026-11-01-song-of-hope-concert.webp,,2026-10-08
2026-11-04-love-life-run-wilderness-10-km-5-km,"Love Life Run, Wilderness (10 km & 5 km)",funrun,scheduled,,2026-11-04,,18:00,,,False,False,Wilderness,Garden Route,True,The Wilderness Common,Wilderness,-33.994418,22.601261,event page,R40 (5 km),,https://runningcalendar.co.za/events/love-life-run,RunningCalendar.co.za,,images/2026-11-04-love-life-run-wilderness-10-km-5-km.webp,Wednesday-evening community run in Wilderness with a 5 km option (R40). Listing verified by RunningCalendar; online entries open.,2026-10-08
2026-11-04-henry-ate-live-in-knysna,HENRY ATE live in Knysna,concert,scheduled,,2026-11-04,,19:30,,,False,False,Knysna,Garden Route,True,Blend Country Restaurant & Pub,"George Rex Drive, 6571, Knysna, Western Cape, South Africa",-34.062996,23.071112,event page,,https://www.quicket.co.za/events/383601-henry-ate-live-in-knysna/#tickets,https://www.quicket.co.za/events/383601-henry-ate-live-in-knysna/,Quicket,,images/2026-11-04-henry-ate-live-in-knysna.webp,,2026-10-08
2026-11-06-first-fridays-at-slops-monthly,First Fridays at Slops (monthly),restaurant,scheduled,,2026-11-06,2027-04-02,,First Friday of every month,2026-11-06 | 2026-12-04 | 2027-01-01 | 2027-02-05 | 2027-03-05 | 2027-04-02,False,False,Plettenberg Bay,Garden Route,True,Slops Plett,"Shop 5, Melville's Centre, 9 Main Street, Plettenberg Bay",-34.052778,23.369444,town centroid,Free entry,,https://plettrestaurants.com/2026/03/05/slops-plett-3/,Plett Restaurants,https://www.foodyas.com/ZA/Plettenberg-Bay/262885126912508/SLOPS--Plett,,"10% off food & drinks bill and merch, DJ all night, free kiddies margarita pizza for under-12s. Announced as every month from March 2026; later dates follow that pattern and aren't individually confirmed.",2026-10-08
2026-11-06-louvain-burn-music-arts-festival,Louvain Burn Music & Arts Festival,festival,scheduled,,2026-11-06,2026-11-09,,,,False,False,Oudtshoorn,Garden Route,True,Louvain Guest Farm,,-33.590295,22.204206,town centroid,R1380,https://louvainburnkaroo.com/buytickets/,https://louvainburnkaroo.com/buytickets/,Louvain Burn (official site),https://www.ontheroute.co.za/your-garden-route-event-guide-1-october/,,Camping festival; full passes incl. 3 nights camping (Round 2 price). No day passes.,2026-10-08
2026-11-06-rocco-de-villiers-live-in-mosselbaai,Rocco de Villiers live in Mosselbaai,concert,scheduled,,2026-11-06,,20:00,,,False,False,Mossel Bay,Mossel Bay,True,Pinnacle Point,"Pinnacle Point, Mossel Bay, 6511, South Africa, 1 Pinnacle Point Drive, 6511, Mossel Bay, Western Cape, South Africa",-34.20326,22.086388,event page,,https://www.quicket.co.za/events/396377-rocco-de-villiers-live-in-mosselbaai/#tickets,https://www.quicket.co.za/events/396377-rocco-de-villiers-live-in-mosselbaai/,Quicket,,images/2026-11-06-rocco-de-villiers-live-in-mosselbaai.webp,,2026-10-08
2026-11-07-george-used-car-parts-10-km-race-10-km-5-km,George Used Car Parts 10 km Race (10 km & 5 km),funrun,scheduled,,2026-11-07,,,,,False,False,George,Garden Route,True,George,George,-33.931746,22.458972,nominatim,,,https://runningcalendar.co.za/races/city/george,RunningCalendar.co.za,https://dash.streblainnovations.com/races/,,Local Saturday 10/5 km. Same day as Winelands if staying home. Listed by Running Guy (Garden Route races dashboard).,2026-10-08
2026-11-07-run-the-farm-herold-wines-12-hour-5-km-loop-challe,"Run The Farm, Herold Wines (12-hour 5 km-loop challenge + 5 km fun run/walk)",funrun,scheduled,,2026-11-07,,,,,False,False,George,Garden Route,True,Herold Wines,"Herold, Montagu Pass, George",-33.863723,22.469035,nominatim,,,https://gotrail.run/en/event/run-the-farm-herold,GoTrail (trail running calendar),,,"12-hour trail endurance event on a 5 km mountain loop (individuals and teams of 2 or 4), plus a 5 km fun run/walk. Natural pool, vendor stalls and space for gazebos.",2026-10-08
2026-11-07-eden-fest-2026,Eden Fest 2026,festival,scheduled,,2026-11-07,,08:00-19:00,,,False,False,Mossel Bay,Mossel Bay,True,Die Gat,"Mayixhale Street, KwaNonqaba, Mossel Bay",-34.183202,22.153625,town centroid,,,https://visitmosselbay.co.za/event/eden-fest-2026/,Visit Mossel Bay (tourism calendar),,images/2026-11-07-eden-fest-2026.webp,"Music, sport, vehicles and food festival.",2026-10-08
2026-11-07-grootbrak-boekeblaf,Grootbrak Boekeblaf,festival,scheduled,,2026-11-07,,09:00,,,False,False,Groot Brak,Mossel Bay,True,"NG Kerk Groot-Brakrivier, Kerksaal.","Nederduitse Gereformeerde Kerk - Groot-Brakrivier, Langstraat, Bergsig, Groot-Brakrivier, 6525, South Africa, Bergsig, 6525, Groot-Brakrivier, Wes-Kaap, South Africa",-34.04631,22.2167,event page,,https://www.quicket.co.za/events/396731-grootbrak-boekeblaf/#tickets,https://www.quicket.co.za/events/396731-grootbrak-boekeblaf/,Quicket,,images/2026-11-07-grootbrak-boekeblaf.webp,Book/stories festival (Grootbrak Boekeblaf).,2026-10-08
2026-11-07-forestjazz-in-november,ForestJAZZ in November,festival,scheduled,,2026-11-07,,12:00,,,False,False,Knysna,Garden Route,True,"34 WAENHOUT - LIVE VENUE, Knysna","Waenhout Avenue 34, 6571, Knysna, Western Cape, South Africa",-34.043102,23.078394,event page,,https://www.quicket.co.za/events/397935-forestjazz-in-november/#tickets,https://www.quicket.co.za/events/397935-forestjazz-in-november/,Quicket,,images/2026-11-07-forestjazz-in-november.webp,Boutique jazz festival: day & night jazz club shows.,2026-10-08
2026-11-07-droom-die-buitelug-konsert-met-frederico-vriende,DROOM:Die Buitelug Konsert met Frederico & Vriende,concert,scheduled,,2026-11-07,,17:00,,,False,False,Oudtshoorn,Garden Route,True,Toekomsrus Parkie,"Swart Street, Bongolethu, 6625, Oudtshoorn, Western Cape, South Africa",-33.599674,22.245201,event page,,https://www.quicket.co.za/events/401094-droomdie-buitelug-konsert-met-frederico-vriende/#tickets,https://www.quicket.co.za/events/401094-droomdie-buitelug-konsert-met-frederico-vriende/,Quicket,,images/2026-11-07-droom-die-buitelug-konsert-met-frederico-vriende.webp,,2026-10-08
2026-11-07-man-in-black-a-tribute-to-johnny-cash,Man in Black - A Tribute to Johnny Cash,concert,scheduled,,2026-11-07,,19:00,,,False,False,Knysna,Garden Route,True,Knysna Gin,"Uil Street 5, 6571, Knysna, Western Cape, South Africa",-34.044975,23.073193,event page,,https://www.quicket.co.za/events/393772-man-in-black-a-tribute-to-johnny-cash/#tickets,https://www.quicket.co.za/events/393772-man-in-black-a-tribute-to-johnny-cash/,Quicket,,images/2026-11-07-man-in-black-a-tribute-to-johnny-cash.webp,,2026-10-08
2026-11-07-jakkie-louw-live-at-reedvalley,Jakkie Louw Live at ReedValley,concert,scheduled,,2026-11-07,,20:00,,,False,False,Mossel Bay,Mossel Bay,True,ReedValley,"ReedValley Farm, R327, Mossel Bay",-34.183202,22.153625,town centroid,,,https://visitmosselbay.co.za/event/jakkie-louw-live-at-reedvalley/,Visit Mossel Bay (tourism calendar),,images/2026-11-07-jakkie-louw-live-at-reedvalley.webp,,2026-10-08
2026-11-07-leisure-isle-festival-2026,Leisure Isle Festival 2026,festival,scheduled,,2026-11-07,2026-11-08,"Sat 09:00-17:00, Sun 10:00-15:00",,,False,False,Knysna,Garden Route,True,Leisure Isle,,-34.066387,23.060084,nominatim,,,https://www.visitknysna.co.za/whats-on/events/2026-leisure-isle-festival/,Visit Knysna,https://www.ontheroute.co.za/your-garden-route-event-guide-1-october/ | https://www.leisureisleknysna.co.za/the-leisure-isle-festival/,images/2026-11-07-leisure-isle-festival-2026.webp,"21st charity festival: stalls, food, family fun, fun run/walk.",2026-10-08
2026-11-08-groove-ritual-friends-outdoor-edition,Groove Ritual & Friends – Outdoor Edition,concert,scheduled,,2026-11-08,,13:00,,,False,False,Mossel Bay,Mossel Bay,True,Tau Lifestyle Cafe (TLC),"Crotz Road, Asla, Mossel Bay",-34.183202,22.153625,town centroid,R60,https://www.quicket.co.za/events/400787-groove-ritual-and-friendsoutdoor-edition/,https://www.quicket.co.za/events/400787-groove-ritual-and-friendsoutdoor-edition/,Quicket,,,"Outdoor DJ day (DJ Ermy headlining). Pre-sale R60, gate R80. Denim & white theme.",2026-10-08
2026-11-11-dr-philip-southey-s-symphony-and-science,Dr Philip Southey's Symphony and Science,concert,scheduled,,2026-11-11,,19:00,,,False,False,Plettenberg Bay,Garden Route,True,The White HOUSE Theater,"6 Crescent Street, 6600, Plettenberg Bay, Western Cape, South Africa",-34.054573,23.371275,event page,,https://www.quicket.co.za/events/400669-dr-philip-southeys-symphony-and-science/#tickets,https://www.quicket.co.za/events/400669-dr-philip-southeys-symphony-and-science/,Quicket,,images/2026-11-11-dr-philip-southey-s-symphony-and-science.webp,,2026-10-08
2026-11-13-dozi-live-at-reedvalley,Dozi Live at ReedValley,concert,scheduled,,2026-11-13,,20:00,,,False,False,Mossel Bay,Mossel Bay,True,ReedValley,"ReedValley Farm, R327, Mossel Bay",-34.183202,22.153625,town centroid,,,https://visitmosselbay.co.za/event/dozi-live/,Visit Mossel Bay (tourism calendar),,images/2026-11-13-dozi-live-at-reedvalley.webp,,2026-10-08
2026-11-14-birdlife-plett-feather-chase-year-end-braai,BirdLife Plett Feather Chase & year-end braai,nature,scheduled,,2026-11-14,,07:00-14:00,,,False,False,Plettenberg Bay,Garden Route,True,Venue to be confirmed,Plettenberg Bay area,-34.052778,23.369444,town centroid (venue to be confirmed),,,https://birdlife-plett.co.za/event/feather-chase-and-year-end-braai-2026/,BirdLife Plettenberg Bay (official site),,images/2026-11-14-birdlife-plett-feather-chase-year-end-braai.webp,The club's annual Feather Chase (a morning of birding to tick as many species as possible) followed by the year-end braai. Venue still to be confirmed on the club's event page; contact info@birdlife-plett.co.za or 082 878 6662.,2026-10-08
2026-11-14-christia-visser-live-at-reedvalley,Christia Visser Live at ReedValley,concert,scheduled,,2026-11-14,,20:00,,,False,False,Mossel Bay,Mossel Bay,True,ReedValley,"ReedValley Farm, R327, Mossel Bay",-34.183202,22.153625,town centroid,,,https://visitmosselbay.co.za/event/christia-visser-live/,Visit Mossel Bay (tourism calendar),,images/2026-11-14-christia-visser-live-at-reedvalley.webp,,2026-10-08
2026-11-14-knysna-waterfront-half-marathon-5-km-fun-run,Knysna Waterfront Half Marathon & 5 km Fun Run,funrun,scheduled,,2026-11-14,,21.1 km 07:00; 10 km & 5 km 07:15,,,False,False,Knysna,Garden Route,True,Knysna Waterfront,"21 Waterfront Dr, Knysna",-34.040028,23.051892,nominatim,R65,https://www.entryninja.com/events/84135,https://www.entryninja.com/events/84135,Entry Ninja,https://www.visitknysna.co.za/whats-on/events/waterfront-half-marathon/,images/2026-11-14-knysna-waterfront-half-marathon-5-km-fun-run.webp,"Scenic road race with a 5 km fun run for friends and family (no temp licence needed); 10 km R125, 21.1 km R145.",2026-10-08
2026-11-20-spoilt-knysna-gift-fair-2026,SPOILT KNYSNA GIFT FAIR 2026,market,scheduled,,2026-11-20,2026-11-21,09:00,,,False,True,Knysna,Garden Route,True,Villa Castollini,"Brenton-on-Sea, 6570, 6570, Brenton-on-Sea, Western Cape, South Africa",-34.0707,23.026516,event page,R50,https://www.quicket.co.za/events/375254-spoilt-knysna-gift-fair-2026/#tickets,https://www.quicket.co.za/events/375254-spoilt-knysna-gift-fair-2026/,Quicket,https://www.visitknysna.co.za/whats-on/events/spoilt-knysna-gift-fair-2026/,images/2026-11-20-spoilt-knysna-gift-fair-2026.webp,"Summer gift fair: local brands, boutique fashion, festive gifts; coffee by Ile de Pain and ESCAPE Wine tastings. Kids under 12 free.",2026-10-08
2026-11-20-rocksteady-s-ultimate-80s-experience,Rocksteady's Ultimate 80s Experience,concert,scheduled,,2026-11-20,,18:30,,,False,False,Plettenberg Bay,Garden Route,True,The White HOUSE Theater,"6 Crescent Street, 6600, Plettenberg Bay, Western Cape, South Africa",-34.054573,23.371275,event page,,https://www.quicket.co.za/events/389748-rocksteadys-ultimate-80s-experience/#tickets,https://www.quicket.co.za/events/389748-rocksteadys-ultimate-80s-experience/,Quicket,,images/2026-11-20-rocksteady-s-ultimate-80s-experience.webp,,2026-10-08
2026-11-20-trail-girl-wilderness-2-day-women-s-trail-running-,Trail Girl Wilderness (2-day women's trail running tour),funrun,scheduled,,2026-11-20,2026-11-22,Registration Fri 17:00,,,False,False,Wilderness,Garden Route,True,Fairy Knowe Hotel,"Dumbleton Road, Wilderness",-33.992209,22.600705,nominatim,"R5,800 pp sharing (incl. 2 nights & meals)",,https://trailgirl.co.za/tr-3-3-2/,Trail Girl (official site),,,"Non-race trail running tour: day 1 15 km, day 2 16 km on SANParks/CapeNature trails, plus a sunset beach walk and Touw River canoeing. Limited to 50 entries; entries via Entry Ninja.",2026-10-08
2026-11-21-pastor-v-mboniswa-hymns-melodies-garden-route-tour,Pastor V Mboniswa - Hymns & Melodies ( Garden Route Tour),concert,scheduled,,2026-11-21,,,,,False,False,George,Garden Route,True,Tyholora Primary School - 3878 26th St,"Tyholora Primary School - 3878 26th St, Thembalethu, George",-33.977784,22.495311,event page,From R250 to R350,https://www.webtickets.co.za/v2/event.aspx?itemid=1600460205,https://www.webtickets.co.za/v2/event.aspx?itemid=1600460205,Webtickets,,images/2026-11-21-pastor-v-mboniswa-hymns-melodies-garden-route-tour.webp,Webtickets category: Music,2026-10-08
2026-11-21-a-one-night-only-jazz-experience,A one night only Jazz experience,concert,scheduled,,2026-11-21,,18:30,,,False,False,George,Garden Route,True,The Market Community Theatre,"Market Street, George Central, 6530, George, Western Cape, South Africa",-33.963448,22.46111,event page,,https://www.quicket.co.za/events/396754-a-one-night-only-jazz-experience/#tickets,https://www.quicket.co.za/events/396754-a-one-night-only-jazz-experience/,Quicket,,images/2026-11-21-a-one-night-only-jazz-experience.webp,,2026-10-08
2026-11-21-woodstock-beyond-1965-1975-live-in-knysna,Woodstock & Beyond: 1965-1975 live in Knysna,concert,scheduled,,2026-11-21,,20:00,,,False,False,Knysna,Garden Route,True,"Simola Hotel, Country Club & Spa","1 Old Cape Road, 6571, Simola Golf and Country Estate, Western Cape, South Africa",-34.00522,23.03852,event page,,https://www.quicket.co.za/events/392031-woodstock-beyond-1965-1975-live-in-knysna/#tickets,https://www.quicket.co.za/events/392031-woodstock-beyond-1965-1975-live-in-knysna/,Quicket,,images/2026-11-21-woodstock-beyond-1965-1975-live-in-knysna.webp,,2026-10-08
2026-11-24-gordi-brown-his-bigtime-harmonica,Gordi Brown & His BigTime Harmonica,concert,scheduled,,2026-11-24,,19:00,,,False,False,Knysna,Garden Route,True,Knysna Hollow Country Estate,"5 Welbedacht Lane, Knysna, 6570, Knysna, Western Cape, South Africa",-34.035587,23.017208,event page,,https://www.quicket.co.za/events/399055-gordi-brown-his-bigtime-harmonica/#tickets,https://www.quicket.co.za/events/399055-gordi-brown-his-bigtime-harmonica/,Quicket,,images/2026-11-24-gordi-brown-his-bigtime-harmonica.webp,,2026-10-08
2026-11-26-mosjazz-2026,MosJazz 2026,festival,scheduled,,2026-11-26,2026-11-29,All day,,,False,False,Mossel Bay,Mossel Bay,True,Santos Beach (De Bakke Santos Beach Resort),"Santos Beach, Mossel Bay",-34.177013,22.137055,nominatim,,,https://visitmosselbay.co.za/event/mosjazz-2026/,Visit Mossel Bay (tourism calendar),https://www.ontheroute.co.za/your-garden-route-event-guide-1-october/,images/2026-11-26-mosjazz-2026.webp,"11th year: jazz, Afrobeat, soul and R&B on the beachfront.",2026-10-08
2026-11-27-matriekbaai-2026,Matriekbaai 2026,festival,scheduled,,2026-11-27,2026-12-05,,,,False,False,Mossel Bay,Mossel Bay,True,Diaz Hotel and Resort,"1 Beach East Blvd, Die Voor Bay, Mossel Bay",-34.183202,22.153625,town centroid,Free (registration),https://www.howler.co.za/matriekbaai2026,https://visitmosselbay.co.za/event/matriekbaai-2026/,Visit Mossel Bay (tourism calendar),https://www.howler.co.za/matriekbaai2026 | https://www.ontheroute.co.za/your-garden-route-event-guide-1-october/,images/2026-11-27-matriekbaai-2026.webp,"School-leavers' festival, ages 18-22.",2026-10-08
2026-11-27-plett-rage-2026,Plett Rage 2026,festival,scheduled,,2026-11-27,2026-12-03,,,,False,False,Plettenberg Bay,Garden Route,True,Plettenberg Bay Main Beach,,-34.052778,23.369444,town centroid,R1900,https://plettrage.howler.co.za/plettrage26,https://plettrage.howler.co.za/plettrage26,Howler,https://www.plett-tourism.co.za/events/plett-rage-2026/ | https://www.ontheroute.co.za/your-garden-route-event-guide-1-october/,images/2026-11-27-plett-rage-2026.webp,School-leavers' festival.,2026-10-08
2026-11-27-hart-van-harte-kersmark-2026-christmas-market,Hart van Harte Kersmark 2026 (Christmas Market),market,scheduled,,2026-11-27,2027-01-02,09:00-17:00,,,False,True,Hartenbos,Mossel Bay,True,Hart van Harte Kersmark,"Cnr Louis Fourie Rd & Kaap de Goede Hoop St, Hartenbos",-34.125216,22.113442,town centroid,,,https://visitmosselbay.co.za/event/hart-van-harte-kersmark-2026/,Visit Mossel Bay (tourism calendar),,images/2026-11-27-hart-van-harte-kersmark-2026-christmas-market.webp,"Festive seaside Christmas market: handmade gifts, local treasures, festive treats.",2026-10-08
2026-11-27-amy-winehouse-tribute-at-reedvalley,Amy Winehouse Tribute at ReedValley,concert,scheduled,,2026-11-27,,20:00,,,False,False,Mossel Bay,Mossel Bay,True,ReedValley,"ReedValley Farm, R327, Mossel Bay",-34.183202,22.153625,town centroid,R200,,https://visitmosselbay.co.za/event/amy-winehouse-tribute-at-reedvalley/,Visit Mossel Bay (tourism calendar),,images/2026-11-27-amy-winehouse-tribute-at-reedvalley.webp,,2026-10-08
2026-11-28-bergplaas-challenge-10-km-7-km-trail,Bergplaas Challenge (10 km & 7 km trail),funrun,scheduled,,2026-11-28,,,,,False,False,Wilderness,Garden Route,True,"Bergplaas, Wilderness",,-33.993238,22.578632,town centroid,,,https://gotrail.run/en/event/bergplaas-challenge,GoTrail (trail running calendar),,,Short trail run in the forest/mountain area above Wilderness with 7 km and 10 km options. Map pin approximate (Wilderness).,2026-10-08
2026-11-28-vinyl-krispies-bassline-society-rooftop-session,Vinyl Krispies – Bassline Society rooftop session,concert,scheduled,,2026-11-28,,12:00-21:00,,,False,False,Sedgefield,Garden Route,True,Pili Pili Sedgefield,"2 Claude Urban Drive, Myoli Beach, Sedgefield",-34.034889,22.80686,nominatim,R100,https://www.quicket.co.za/events/400823-vinyl-krispies-pili-pili-sedgefield/,https://www.quicket.co.za/events/400823-vinyl-krispies-pili-pili-sedgefield/,Quicket,https://www.toodoo.co.za/vinyl-krispies-sedgefield/,,"Vinyl house music on the Pili Pili rooftop. Pre-sold tickets only, no door sales. Afternoon of house music and vinyl culture on the Pili Pili rooftop: classic records (vinyl only), cold drinks and ocean views. Entry R100.",2026-10-08
2026-11-29-oudtshoorn-motor-club-wc-regional-club-oval-dirt-s,Oudtshoorn Motor Club – WC Regional & club oval dirt (stock car) championships,sport,scheduled,,2026-11-29,,17:00-23:00,,,False,False,Oudtshoorn,Garden Route,True,Arnold de Jager Oval Track,"Arnold de Jager Oval Track, Oudtshoorn",-33.590295,22.204206,town centroid,,,https://www.motorsport.co.za/event/wc-regional-oudtshoorn-motor-club-oval-dirt-championships-4/,Motorsport South Africa,https://www.motorsport.co.za/wp-content/uploads/2026/10/2026-MSA-Annual-Events-Calendar-01.10.2026.pdf | https://www.motorsport.co.za/organizer/do4sa-oudts/,,"Stock car oval dirt racing. Times 17:00-23:00 from the MSA 2026 events calendar. Listed as Sunday 29 Nov on MSA. Organiser: Oudtshoorn Motor Club (Ina Barnard 082 829 1090, secretaryodnmc@gmail.com). Spectator prices not published.",2026-10-08
2026-12-02-wild-mongoo-fashion-show-ladies-charity-evening,Wild Mongoo Fashion Show (ladies' charity evening),community,scheduled,,2026-12-02,,18:30 for 19:00,,,False,False,George,Garden Route,True,Fancourt,"Montagu St, Blanco, George",-33.955852,22.414246,event page,R350,https://www.quicket.co.za/events/397238-wild-mongoo-fashion-show/,https://www.quicket.co.za/events/397238-wild-mongoo-fashion-show/,Quicket,,images/2026-12-02-wild-mongoo-fashion-show-ladies-charity-evening.webp,"Ladies' night at Fancourt with live entertainment by local singer Shaza, welcome drinks, goodie bags and a fashion show (Wild Mongoo apparel & Sam's Clothing). 100% of funds go to Wild Mongoo (anti-human-trafficking). Group discount for 10+.",2026-10-08
2026-12-04-amfihart-2026-incl-spoegwolf,AmfiHart 2026 (incl. Spoegwolf),festival,scheduled,,2026-12-04,2026-12-05,,,,False,False,Hartenbos,Mossel Bay,True,ATKV Hartenbos Amphitheatre,"169 Majuba Avenue, Hartenbos",-34.122732,22.117828,nominatim,R175,https://www.howler.co.za/AmfiHart26,https://www.howler.co.za/AmfiHart26,Howler,https://visitmosselbay.co.za/event/amfihart-2026/ | https://www.ontheroute.co.za/your-garden-route-event-guide-1-october/,images/2026-12-04-amfihart-2026-incl-spoegwolf.webp,"5th AmfiHart: artists over 4-5 Dec, funfair, food stalls, market.",2026-10-08
2026-12-04-kingswood-carols-by-candlelight-with-carpe-musicam,Kingswood Carols by Candlelight with Carpe Musicam,concert,scheduled,,2026-12-04,,,,,False,True,George,Garden Route,True,Kingswood Golf Estate (lawn in front of the Community Centre),"Plattner Boulevard, George",-33.971507,22.445892,nominatim,,,https://www.estate-living.co.za/news/the-big-one-celebrating-our-community-centres-first-birthday/,Kingswood BUZZard (Estate Living),,,"Picnic-blanket carols evening with Carpe Musicam leading the singing. Announced in the estate's homeowners' newsletter, so check with Kingswood whether non-residents can attend.",2026-10-08
2026-12-04-stories-en-sterre-by-stage-coach-santos-express,"Stories en Sterre by Stage Coach, Santos Express",concert,scheduled,,2026-12-04,,,,,False,False,Mossel Bay,Mossel Bay,True,Stage Coach,"Stage Coach, Santos",-34.178494,22.137214,event page,R250,https://www.webtickets.co.za/v2/event.aspx?itemid=1604610284,https://www.webtickets.co.za/v2/event.aspx?itemid=1604610284,Webtickets,,,Webtickets category: Music,2026-10-08
2026-12-04-real-nice-presents-high-tide-klinx,REAL NICE presents HIGH TIDE (KLINX),concert,scheduled,,2026-12-04,,18:00-00:00,,,False,False,Mossel Bay,Mossel Bay,True,The Beach Bar,"26 Beach East Boulevard, Die Voor Bay, Mossel Bay",-34.183202,22.153625,town centroid,R80,https://www.quicket.co.za/events/401475-real-nice-presents-high-tide/,https://www.quicket.co.za/events/401475-real-nice-presents-high-tide/,Quicket,,,"House/Afro house DJ night opening the REAL NICE summer. 18+, cashless.",2026-10-08
2026-12-05-palm-tyres-half-marathon-21-1-10-5-km,Palm Tyres Half Marathon (21.1 / 10 / 5 km),funrun,scheduled,,2026-12-05,,,,,False,False,George,Garden Route,True,"Palm Tyres, Courtenay Street","Courtenay Street, George",-33.963,22.4617,town centroid,,,https://runningcalendar.co.za/events/palm-tyres-half-marathon/2026,RunningCalendar.co.za,https://dash.streblainnovations.com/races/,images/2026-12-05-palm-tyres-half-marathon-21-1-10-5-km.webp,"Grasshoppers / Outeniqua Harriers staple from Palm Tyres, Courtenay Street. Walkers welcome. Watch for entry opening. Date, time and venue confirmed. Fees and entry link not yet published (assumed from 2025). Listed by Running Guy (Garden Route races dashboard).",2026-10-08
2026-12-05-the-wizard-of-oz,The Wizard of Oz,musical,scheduled,,2026-12-05,2026-12-19,,,,False,False,George,Garden Route,True,The George Arts Theatre,"The George Arts Theatre, 125 York Street, George Central",-33.956066,22.457985,event page,R120 - R150,https://www.webtickets.co.za/v2/event.aspx?itemid=1602663500,https://www.webtickets.co.za/v2/event.aspx?itemid=1602663500,Webtickets,,,"Pantomime. Shows 5, 9-11 and 16-19 Dec (per Webtickets calendar).",2026-10-08
2026-12-05-tribute-to-fourplay-and-george-benson,Tribute to FOURPLAY and GEORGE BENSON,concert,scheduled,,2026-12-05,,,,,False,False,George,Garden Route,True,GEORGE CIVIC CENTRE,GEORGE CIVIC CENTRE,-33.960856,22.454086,event page,R150,https://www.webtickets.co.za/v2/event.aspx?itemid=1602698835,https://www.webtickets.co.za/v2/event.aspx?itemid=1602698835,Webtickets,,images/2026-12-05-tribute-to-fourplay-and-george-benson.webp,Webtickets category: Music,2026-10-08
2026-12-05-garden-route-festive-gift-market-hartenbos,Garden Route Festive Gift Market (Hartenbos),market,scheduled,,2026-12-05,2027-01-03,09:00-18:00,,,False,True,Hartenbos,Mossel Bay,True,Garden Route Gift Market,"Cnr Onderbos & Witteboom Streets, Hartenbos",-34.125216,22.113442,town centroid,,,https://visitmosselbay.co.za/event/garden-route-festive-market/,Visit Mossel Bay (tourism calendar),,images/2026-12-05-garden-route-festive-gift-market-hartenbos.webp,Holiday gift market for local products and brands during the December season.,2026-10-08
2026-12-05-outeniqua-kersmark-2026-christmas-market,Outeniqua Kersmark 2026 (Christmas Market),market,scheduled,,2026-12-05,2026-12-19,09:00-18:00,"Daily 09:00-18:00, 5-19 Dec (closed Sundays)",2026-12-05 | 2026-12-07 | 2026-12-08 | 2026-12-09 | 2026-12-10 | 2026-12-11 | 2026-12-12 | 2026-12-14 | 2026-12-15 | 2026-12-16 | 2026-12-17 | 2026-12-18 | 2026-12-19,False,True,George,Garden Route,True,NG Moedergemeente Kerksaal,"Courtenay Street, George",-33.961058,22.471277,nominatim,Free entry,,https://allevents.in/george/outeniqua-kersmark/200030596855013,AllEvents (Facebook-indexed event),,images/2026-12-05-outeniqua-kersmark-2026-christmas-market.webp,"One of the Garden Route's popular annual Christmas markets: handmade gifts, decorations, treats, jewellery and fashion.",2026-10-08
2026-12-06-hope-family-christmas-show,Hope Family Christmas Show,community,scheduled,,2026-12-06,,,,,False,True,George,Garden Route,True,Hope Church (Hope Family),"Cnr Knysna Road & Fourth Street, Eastern Extension, George",-33.964868,22.482135,nominatim,,,https://hopefamily.org/event/,Hope Family / Hope Church George (official site),,,Hope Church George's annual Christmas Show (Sunday). Times and details to be announced on the church's events page.,2026-10-08
2026-12-11-real-nice-presents-day-dreaming,REAL NICE presents DAY DREAMING,concert,scheduled,,2026-12-11,,18:00-00:00,,,False,False,Mossel Bay,Mossel Bay,True,The Beach Bar,"26 Beach East Boulevard, Die Voor Bay, Mossel Bay",-34.183202,22.153625,town centroid,R80,https://www.quicket.co.za/events/401479-real-nice-presents-day-dreaming/,https://www.quicket.co.za/events/401479-real-nice-presents-day-dreaming/,Quicket,,,Warm-up party with REAL NICE resident DJs. 18+.,2026-10-08
2026-12-11-christmas-in-strings,Christmas in Strings,concert,scheduled,,2026-12-11,,19:30,,,False,True,George,Garden Route,True,Moedergemeente Church,"Kerk Street, Bodorp, 6530, George, Western Cape, South Africa",-33.95729,22.46322,event page,,https://www.quicket.co.za/events/388199-christmas-in-strings/#tickets,https://www.quicket.co.za/events/388199-christmas-in-strings/,Quicket,,images/2026-12-11-christmas-in-strings.webp,,2026-10-08
2026-12-11-pj-powers-live-in-knysna,PJ POWERS live in Knysna,concert,scheduled,,2026-12-11,,19:30,,,False,False,Knysna,Garden Route,True,Blend Country Restaurant & Pub,"George Rex Drive, 6571, Knysna, Western Cape, South Africa",-34.062996,23.071112,event page,,https://www.quicket.co.za/events/400050-pj-powers-live-in-knysna/#tickets,https://www.quicket.co.za/events/400050-pj-powers-live-in-knysna/,Quicket,,images/2026-12-11-pj-powers-live-in-knysna.webp,,2026-10-08
2026-12-12-garden-route-rare-plant-festival,Garden Route Rare Plant Festival,festival,scheduled,,2026-12-12,2026-12-13,,,,False,False,George,Garden Route,True,Garden Route Botanical Garden,,-33.944297,22.462794,nominatim,,,https://www.ontheroute.co.za/your-garden-route-event-guide-1-october/,On The Route (Garden Route event guide),,,Third annual gathering for collectors of rare plants (not a music event).,2026-10-08
2026-12-12-george-festival-2026-sport-culture-music,"George Festival 2026 (sport, culture & music)",festival,scheduled,,2026-12-12,2026-12-16,,,,False,False,George,Garden Route,True,Various venues across George,George,-33.963,22.4617,town centroid (multiple venues),,,https://www.george.gov.za/planning-development/local-economic-development/tourism/george-festival-2025-culture-sport-art/,George Municipality,https://www.george.gov.za/george-festival-2026-set-to-be-bigger-and-better/ | https://www.georgeherald.com/News/Article/Local-News/george-festival-2026-expands-with-more-sport-beach-activities-and-entertainment-202608260841,images/2026-12-12-george-festival-2026-sport-culture-music.webp,"Second George Festival, 12-16 December 2026: 10s rugby, soccer, athletics, vlakkie cricket, beach volleyball, table tennis, netball, disability sport, a 10 km road race, and gospel and jazz music festivals. Programme, venues and times still to be announced. In 2025 the municipality's Annual Lights Festival (Christmas lights switch-on at Unity Park, York Street) opened the festival; the 2026 lights date is not yet published.",2026-10-08
2026-12-12-somerson-half-marathon-hartenbos-21-1-10-5-km,"Somerson Half Marathon, Hartenbos (21.1 / 10 / 5 km)",funrun,scheduled,,2026-12-12,,,,,False,False,Hartenbos,Mossel Bay,True,Hartenbos,Hartenbos,-34.12874,22.11255,nominatim,,,https://runningcalendar.co.za/races/city/george,RunningCalendar.co.za,https://dash.streblainnovations.com/races/,,"Hartenbos half in the December holiday cluster. Local, flat-ish coastal roads. Listed by Running Guy (Garden Route races dashboard).",2026-10-08
2026-12-12-let-s-love-local-gift-market-at-redberry-farm,Let's Love Local Gift Market at Redberry Farm,market,scheduled,,2026-12-12,2027-01-02,09:00-16:00,"Mon-Sat 09:00-16:00, 12 Dec 2026 - 2 Jan 2027 (closed Sundays & Christmas Day)",2026-12-12 | 2026-12-14 | 2026-12-15 | 2026-12-16 | 2026-12-17 | 2026-12-18 | 2026-12-19 | 2026-12-21 | 2026-12-22 | 2026-12-23 | 2026-12-24 | 2026-12-26 | 2026-12-28 | 2026-12-29 | 2026-12-30 | 2026-12-31 | 2027-01-01 | 2027-01-02,False,True,George,Garden Route,True,Redberry Farm (marquee),"Geelhoutboom Road, Blanco, George",-33.958814,22.382556,nominatim,,,https://letslovelocal.co.za/,Let's Love Local Gift Market (official site),,images/2026-12-12-let-s-love-local-gift-market-at-redberry-farm.webp,"One of SA's largest holiday markets: 220+ vendors of handmade SA gifts, decor and crafts, hosted by Boerevintage at Redberry Farm.",2026-10-08
2026-12-12-real-nice-presents-mossel-biza-sickluv,REAL NICE presents MOSSEL-BIZA (SICKLUV),festival,scheduled,,2026-12-12,,14:00-00:00,,,False,False,Mossel Bay,Mossel Bay,True,The Beach Bar,"26 Beach East Boulevard, Die Voor Bay, Mossel Bay",-34.183202,22.153625,town centroid,R120,https://www.quicket.co.za/events/401482-real-nice-presents-mossel-biza/,https://www.quicket.co.za/events/401482-real-nice-presents-mossel-biza/,Quicket,,,"Main REAL NICE summer event: 2 dancefloors, 6 DJs. 18+.",2026-10-08
2026-12-12-kevin-fraser-decadance-comedy-tour-live-in-knysna,"Kevin Fraser – DECADANCE comedy tour, live in Knysna",musical,scheduled,,2026-12-12,,"Doors 18:00, show 20:00",,,False,False,Knysna,Garden Route,True,34 Waenhout – Live Venue,"11 Hadeda St, Knysna Industrial, Knysna",-34.035734,23.048485,town centroid,,https://kevinfraserofficial.com/worlds/stage,https://34waenhout.co.za/upcoming-events/,34 Waenhout (official site),https://kevinfraserofficial.com/worlds/stage | https://allevents.in/knysna/kevin-fraser-live-in-knysna-2026/200030644166524,,Stand-up comedy: 10 years of Kevin Fraser. Tickets via kevinfraserofficial.com.,2026-10-08
2026-12-14-louis-massyn-rocket-run-10-km-5-km,Louis Massyn Rocket Run (10 km & 5 km),funrun,scheduled,,2026-12-14,,,,,False,False,George,Garden Route,True,George,George,-33.931746,22.458972,nominatim,,,https://runningcalendar.co.za/races/city/george,RunningCalendar.co.za,https://dash.streblainnovations.com/races/,,Monday local 10/5 km in George. Festive-season club race. Listed by Running Guy (Garden Route races dashboard).,2026-10-08
2026-12-14-see-sand-live-at-reedvalley,See & Sand Live at ReedValley,concert,scheduled,,2026-12-14,,20:00,,,False,False,Mossel Bay,Mossel Bay,True,ReedValley,"ReedValley Farm, R327, Mossel Bay",-34.183202,22.153625,town centroid,,,https://visitmosselbay.co.za/event/see-sand-live/,Visit Mossel Bay (tourism calendar),,images/2026-12-14-see-sand-live-at-reedvalley.webp,,2026-10-08
2026-12-15-ballyhoo-50-year-celebration-tour,Ballyhoo 50 Year Celebration Tour,concert,scheduled,,2026-12-15,,17:30,,,False,False,Knysna,Garden Route,True,Knysna Gin Distillery & Cocktailbar,"5 Uil Street, Knysna Industrial, 6571, Knysna, Western Cape, South Africa",-34.044903,23.072895,event page,,https://www.quicket.co.za/events/400973-ballyhoo-50-year-celebration-tour/#tickets,https://www.quicket.co.za/events/400973-ballyhoo-50-year-celebration-tour/,Quicket,,images/2026-12-15-ballyhoo-50-year-celebration-tour.webp,,2026-10-08
2026-12-15-chera-lee-live-at-reedvalley,Chera Lee Live at ReedValley,concert,scheduled,,2026-12-15,,20:00,,,False,False,Mossel Bay,Mossel Bay,True,ReedValley,"ReedValley Farm, R327, Mossel Bay",-34.183202,22.153625,town centroid,,,https://visitmosselbay.co.za/event/chera-lee-live/,Visit Mossel Bay (tourism calendar),,images/2026-12-15-chera-lee-live-at-reedvalley.webp,,2026-10-08
2026-12-16-barrington-s-wine-festival-2026,Barrington's Wine Festival 2026,festival,scheduled,,2026-12-16,,,,,False,False,Plettenberg Bay,Garden Route,True,Barrington's,"Piesang Valley Road, Plettenberg Bay",-34.06221,23.358182,nominatim,,,https://www.barringtonsplett.co.za/barringtons-wine-festival-25/,Barrington's (official site),,,"Save-the-date announced by Barrington's (9th edition). 2025 had 20 SA estates, 100+ wines and live jazz; tickets not yet listed.",2026-10-08
2026-12-16-mossel-bay-street-market-december-night-market,Mossel Bay Street Market (December night market),market,scheduled,,2026-12-16,,,,,False,False,Mossel Bay,Mossel Bay,True,Marsh Street,"Marsh Street, Mossel Bay",-34.182397,22.139737,nominatim,,,https://www.oev.co.za/wp-content/uploads/Night-Markets-Application-for-Stall-Space-December-2026-15.09.26.pdf,"Mossel Bay festive markets (stall application, oev.co.za)",,,One of the municipal December night markets. Trading times not published on the source.,2026-10-08
2026-12-16-kmc-nite-race-10-km-5-km-fun-run-walk,KMC Nite Race (10 km & 5 km fun run/walk),funrun,scheduled,,2026-12-16,,18:00,,,False,False,Knysna,Garden Route,True,"Knysna Marathon Club House, Loerie Park","George Rex Drive, Knysna",-34.056132,23.069624,nominatim,R65,,https://runningcalendar.co.za/events/knysna-nite-race,RunningCalendar.co.za,https://www.racespace.co.za/race/7237-kmc-nite-race,images/2026-12-16-kmc-nite-race-10-km-5-km-fun-run-walk.webp,"Festive-season evening race by Knysna Marathon Club; 5 km fun run/walk R65, 10 km R125. Entries via Entry Ninja.",2026-10-08
2026-12-17-ballyhoo-live-at-reedvalley,Ballyhoo Live at ReedValley,concert,scheduled,,2026-12-17,,20:00,,,False,False,Mossel Bay,Mossel Bay,True,ReedValley,"ReedValley Farm, R327, Mossel Bay",-34.183202,22.153625,town centroid,,,https://visitmosselbay.co.za/event/ballyhoo-live/,Visit Mossel Bay (tourism calendar),,images/2026-12-17-ballyhoo-live-at-reedvalley.webp,,2026-10-08
2026-12-18-fancourt-10-km,Fancourt 10 km,funrun,scheduled,,2026-12-18,,,,,False,False,George,Garden Route,True,Fancourt,"Fancourt, George",-33.96791,22.410671,nominatim,,,https://runningcalendar.co.za/races/city/george,RunningCalendar.co.za,https://dash.streblainnovations.com/races/,images/2026-12-18-fancourt-10-km.webp,"Estate 10 km at Fancourt. Fast, scenic, local. Listed by Running Guy (Garden Route races dashboard).",2026-10-08
2026-12-18-hartenbos-night-market-1,Hartenbos Night Market 1,market,scheduled,,2026-12-18,,,,,False,False,Hartenbos,Mossel Bay,True,Joubert Park,"Joubert Park & Kaap de Goede Hoop Street, Hartenbos",-34.125216,22.113442,town centroid,,,https://www.oev.co.za/wp-content/uploads/Night-Markets-Application-for-Stall-Space-December-2026-15.09.26.pdf,"Mossel Bay festive markets (stall application, oev.co.za)",https://www.oev.co.za/wp-content/uploads/AANDMARKTE-Besprekingsaansoek-DESEMBER-2026.pdf,,Hartenbos Aandmark: all of Joubert Park plus street stalls. Trading times not published on the source.,2026-10-08
2026-12-18-float-fest-sa-groot-brak-2026,Float Fest SA – Groot Brak 2026,festival,scheduled,,2026-12-18,,09:00-20:00,,,False,False,Groot Brak,Mossel Bay,True,Suiderkruis Beach picnic area,"Suiderkruis Beach, Great Brak River",-34.0425,22.231389,town centroid,R250,https://weticket.co.za/event/details/1000189-float-fest-groot-brak,https://visitmosselbay.co.za/event/float-festival-grootbrak/,Visit Mossel Bay (tourism calendar),https://www.toodoo.co.za/float-fest-groot-brak-2026/ | https://www.ontheroute.co.za/your-garden-route-event-guide-1-october/,images/2026-12-18-float-fest-sa-groot-brak-2026.webp,"River floating, live music and DJs. Price per adult as listed on toodoo.",2026-10-08
2026-12-18-george-motor-club-champion-of-champions-wc-regiona,George Motor Club: Champion of Champions – WC Regional & club oval dirt (stock car) championships,sport,scheduled,,2026-12-18,2026-12-19,17:00-23:00,,,False,False,George,Garden Route,True,"George Motor Club oval track, George Showgrounds","George Showgrounds, R102 (Old Airport Road), Groeneweide Park, George",-33.959721,22.458715,town centroid,,https://georgemotorclub.racing/race-calendar/,https://www.motorsport.co.za/event/wc-regional-george-mc-club-oval-dirt-championships-champion-of-champions/,Motorsport South Africa,https://www.motorsport.co.za/wp-content/uploads/2026/10/2026-MSA-Annual-Events-Calendar-01.10.2026.pdf | https://georgemotorclub.racing/race-calendar/ | https://www.motorsport.co.za/venue/george-showgrounds-george/,,"Stock car oval dirt racing, WC regional & George MC club championships. Times 17:00-23:00 from the MSA 2026 events calendar (01.10.2026). Spectator prices for 2026 not yet published for this meeting (earlier 2026 George MC meetings: adults R100, kids under 12 R50). Info: Antoinette 073 455 8944, georgemotorklub@gmail.com.",2026-10-08
2026-12-19-punt-in-die-wind-kunste-week-arts-festival,Punt in die Wind Kunste-Week (arts festival),festival,scheduled,,2026-12-19,2026-12-26,,,,False,False,Mossel Bay,Mossel Bay,True,Mossel Bay Stadsaal (Town Hall),"Mossel Bay Town Hall, Mossel Bay",-34.181765,22.139347,nominatim,,https://itickets.co.za/events/486614,https://itickets.co.za/events/486614,iTickets,,images/2026-12-19-punt-in-die-wind-kunste-week-arts-festival.webp,"Multi-day access; Afrikaans music, theatre and kids' shows.",2026-10-08
2026-12-19-the-goods-shed-december-market,The Goods Shed December Market,market,scheduled,,2026-12-19,,,,,False,False,Mossel Bay,Mossel Bay,True,The Goods Shed,,-34.183202,22.153625,town centroid,,,https://www.oev.co.za/wp-content/uploads/Night-Markets-Application-for-Stall-Space-December-2026-15.09.26.pdf,"Mossel Bay festive markets (stall application, oev.co.za)",,,Listed with the December night markets. Trading times not published on the source.,2026-10-08
2026-12-19-moordkuil-race-friemersheim-15-km-4-km,"Moordkuil Race, Friemersheim (15 km & 4 km)",funrun,scheduled,,2026-12-19,,06:30,,,False,False,Groot Brak,Mossel Bay,True,Friemersheim Church,Friemersheim (above Groot Brak River),-33.952228,22.143106,event page,R35 (4 km),,https://runningcalendar.co.za/events/moordkuil-race,RunningCalendar.co.za,,,Rural country-road race from Friemersheim church with a short 4 km option (R35). Listing verified by RunningCalendar.,2026-10-08
2026-12-19-hartenbos-grootfees-aig-buitelug,Hartenbos GrootFees: AiG-Buitelug,festival,scheduled,,2026-12-19,,19:00-23:00 (gates 17:00),,,False,False,Hartenbos,Mossel Bay,True,ATKV Hartenbos Amphitheatre,"169 Majuba Avenue, Hartenbos",-34.122732,22.117828,nominatim,R295,https://itickets.co.za/events/486560,https://itickets.co.za/events/486560,iTickets,https://visitmosselbay.co.za/event/aig-buitelug-hartenbos-grootfees/ | https://afrmusieknuus.co.za/2026/08/27/betify-hartenbos-grootfees-2026-nog-groter-die-jaar/,images/2026-12-19-hartenbos-grootfees-aig-buitelug.webp,"Demi Lee Moore, Ruhan du Toit, Ricus Nel, Jo Black, Refentse, Barto, Juanita du Plessis, JACOBUS, Juan Boucher. Kids under 13 R150.",2026-10-08
2026-12-19-mathys-roets-live-at-reedvalley,Mathys Roets Live at ReedValley,concert,scheduled,,2026-12-19,,20:00,,,False,False,Mossel Bay,Mossel Bay,True,ReedValley,"ReedValley Farm, R327, Mossel Bay",-34.183202,22.153625,town centroid,R250,,https://visitmosselbay.co.za/event/mathys-roets-live-at-reedvalley/,Visit Mossel Bay (tourism calendar),,images/2026-12-19-mathys-roets-live-at-reedvalley.webp,,2026-10-08
2026-12-19-spoegwolf-live-in-george,Spoegwolf live in George,concert,scheduled,,2026-12-19,,20:00,,,False,False,George,Garden Route,True,George Civic Centre,"71 York Street, Dormehls Drift, 6529, George, Western Cape, South Africa",-33.961033,22.454147,event page,,https://www.quicket.co.za/events/398527-spoegwolf-live-in-george/#tickets,https://www.quicket.co.za/events/398527-spoegwolf-live-in-george/,Quicket,,images/2026-12-19-spoegwolf-live-in-george.webp,,2026-10-08
2026-12-20-get-lucky-summer-beacon-isle-plett-matthew-mole-fr,Get Lucky Summer (Beacon Isle) Plett – Matthew Mole & friends (Edition 1),concert,scheduled,,2026-12-20,,,,,False,False,Plettenberg Bay,Garden Route,True,Beacon Isle Resort,"Beacon Island Crescent, Plettenberg Bay",-34.052778,23.369444,town centroid,R180,https://www.howler.co.za/GLSBI1,https://www.howler.co.za/GLSBI1,Howler,,images/2026-12-20-get-lucky-summer-beacon-isle-plett-matthew-mole-fr.webp,,2026-10-08
2026-12-20-tower-2-sea-trail-run-56-50-42-33-km,Tower-2-Sea Trail Run (56 / 50 / 42 / 33 km),funrun,scheduled,,2026-12-20,,,,,False,False,Knysna,Garden Route,True,Buffelsnek Fire Tower → Thesen Island,"Buffelsnek / Thesen Island, Knysna",-34.047775,23.053784,nominatim (finish),,https://entrytickets.co.za/tower2sea,https://www.wannado.co.za/t2s,WannaDo / Tower-2-Sea (official site),https://entrytickets.co.za/tower2sea | https://dash.streblainnovations.com/races/,images/2026-12-20-tower-2-sea-trail-run-56-50-42-33-km.webp,"Sunrise start at Buffelsnek Fire Tower, descend through Knysna Forest (Outeniqua Hiking Trail / elephant paths) to Thesen Island. Distances 33–56 km (no short fun-run option). Listed by Running Guy (Garden Route races dashboard).",2026-10-08
2026-12-20-refentse-live-at-reedvalley,Refentse Live at ReedValley,concert,scheduled,,2026-12-20,,20:00,,,False,False,Mossel Bay,Mossel Bay,True,ReedValley,"ReedValley Farm, R327, Mossel Bay",-34.183202,22.153625,town centroid,R295,,https://visitmosselbay.co.za/event/refentse-live-at-reedvalley/,Visit Mossel Bay (tourism calendar),,images/2026-12-20-refentse-live-at-reedvalley.webp,,2026-10-08
2026-12-20-steve-hofmeyr-punt-in-die-wind,Steve Hofmeyr – Punt in die Wind,concert,scheduled,,2026-12-20,,20:00,,,False,False,Mossel Bay,Mossel Bay,True,Mossel Bay Stadsaal (Town Hall),"Mossel Bay Town Hall, Mossel Bay",-34.181765,22.139347,nominatim,,https://itickets.co.za/events/486199,https://itickets.co.za/events/486199,iTickets,,images/2026-12-20-steve-hofmeyr-punt-in-die-wind.webp,Part of Punt in die Wind Kunste-Week.,2026-10-08
2026-12-21-marion-holm-punt-in-die-wind,Marion Holm – Punt in die Wind,concert,scheduled,,2026-12-21,,10:00,,,False,False,Mossel Bay,Mossel Bay,True,Mossel Bay Stadsaal (Town Hall),"Mossel Bay Town Hall, Mossel Bay",-34.181765,22.139347,nominatim,,https://itickets.co.za/events/486200,https://itickets.co.za/events/486200,iTickets,,images/2026-12-21-marion-holm-punt-in-die-wind.webp,Part of Punt in die Wind Kunste-Week.,2026-10-08
2026-12-21-roan-ash-live-at-reedvalley,Roan Ash Live at ReedValley,concert,scheduled,,2026-12-21,,20:00,,,False,False,Mossel Bay,Mossel Bay,True,ReedValley,"ReedValley Farm, R327, Mossel Bay",-34.183202,22.153625,town centroid,R350,,https://visitmosselbay.co.za/event/roan-ash-live-at-reedvalley/,Visit Mossel Bay (tourism calendar),,images/2026-12-21-roan-ash-live-at-reedvalley.webp,,2026-10-08
2026-12-21-the-billy-joel-experience-live-in-george,The Billy Joel Experience live in George,concert,scheduled,,2026-12-21,,20:00,,,False,False,George,Garden Route,True,George Civic Centre,"71 York Street, Dormehls Drift, 6529, George, Western Cape, South Africa",-33.961033,22.454147,event page,,https://www.quicket.co.za/events/398838-the-billy-joel-experience-live-in-george/#tickets,https://www.quicket.co.za/events/398838-the-billy-joel-experience-live-in-george/,Quicket,,images/2026-12-21-the-billy-joel-experience-live-in-george.webp,,2026-10-08
2026-12-22-matthew-mole-live-in-knysna,MATTHEW MOLE live in Knysna,concert,scheduled,,2026-12-22,,15:00 (gates 13:30),,,False,False,Knysna,Garden Route,True,Blend Country Restaurant & Pub,"George Rex Dr, Knysna",-34.056132,23.069624,nominatim,R320,https://www.quicket.co.za/events/401549-matthew-mole-live-in-knysna/,https://www.quicket.co.za/events/401549-matthew-mole-live-in-knysna/,Quicket,,,"Phase 1 R320 until 22 Nov, Phase 2 R360, gate R400. Kids 5 and under free.",2026-10-08
2026-12-22-die-heilige-nag-petronel-baard-mathys-roets-christ,Die Heilige Nag – Petronel Baard & Mathys Roets Christmas concert,concert,scheduled,,2026-12-22,,19:00-21:00,,,False,True,Hartenbos,Mossel Bay,True,NG Gemeente Hartenbos,"4 Majuba Avenue, Hartenbos",-34.122732,22.117828,nominatim (street),R200,https://www.quicket.co.za/events/392041-die-heilige-nag/,https://www.quicket.co.za/events/392041-die-heilige-nag/,Quicket,,images/2026-12-22-die-heilige-nag-petronel-baard-mathys-roets-christ.webp,"One-night Christmas show: Petronel Baard and her orchestra with singer Mathys Roets, Christmas favourites on violin, percussion, guitars, cello and piano, plus Christmas stories. Tickets from R200 via Quicket or the church office 044 695 0440; WhatsApp Petronel 082 737 8416.",2026-10-08
2026-12-22-tribute-to-elvis-presley-james-marais-monique-cass,Tribute to Elvis Presley (James Marais & Monique Cassells) at ReedValley,concert,scheduled,,2026-12-22,,20:00,,,False,False,Mossel Bay,Mossel Bay,True,ReedValley,"ReedValley Farm, R327, Mossel Bay",-34.183202,22.153625,town centroid,R200,,https://visitmosselbay.co.za/event/tribute-to-elvis-at-reedvalley/,Visit Mossel Bay (tourism calendar),,images/2026-12-22-tribute-to-elvis-presley-james-marais-monique-cass.webp,,2026-10-08
2026-12-23-hartenbos-night-market-2,Hartenbos Night Market 2,market,scheduled,,2026-12-23,,,,,False,False,Hartenbos,Mossel Bay,True,Joubert Park,"Joubert Park & Kaap de Goede Hoop Street, Hartenbos",-34.125216,22.113442,town centroid,,,https://www.oev.co.za/wp-content/uploads/Night-Markets-Application-for-Stall-Space-December-2026-15.09.26.pdf,"Mossel Bay festive markets (stall application, oev.co.za)",https://www.oev.co.za/wp-content/uploads/AANDMARKTE-Besprekingsaansoek-DESEMBER-2026.pdf,,Hartenbos Aandmark: all of Joubert Park plus street stalls. Trading times not published on the source.,2026-10-08
2026-12-23-bobby-van-jaarsveld-punt-in-die-wind,Bobby van Jaarsveld – Punt in die Wind,concert,scheduled,,2026-12-23,,20:00,,,False,False,Mossel Bay,Mossel Bay,True,Mossel Bay Stadsaal (Town Hall),"Mossel Bay Town Hall, Mossel Bay",-34.181765,22.139347,nominatim,,https://itickets.co.za/events/486592,https://itickets.co.za/events/486592,iTickets,,images/2026-12-23-bobby-van-jaarsveld-punt-in-die-wind.webp,Part of Punt in die Wind Kunste-Week.,2026-10-08
2026-12-23-joshua-na-die-reen-live-at-reedvalley,Joshua na die Reën Live at ReedValley,concert,scheduled,,2026-12-23,,20:00,,,False,False,Mossel Bay,Mossel Bay,True,ReedValley,"ReedValley Farm, R327, Mossel Bay",-34.183202,22.153625,town centroid,R270,,https://visitmosselbay.co.za/event/joshua-na-die-reen-live-at-reedvalley/,Visit Mossel Bay (tourism calendar),,images/2026-12-23-joshua-na-die-reen-live-at-reedvalley.webp,,2026-10-08
2026-12-23-the-billy-joel-experience-live-in-knysna,The Billy Joel Experience live in Knysna,concert,scheduled,,2026-12-23,,20:00,,,False,False,Knysna,Garden Route,True,"Simola Hotel, Country Club & Spa","1 Old Cape Road, 6571, Simola Golf and Country Estate, Western Cape, South Africa",-34.00522,23.03852,event page,,https://www.quicket.co.za/events/399396-the-billy-joel-experience-live-in-knysna/#tickets,https://www.quicket.co.za/events/399396-the-billy-joel-experience-live-in-knysna/,Quicket,,images/2026-12-23-the-billy-joel-experience-live-in-knysna.webp,,2026-10-08
2026-12-24-magda-erhard-louw-punt-in-die-wind,Magda & Erhard Louw – Punt in die Wind,concert,scheduled,,2026-12-24,,13:00,,,False,False,Mossel Bay,Mossel Bay,True,Mossel Bay Stadsaal (Town Hall),"Mossel Bay Town Hall, Mossel Bay",-34.181765,22.139347,nominatim,,https://itickets.co.za/events/486213,https://itickets.co.za/events/486213,iTickets,,images/2026-12-24-magda-erhard-louw-punt-in-die-wind.webp,Part of Punt in die Wind Kunste-Week.,2026-10-08
2026-12-26-juan-boucher-live-at-reedvalley,Juan Boucher Live at ReedValley,concert,scheduled,,2026-12-26,,20:00,,,False,False,Mossel Bay,Mossel Bay,True,ReedValley,"ReedValley Farm, R327, Mossel Bay",-34.183202,22.153625,town centroid,R350,,https://visitmosselbay.co.za/event/jaun-boucher-live-at-reedvalley/,Visit Mossel Bay (tourism calendar),,images/2026-12-26-juan-boucher-live-at-reedvalley.webp,,2026-10-08
2026-12-26-klipwerf-langarm-dance-punt-in-die-wind,Klipwerf (langarm dance) – Punt in die Wind,concert,scheduled,,2026-12-26,,20:00,,,False,False,Mossel Bay,Mossel Bay,True,Mossel Bay Stadsaal (Town Hall),"Mossel Bay Town Hall, Mossel Bay",-34.181765,22.139347,nominatim,,https://itickets.co.za/events/486215,https://itickets.co.za/events/486215,iTickets,,images/2026-12-26-klipwerf-langarm-dance-punt-in-die-wind.webp,Part of Punt in die Wind Kunste-Week.,2026-10-08
2026-12-26-the-billy-joel-experience-live-in-knysna,The Billy Joel Experience live in Knysna,concert,scheduled,,2026-12-26,,20:00,,,False,False,Knysna,Garden Route,True,"Simola Hotel, Country Club & Spa","1 Old Cape Road, 6571, Simola Golf and Country Estate, Western Cape, South Africa",-34.00522,23.03852,event page,,https://www.quicket.co.za/events/399888-the-billy-joel-experience-live-in-knysna/#tickets,https://www.quicket.co.za/events/399888-the-billy-joel-experience-live-in-knysna/,Quicket,,images/2026-12-26-the-billy-joel-experience-live-in-knysna.webp,,2026-10-08
2026-12-26-monties-cycles-mtb-trail-run-challenge-incl-6-km-f,Monties Cycles MTB & Trail Run Challenge (incl. 6 km fun walk/run),funrun,scheduled,,2026-12-26,,Registration 05:00-06:30,,,False,False,Mossel Bay,Mossel Bay,True,Misty Valley Farm (Laminin Agora venue),"Erf 151, Outeniquabosch, Brandwacht, Hartenbos",-34.183202,22.153625,town centroid,R70,https://www.entryninja.com/events/83037,https://www.entryninja.com/events/83037,Entry Ninja,https://startingline.co.za/events/monties-cycles-mtb-trail-run-challenge-a466e7dc,images/2026-12-26-monties-cycles-mtb-trail-run-challenge-incl-6-km-f.webp,"Post-Christmas family outing: 6 km fun walk/run (R70), 12 km trail run, MTB and gravel routes; deli, gin tasting and kids' play area.",2026-10-08
2026-12-27-sabrina-love-summer-challenge-2026-beach-walk-more,Sabrina Love Summer Challenge 2026 (beach walk & more),funrun,scheduled,,2026-12-27,2026-12-30,06:00-11:00,,,False,False,Plettenberg Bay,Garden Route,True,Central Beach & Kurland Estate,"Central Beach, Plettenberg Bay; Kurland Estate, The Crags",-34.057967,23.378324,nominatim,R150,,https://www.plett-tourism.co.za/events/sabrina-love-summer-challenge-2026/,Plett Tourism,https://startingline.co.za/events/sabrina-love-foundation-beach-walk-surf-ski-challenge-48df92f5,images/2026-12-27-sabrina-love-summer-challenge-2026-beach-walk-more.webp,"Fun, inclusive family challenge (beach walk, trail running, MTB, swimming, paddling) raising funds for children in need. Adults R200, children R150.",2026-10-08
2026-12-27-paradisco-on-the-island,Paradisco – On The Island,festival,scheduled,,2026-12-27,,12:00-21:00,,,False,False,Plettenberg Bay,Garden Route,True,Stanley Island,"Stanley Island, Keurbooms River, Plettenberg Bay",-34.011203,23.40025,nominatim,,,https://allevents.in/plettenberg-bay/paradisco-on-the-island-27-december-2026/80002348646276,AllEvents (organiser: Anything Goes),,,Disco party on Stanley Island by Anything Goes. Tickets & tables 'coming soon'. Listing shows both 12:00 and 14:00 start.,2026-10-08
2026-12-27-get-lucky-summer-beacon-isle-plett-prime-circle-le,Get Lucky Summer (Beacon Isle) Plett – Prime Circle & Lee Cole (Edition 2),concert,scheduled,,2026-12-27,,15:00-21:00,,,False,False,Plettenberg Bay,Garden Route,True,Beacon Isle Resort,"Beacon Island Crescent, Plettenberg Bay",-34.052778,23.369444,town centroid,R180,https://www.howler.co.za/GLSBI2,https://new-ux.howler.co.za/events/get-lucky-summer-beacon-isle-plett-ft-prime-circle-lee-cole-edition-2-1074,Howler,https://www.howler.co.za/GLSBI2,images/2026-12-27-get-lucky-summer-beacon-isle-plett-prime-circle-le.webp,Lawns at Beacon Island.,2026-10-08
2026-12-27-the-billy-joel-experience-in-wilderness,The Billy Joel Experience in Wilderness,concert,scheduled,,2026-12-27,,20:00,,,False,False,Wilderness,Garden Route,True,The Anew Hotel Wilderness,"6 George Road, Wilderness, 6560, Wilderness, Western Cape, South Africa",-33.993053,22.577175,event page,,https://www.quicket.co.za/events/398219-the-billy-joel-experience-in-wilderness/#tickets,https://www.quicket.co.za/events/398219-the-billy-joel-experience-in-wilderness/,Quicket,,images/2026-12-27-the-billy-joel-experience-in-wilderness.webp,,2026-10-08
2026-12-28-wanderbay-sexy-groovy-love-showcase,Wanderbay: Sexy Groovy Love showcase,festival,scheduled,,2026-12-28,,,,,False,False,Plettenberg Bay,Garden Route,True,Cairnbrogie,"Plettenberg Bay Airport Road, Kranshoek, Plettenberg Bay",-34.052778,23.369444,town centroid,,http://wanderbay.co.za/,http://wanderbay.co.za/,Wanderbay (official site),,,Season pass covers 28 Dec showcase and NYE.,2026-10-08
2026-12-28-glaskas-live-at-reedvalley,Glaskas Live at ReedValley,concert,scheduled,,2026-12-28,,20:00,,,False,False,Mossel Bay,Mossel Bay,True,ReedValley,"ReedValley Farm, R327, Mossel Bay",-34.183202,22.153625,town centroid,R280,,https://visitmosselbay.co.za/event/glaskas-live-at-reedvalley/,Visit Mossel Bay (tourism calendar),,images/2026-12-28-glaskas-live-at-reedvalley.webp,,2026-10-08
2026-12-28-the-billy-joel-experience-live-in-plett,The Billy Joel Experience live in Plett,concert,scheduled,,2026-12-28,,20:00,,,False,False,Plettenberg Bay,Garden Route,True,Piesang Valley Community Hall,"7 Green Point Avenue, Plettenberg Bay, 6600, Plettenberg Bay, Western Cape, South Africa",-34.062893,23.366018,event page,,https://www.quicket.co.za/events/398190-the-billy-joel-experience-live-in-plett/#tickets,https://www.quicket.co.za/events/398190-the-billy-joel-experience-live-in-plett/,Quicket,,images/2026-12-28-the-billy-joel-experience-live-in-plett.webp,,2026-10-08
2026-12-28-wild-spirit-festival-of-friends,Wild Spirit Festival of Friends,festival,scheduled,,2026-12-28,2027-01-02,Gates 12:00-17:00 on 28 Dec,,,True,False,Nature's Valley,Garden Route,True,Wild Spirit Lodge & Backpackers,"R102 Nature's Valley Road, The Crags",-33.979722,23.556667,town centroid,,https://www.wildspiritfestival.co.za/apply,https://www.wildspiritfestival.co.za/,Wild Spirit Festival (official site),https://www.ontheroute.co.za/your-garden-route-event-guide-1-october/,images/2026-12-28-wild-spirit-festival-of-friends.webp,"11th annual 5-day New Year camping festival: music, art, workshops. Line-up due Nov 2026.",2026-10-08
2026-12-29-get-lucky-summer-knysna-goodluck-the-parlotones-bo,"Get Lucky Summer Knysna – GoodLuck, The Parlotones, Booshle G, Veranda Panda & Lee Cole",concert,scheduled,,2026-12-29,,15:00-21:30,,,False,False,Knysna,Garden Route,True,Loerie Park Sports Grounds,"George Rex Drive, Knysna",-34.056132,23.069624,nominatim,R180,https://www.howler.co.za/glsknysna26,https://www.howler.co.za/events/get-lucky-summer-knsyna-ft-goodluck-the-parlotones-booshle-g-veranda-panda-lee-cole-72a0,Howler,https://www.howler.co.za/glsknysna26,images/2026-12-29-get-lucky-summer-knysna-goodluck-the-parlotones-bo.webp,Kids U12 R180; family of 4 R280; early bird R300.,2026-10-08
2026-12-29-hartenbos-grootfees-alternatief-is-groot,Hartenbos GrootFees: Alternatief is Groot,festival,scheduled,,2026-12-29,,16:00,,,False,False,Hartenbos,Mossel Bay,True,ATKV Hartenbos Amphitheatre,"169 Majuba Avenue, Hartenbos",-34.122732,22.117828,nominatim,R295,,https://visitmosselbay.co.za/event/alternatief-is-groot-hartenbos-groot-fees/,Visit Mossel Bay (tourism calendar),https://afrmusieknuus.co.za/2026/08/27/betify-hartenbos-grootfees-2026-nog-groter-die-jaar/,images/2026-12-29-hartenbos-grootfees-alternatief-is-groot.webp,"JACOBUS, ONS, Die Heuwels Fantasties, Francois van Coke, Spoegwolf, Droomsindroom, G-String. Price per afrmusieknuus (general access).",2026-10-08
2026-12-30-bundu-bashers-psychedelic-underground-festival,Bundu Bashers – psychedelic underground festival,festival,scheduled,,2026-12-30,2027-01-02,12:00 30 Dec – 19:00 2 Jan,,,True,False,Tsitsikamma,Garden Route,True,Tannehof Guest farm,"Farm Rd, Bluelilliesbush, Tsitsikamma, 6308",-33.963257,23.931671,town centroid,R270,https://www.howler.co.za/BUNDUBASHERS,https://www.howler.co.za/BUNDUBASHERS,Howler,,images/2026-12-30-bundu-bashers-psychedelic-underground-festival.webp,"Psytrance camping festival, 18+. Map pin is approximate (Tsitsikamma area, placed at Storms River).",2026-10-08
2026-12-30-spoegwolf-live-in-plettenberg-bay,Spoegwolf live in Plettenberg Bay,concert,scheduled,,2026-12-30,,20:00,,,False,False,Plettenberg Bay,Garden Route,True,Piesang Valley Community Hall,"7 Green Point Avenue, Plettenberg Bay, 6600, Plettenberg Bay, Western Cape, South Africa",-34.062893,23.366018,event page,,https://www.quicket.co.za/events/398452-spoegwolf-live-in-plettenberg-bay/#tickets,https://www.quicket.co.za/events/398452-spoegwolf-live-in-plettenberg-bay/,Quicket,,images/2026-12-30-spoegwolf-live-in-plettenberg-bay.webp,,2026-10-08
2026-12-31-hope-family-new-year-s-eve-event,Hope Family New Year's Eve Event,community,scheduled,,2026-12-31,,,,,True,False,George,Garden Route,True,Hope Church (Hope Family),"Cnr Knysna Road & Fourth Street, Eastern Extension, George",-33.964868,22.482135,nominatim,,,https://hopefamily.org/event/,Hope Family / Hope Church George (official site),,,New Year's Eve gathering at Hope Church George. Details to be announced on the church's events page.,2026-10-08
2026-12-31-new-year-s-eve-at-barrington-s-dj-mike,New Year's Eve at Barrington's (DJ Mike),restaurant,scheduled,,2026-12-31,,,,,True,False,Plettenberg Bay,Garden Route,True,Barrington's,"Piesang Valley Road, Plettenberg Bay",-34.06221,23.358182,nominatim,,https://calendar.dineplan.com/HFBQCc9v/guests?guests=1&date=2026-12-31,https://www.barringtonsplett.co.za/events-news/,Barrington's (official site),,,NYE party with DJ Mike and bubbly; book via Dineplan.,2026-10-08
2026-12-31-oujaarsdraffie-new-year-s-eve-run-10-km-4-km,Oujaarsdraffie New Year's Eve run (10 km & 4 km),funrun,scheduled,,2026-12-31,,06:00,,,True,False,Hartenbos,Mossel Bay,True,ATKV Amphitheatre,Hartenbos,-34.122212,22.117421,event page,R65 (4 km),,https://runningcalendar.co.za/events/oujaarsdraffie,RunningCalendar.co.za,,,New Year's Eve morning 'draffie' (jog) in Hartenbos with a 4 km option alongside the 10 km. Listing verified by RunningCalendar; online entries open. The organiser doesn't label the 4 km a fun run.,2026-10-08
2026-12-31-groot-brak-grabadoo-2026-mtb-4-8-km-fun-walk,Groot Brak Grabadoo 2026 (MTB & 4.8 km fun walk),funrun,scheduled,,2026-12-31,,07:00-14:00,,,True,False,Groot Brak,Mossel Bay,True,Groot Brak sport fields,"67 Long Street, Great Brak River",-34.0425,22.231389,town centroid,,,https://visitmosselbay.co.za/event/groot-brak-grabadoo-2026/,Visit Mossel Bay (tourism calendar),,images/2026-12-31-groot-brak-grabadoo-2026-mtb-4-8-km-fun-walk.webp,"Iconic New Year's Eve cycling & walking event: four MTB routes or a scenic 4.8 km fun walk, plus a family fun day.",2026-10-08
2026-12-31-wanderbay-nye-2026-zakes-bantwini-more,Wanderbay NYE 2026 (Zakes Bantwini & more),festival,scheduled,,2026-12-31,2027-01-01,17:00,,,True,False,Plettenberg Bay,Garden Route,True,Cairnbrogie,"Plettenberg Bay Airport Road, Kranshoek, Plettenberg Bay",-34.052778,23.369444,town centroid,R575,https://www.howler.co.za/wanderbaynye2026,https://www.howler.co.za/wanderbaynye2026,Howler,https://www.plett-tourism.co.za/events/wanderbay-nye-2026/ | http://wanderbay.co.za/ | https://festival101.co.za/events/wanderbay-nye-festival-2026-plettenberg-bay/,images/2026-12-31-wanderbay-nye-2026-zakes-bantwini-more.webp,"Electronic music (Afro house to disco), 18+.",2026-10-08
2026-12-31-hartenbos-grootfees-grootjol-new-year-s-eve,Hartenbos GrootFees: GrootJol (New Year's Eve),festival,scheduled,,2026-12-31,,19:00-23:00 (gates 17:00),,,True,False,Hartenbos,Mossel Bay,True,ATKV Hartenbos Amphitheatre,"169 Majuba Avenue, Hartenbos",-34.122732,22.117828,nominatim,R295,https://itickets.co.za/register/new/486562,https://itickets.co.za/register/new/486562,iTickets,https://visitmosselbay.co.za/event/groot-jol-hartenbos-groot-fees/ | https://afrmusieknuus.co.za/2026/08/27/betify-hartenbos-grootfees-2026-nog-groter-die-jaar/,images/2026-12-31-hartenbos-grootfees-grootjol-new-year-s-eve.webp,"Brendan Peyper, Robbie Wessels, Appel, Bernice West, Monique Steyn, Liezel Pieters, Danny Smoke, Chris Steyn.",2026-10-08
2026-12-31-masters-of-rock-mark-haze-group-nye-at-reedvalley,Masters of Rock – Mark Haze & Group (NYE) at ReedValley,concert,scheduled,,2026-12-31,,20:00,,,True,False,Mossel Bay,Mossel Bay,True,ReedValley,"ReedValley Farm, R327, Mossel Bay",-34.183202,22.153625,town centroid,R450,,https://visitmosselbay.co.za/event/masters-of-rock-mark-haze-group/,Visit Mossel Bay (tourism calendar),,images/2026-12-31-masters-of-rock-mark-haze-group-nye-at-reedvalley.webp,,2026-10-08
2026-12-31-plett-nye-festival-goodluck-the-parlotones-booshle,"Plett NYE Festival – GoodLuck, The Parlotones, Booshle G & Saxby Twins (Get Lucky Summer NYE)",festival,scheduled,,2026-12-31,2027-01-01,"Gates 17:00, music until 01:00",,,True,False,Plettenberg Bay,Garden Route,True,Plett Rugby Club,,-34.07842,23.367485,nominatim,R320,https://www.howler.co.za/GLSNYE26,https://www.howler.co.za/GLSNYE26,Howler,https://www.plett-tourism.co.za/events/get-lucky-summer-nye-2026/,images/2026-12-31-plett-nye-festival-goodluck-the-parlotones-booshle.webp,Under 18s must be accompanied by an adult.,2026-10-08
2027-01-03-get-lucky-summer-beacon-isle-plett-will-linley-fri,Get Lucky Summer (Beacon Isle) Plett – Will Linley & friends (Edition 3),concert,scheduled,,2027-01-03,,,,,False,False,Plettenberg Bay,Garden Route,True,Beacon Isle Resort,"Beacon Island Crescent, Plettenberg Bay",-34.052778,23.369444,town centroid,R180,https://www.howler.co.za/GLSBI3,https://www.howler.co.za/GLSBI3,Howler,,images/2027-01-03-get-lucky-summer-beacon-isle-plett-will-linley-fri.webp,,2026-10-08
2027-01-03-red-men-trail-run-herold-wine-farm-18-km-12-km-5-k,"Red Men Trail Run, Herold Wine Farm (18 km, 12 km & 5 km fun run)",funrun,scheduled,,2027-01-03,,07:00 (5 km fun run 07:15),,,False,False,George,Garden Route,True,Herold Wines,"Herold, Montagu Pass, George",-33.863723,22.469035,nominatim,R120 (5 km),,https://startingline.co.za/events/red-men-trail-run-2027-sun-3-jan-2027-george-municipality-western-cape-b44c4c0d,Starting Line,https://gotrail.run/en/event/red-men-trail-run,images/2027-01-03-red-men-trail-run-herold-wine-farm-18-km-12-km-5-k.webp,Morning trail run in the Outeniqua Mountains followed by a picnic and wine tasting. 5 km fun run R120 (medal); 12 km and 18 km R450 (incl. custom-label Herold wine). Limited to 200 entries; picnic meals bookable.,2026-10-08
2027-01-04-tribute-to-neil-diamond-at-reedvalley,Tribute to Neil Diamond at ReedValley,concert,scheduled,,2027-01-04,,20:00,,,False,False,Mossel Bay,Mossel Bay,True,ReedValley,"ReedValley Farm, R327, Mossel Bay",-34.183202,22.153625,town centroid,R300,,https://visitmosselbay.co.za/event/tribute-to-neil-diamond-at-reedvalley-2/,Visit Mossel Bay (tourism calendar),,images/2027-01-04-tribute-to-neil-diamond-at-reedvalley.webp,,2026-10-08
2027-01-05-tribute-to-neil-diamond-at-reedvalley,Tribute to Neil Diamond at ReedValley,concert,scheduled,,2027-01-05,,20:00,,,False,False,Mossel Bay,Mossel Bay,True,ReedValley,"ReedValley Farm, R327, Mossel Bay",-34.183202,22.153625,town centroid,R300,,https://visitmosselbay.co.za/event/tribute-to-neil-diamond-at-reedvalley-3/,Visit Mossel Bay (tourism calendar),,images/2027-01-05-tribute-to-neil-diamond-at-reedvalley.webp,,2026-10-08
2027-01-06-hope-youth-summer-camp-grade-7-12,Hope Youth Summer Camp (Grade 7-12),community,scheduled,,2027-01-06,2027-01-09,,,,False,False,George,Garden Route,True,Hope Church (Hope Family),"Cnr Knysna Road & Fourth Street, Eastern Extension, George",-33.964868,22.482135,nominatim,,,https://hopefamily.org/event/,Hope Family / Hope Church George (official site),,,Summer camp for high-school youth (Grade 7-12) run by Hope Family George. Venue not published yet; pinned at the church.,2026-10-08
2027-01-08-tribute-to-elton-john-live-in-wilderness,Tribute to Elton John live in Wilderness,concert,scheduled,,2027-01-08,,20:00,,,False,False,Wilderness,Garden Route,True,The Anew Hotel Wilderness,"6 George Road, Wilderness, 6560, Wilderness, Western Cape, South Africa",-33.993053,22.577175,event page,,https://www.quicket.co.za/events/399906-tribute-to-elton-john-live-in-wilderness/#tickets,https://www.quicket.co.za/events/399906-tribute-to-elton-john-live-in-wilderness/,Quicket,,images/2027-01-08-tribute-to-elton-john-live-in-wilderness.webp,,2026-10-08
2027-01-09-tribute-to-elton-john-live-in-plett,Tribute to Elton John live in Plett,concert,scheduled,,2027-01-09,,20:00,,,False,False,Plettenberg Bay,Garden Route,True,Piesang Valley Community Hall,"7 Green Point Avenue, Plettenberg Bay, 6600, Plettenberg Bay, Western Cape, South Africa",-34.062893,23.366018,event page,,https://www.quicket.co.za/events/399904-tribute-to-elton-john-live-in-plett/#tickets,https://www.quicket.co.za/events/399904-tribute-to-elton-john-live-in-plett/,Quicket,,images/2027-01-09-tribute-to-elton-john-live-in-plett.webp,,2026-10-08
2027-01-10-get-lucky-summer-plett-beacon-isle-goodluck-verand,"Get Lucky Summer Plett (Beacon Isle) – GoodLuck, Veranda Panda & Amy Tjasink (Edition 4)",concert,scheduled,,2027-01-10,,,,,False,False,Plettenberg Bay,Garden Route,True,Beacon Isle Resort,"Beacon Island Crescent, Plettenberg Bay",-34.052778,23.369444,town centroid,R180,https://www.howler.co.za/GLSBI4,https://www.howler.co.za/GLSBI4,Howler,https://new-ux.howler.co.za/events/get-lucky-summer-plett-beacon-isle-goodluck-veranda-panda-amy-tjasink-edition-4-9d88,images/2027-01-10-get-lucky-summer-plett-beacon-isle-goodluck-verand.webp,,2026-10-08
2027-01-10-tribute-to-elton-john-live-in-knysna,Tribute to Elton John live in Knysna,concert,scheduled,,2027-01-10,,20:00,,,False,False,Knysna,Garden Route,True,"Simola Hotel, Country Club & Spa","1 Old Cape Road, 6571, Simola Golf and Country Estate, Western Cape, South Africa",-34.00522,23.03852,event page,,https://www.quicket.co.za/events/399672-tribute-to-elton-john-live-in-knysna/#tickets,https://www.quicket.co.za/events/399672-tribute-to-elton-john-live-in-knysna/,Quicket,,images/2027-01-10-tribute-to-elton-john-live-in-knysna.webp,,2026-10-08
2027-01-11-tribute-to-elton-john-live-in-mossel-bay,Tribute to Elton John live in Mossel Bay,concert,scheduled,,2027-01-11,,20:00,,,False,False,Mossel Bay,Mossel Bay,True,Pinnacle Point,"Pinnacle Point, Mossel Bay, 6511, South Africa, 1 Pinnacle Point Drive, 6511, Mossel Bay, Western Cape, South Africa",-34.20326,22.086388,event page,,https://www.quicket.co.za/events/398221-tribute-to-elton-john-live-in-mossel-bay/#tickets,https://www.quicket.co.za/events/398221-tribute-to-elton-john-live-in-mossel-bay/,Quicket,,images/2027-01-11-tribute-to-elton-john-live-in-mossel-bay.webp,,2026-10-08
2027-01-13-chasing-cheese-burgers-10-km-5-km,Chasing Cheese Burgers (10 km & 5 km),funrun,scheduled,,2027-01-13,,,,,False,False,George,Garden Route,True,George,George,-33.931746,22.458972,nominatim,,,https://runningcalendar.co.za/races/city/george,RunningCalendar.co.za,https://dash.streblainnovations.com/races/,,Date is provisional (Running Guy estimate — often from the prior year); confirm before travelling. Quirky local midweek 10/5 km. Confirm closer to January. George city calendar lists Wed 13 Jan 2027 as date TBC. Listed by Running Guy (Garden Route races dashboard).,2026-10-08
2027-01-15-rhythm-blues-kingswood-golf-club,Rhythm & Blues - Kingswood Golf Club,concert,scheduled,,2027-01-15,,19:00,,,False,False,George,Garden Route,True,Kingswood Golf club,"Kingswood Golf Estate, George, 6529, South Africa, Kingswood Golf Estate, 6529, George, Western Cape, South Africa",-33.97041,22.432852,event page,,https://www.quicket.co.za/events/390180-rhythm-blues-kingswood-golf-club/#tickets,https://www.quicket.co.za/events/390180-rhythm-blues-kingswood-golf-club/,Quicket,,images/2027-01-15-rhythm-blues-kingswood-golf-club.webp,,2026-10-08
2027-01-16-andrew-young-live-in-knysna,ANDREW YOUNG live in Knysna,concert,scheduled,,2027-01-16,,19:30,,,False,False,Knysna,Garden Route,True,Blend Country Restaurant & Pub,"George Rex Drive, 6571, Knysna, Western Cape, South Africa",-34.062996,23.071112,event page,,https://www.quicket.co.za/events/401267-andrew-young-live-in-knysna/#tickets,https://www.quicket.co.za/events/401267-andrew-young-live-in-knysna/,Quicket,,images/2027-01-16-andrew-young-live-in-knysna.webp,,2026-10-08
2027-01-17-andrew-young-picnic-concert,Andrew Young Picnic Concert,concert,scheduled,,2027-01-17,,15:30,,,False,False,Wilderness,Garden Route,True,Fairy Knowe Hotel,"1 Dumbleton Road, Wilderness",-33.992209,22.600705,nominatim,,https://www.quicket.co.za/events/399052-andrew-young-picnic-concert/,https://www.quicket.co.za/events/399052-andrew-young-picnic-concert/,Quicket,,,Saxophonist Andrew Young in the hotel gardens; bring a picnic.,2026-10-08
2027-01-22-hope-family-night-run-2027-10-km-forest-run-5-km-3,"Hope Family Night Run 2027 (10 km forest run, 5 km & 3 km fun run/walk)",funrun,scheduled,,2027-01-22,,18:30 (expected),,,False,False,George,Garden Route,True,Nelson Mandela University George Campus (expected),"Madiba Rd, George",-33.960929,22.534765,event page,,,https://hopefamily.org/event/,Hope Family / Hope Church George (official site),https://runningcalendar.co.za/events/hope-church-night-trail-run | https://hopefamily.org/night-run/,images/2027-01-22-hope-family-night-run-2027-10-km-forest-run-5-km-3.webp,"Hope Church George's annual family night run. The church's events page lists Friday 22 January 2027. Venue and 18:30 start are RunningCalendar's estimate from the 2026 edition (NMU George; 10 km forest run with torches, 5 km fun forest run/walk, 3 km road run/walk for prams and small kids; food stalls, music, medals). Not yet confirmed.",2026-10-08
2027-01-30-two-lagoons-30-km-10-km,Two Lagoons (30 km & 10 km),funrun,scheduled,Date is provisional for 2027; the RunningCalendar link still shows the sold-out 2026 edition.,2027-01-30,,,,,False,False,Hoekwil,Garden Route,True,Hoekwil / Wilderness lakes,Hoekwil,-33.97278,22.617853,town centroid,,,https://runningcalendar.co.za/events/two-lagoons/2026,RunningCalendar.co.za,https://dash.streblainnovations.com/races/,images/2027-01-30-two-lagoons-30-km-10-km.webp,"Date is provisional (Running Guy estimate — often from the prior year); confirm before travelling. Point-to-point / lake-country roads between Wilderness lakes. Organised by Cape Multisport Eden. Beautiful local long run. 2026 edition was 31 Jan at Libertas Guest Farm, Hoekwil (30/10 km). George calendar lists Sat 30 Jan 2027 — not yet independently verified. Listed by Running Guy (Garden Route races dashboard).",2026-10-08
2027-01-30-mark-haze-presents-a-tribute-to-bon-jovi-at-simola,Mark Haze presents A Tribute to Bon Jovi at Simola Country Estate Knysna,concert,scheduled,,2027-01-30,,18:00,,,False,False,Knysna,Garden Route,True,Simola Golf and Country Estate,"1 Oldcate Road, 6570, Knysna, Western Cape, South Africa",-34.00368,23.03592,event page,,https://www.quicket.co.za/events/389550-mark-haze-presents-a-tribute-to-bon-jovi-at-simola-country-estate-knysna/#tickets,https://www.quicket.co.za/events/389550-mark-haze-presents-a-tribute-to-bon-jovi-at-simola-country-estate-knysna/,Quicket,,images/2027-01-30-mark-haze-presents-a-tribute-to-bon-jovi-at-simola.webp,,2026-10-08
2027-02-06-de-dekke-spar-run-great-brak-21-1-10-5-km,"De Dekke Spar Run, Great Brak (21.1 / 10 / 5 km)",funrun,scheduled,,2027-02-06,,,,,False,False,Groot Brak,Mossel Bay,True,Great Brak River,Great Brak River,-34.051139,22.2376,nominatim,,,https://runningcalendar.co.za/races/city/george,RunningCalendar.co.za,https://dash.streblainnovations.com/races/,,Date is provisional (Running Guy estimate — often from the prior year); confirm before travelling. Great Brak half. Coastal village roads between Mossel Bay and George. George city calendar lists Sat 6 Feb 2027 as date TBC. Listed by Running Guy (Garden Route races dashboard).,2026-10-08
2027-02-13-knysna-heads-marathon-42-2-21-1-10-5-km,Knysna Heads Marathon (42.2 / 21.1 / 10 / 5 km),funrun,scheduled,,2027-02-13,,,,,False,False,Knysna,Garden Route,True,Thesen Islands,"Thesen Island, Knysna",-34.047775,23.053784,nominatim,,,https://runningcalendar.co.za/events/knysna-heads-marathon,RunningCalendar.co.za,https://dash.streblainnovations.com/races/,images/2027-02-13-knysna-heads-marathon-42-2-21-1-10-5-km.webp,Date is provisional (Running Guy estimate — often from the prior year); confirm before travelling. Comrades & Two Oceans qualifier around the Knysna lagoon and Heads. Flagship local marathon of February if confirmed. RunningCalendar estimates Saturday 13 Feb 2027 from prior years — not yet confirmed by Knysna Marathon Club. Listed by Running Guy (Garden Route races dashboard).,2026-10-08
2027-02-17-van-kervel-school-10-km-night-race-10-km-5-km,Van Kervel School 10 km Night Race (10 km & 5 km),funrun,scheduled,,2027-02-17,,,,,False,False,George,Garden Route,True,Van Kervel School,"3rd Street, George East, George",-33.958112,22.478466,nominatim,,,https://runningcalendar.co.za/organisers/outeniqua-harriers,RunningCalendar.co.za,https://dash.streblainnovations.com/races/,,Local midweek night race from Van Kervel School. Easy George option in the February cluster. Listed on Outeniqua Harriers / RunningCalendar organiser page for Wed 17 Feb 2027. Listed by Running Guy (Garden Route races dashboard).,2026-10-08
2027-02-20-outeniqua-chair-challenge-42-2-21-1-10-5-km,Outeniqua Chair Challenge (42.2 / 21.1 / 10 / 5 km),funrun,scheduled,,2027-02-20,,,,,False,False,George,Garden Route,True,George,George,-33.931746,22.458972,nominatim,,,https://runningcalendar.co.za/events/occ-chair-challenge,RunningCalendar.co.za,https://dash.streblainnovations.com/races/,,"Date is provisional (Running Guy estimate — often from the prior year); confirm before travelling. George marathon/half from Carpe Diem School (Bos en Dal), 07:00 start. Hilly Outeniqua course; ASWD-sanctioned. RunningCalendar estimate from previous year; 2027 date not confirmed. Listed by Running Guy (Garden Route races dashboard).",2026-10-08
2027-02-26-infantry-school-cango-marathon-42-2-21-1-4-km,Infantry School Cango Marathon (42.2 / 21.1 / 4 km),funrun,scheduled,,2027-02-26,2027-02-27,,,,False,False,Oudtshoorn,Garden Route,True,Cango Caves / Ou Tol,"Cango Caves, R328, Oudtshoorn",-33.392284,22.214376,nominatim,,,https://runningcalendar.co.za/events/cango-marathon,RunningCalendar.co.za,https://dash.streblainnovations.com/races/,images/2027-02-26-infantry-school-cango-marathon-42-2-21-1-4-km.webp,Date is provisional (Running Guy estimate — often from the prior year); confirm before travelling. Downhill-leaning marathon from Cango Caves / Ou Tol. Comrades/Two Oceans qualifier. ~1h over the Outeniqua from George. Clashes with Hermanus Trail Run. Estimated from previous years. Not yet confirmed. Listed by Running Guy (Garden Route races dashboard).,2026-10-08
2027-03-23-kknk-2027-klein-karoo-nasionale-kunstefees-31st-ed,KKNK 2027 – Klein Karoo Nasionale Kunstefees (31st edition),festival,scheduled,,2027-03-23,2027-03-27,,,,False,False,Oudtshoorn,Garden Route,True,KKNK festival venues across Oudtshoorn,"KKNK office: 217 Jan van Riebeeck Road, Oudtshoorn",-33.590295,22.204206,town centroid,,https://www.kknk.co.za/,https://www.kknk.co.za/en/kknk-programaansoeke/,KKNK (official site),https://www.kknk.co.za/en/ | https://www.kknk.co.za/kknk-programaansoeke/,,"South Africa's biggest Afrikaans arts festival: theatre, music, visual art, family entertainment and the free Kuierkol. The 31st KKNK runs Tue 23 to Sat 27 Mar 2027, five days (2026 ran eight days). Programme, prices and tickets not yet published (checked 8 Oct 2026). Info: 044 203 8600, info@kunste.org.za.",2026-10-08
2027-05-28-mut-mountain-ultra-trail-by-utmb-163-98-58-44-25-1,MUT – Mountain Ultra Trail by UTMB (163 / 98 / 58 / 44 / 25 / 11 km),funrun,scheduled,,2027-05-28,2027-05-30,Miler Fri 12:00; MUT 100 Sat 05:00,,,False,False,George,Garden Route,True,Outeniqua Park Stadium,"Outeniqua Park Stadium, George",-33.953234,22.448109,nominatim,,https://mut.utmb.world/registration,https://mut.utmb.world/races/mut100,MUT by UTMB (official site),https://mut.utmb.world/registration,,"Start/finish at Outeniqua Park Stadium. Miler (163 km) Fri 28 May 12:00; MUT 100 (98 km) Sat 29 May 05:00; MUT 60 and Marathon on Saturday; Challenge & Lite on Sun 30 May, starting at the Trail Kiosk. Registration open until 15 May 2027 or sold out.",2026-10-08
2027-08-26-george-agricultural-show-2027-george-landbouskou,George Agricultural Show 2027 (George Landbouskou),festival,scheduled,,2027-08-26,2027-08-28,,,,False,False,George,Garden Route,True,George Showgrounds,"George Skougronde, R102, Groeneweide Park, George",-33.959721,22.458715,town centroid,,https://georgelandbouskou.co.za/,https://georgelandbouskou.co.za/,George Landbouskou (official),,,"Annual agricultural show by the Outeniqua Agricultural Society: livestock, equestrian, machinery, crafts, food, music and sport. 2027 dates are from the official site; programme and tickets not yet published. Info: 044 873 4165, info@georgelandbouskou.co.za.",2026-10-08
2026-10-06-quiz-night-at-hennie-s-brackenfell-tuesdays,Quiz Night at Hennie's Brackenfell (Tuesdays),quiz,scheduled,,2026-10-06,2027-04-06,19:00,"Every Tuesday, 19:00",2026-10-13 | 2026-10-20 | 2026-10-27 | 2026-11-03 | 2026-11-10 | 2026-11-17 | 2026-11-24 | 2026-12-01 | 2026-12-08 | 2026-12-15 | 2026-12-22 | 2026-12-29 | 2027-01-05 | 2027-01-12 | 2027-01-19 | 2027-01-26 | 2027-02-02 | 2027-02-09 | 2027-02-16 | 2027-02-23 | 2027-03-02 | 2027-03-09 | 2027-03-16 | 2027-03-23 | 2027-03-30 | 2027-04-06,False,False,Cape Town,Cape Town,False,Hennie's Brackenfell,"Shop 57, Brackenfell Shopping Centre, Old Paarl Road, Brackenfell, Cape Town",-33.86747,18.706225,"nominatim (street, approximate)",R30,,https://www.therealhennies.co.za/branches/hennies-brackenfell,Hennie's Brackenfell (official branch page),https://www.therealhennies.co.za/img/posters/whatson-oct-2026/brackenfell.jpg,images/2026-10-06-quiz-night-at-hennie-s-brackenfell-tuesdays.webp,Pub quiz night with prizes to be won; tickets R30. The branch's October 2026 What's On poster says 'Every Tuesday 19:00' and the branch page lists the next quiz; dates after October follow that weekly pattern and are not yet confirmed. Enquiries: 068 924 7654.,2026-10-08
2026-10-06-quiz-night-at-hennie-s-durbanville-tuesdays,Quiz Night at Hennie's Durbanville (Tuesdays),quiz,scheduled,,2026-10-06,2027-04-06,19:00,"Every Tuesday, 19:00",2026-10-13 | 2026-10-20 | 2026-10-27 | 2026-11-03 | 2026-11-10 | 2026-11-17 | 2026-11-24 | 2026-12-01 | 2026-12-08 | 2026-12-15 | 2026-12-22 | 2026-12-29 | 2027-01-05 | 2027-01-12 | 2027-01-19 | 2027-01-26 | 2027-02-02 | 2027-02-09 | 2027-02-16 | 2027-02-23 | 2027-03-02 | 2027-03-09 | 2027-03-16 | 2027-03-23 | 2027-03-30 | 2027-04-06,False,False,Cape Town,Cape Town,False,Hennie's Durbanville,"7B Pampoenkraal Lane, Durbanville, Cape Town",-33.832789,18.647982,nominatim (street),Free,,https://www.therealhennies.co.za/branches/hennies-durbanville,Hennie's Durbanville (official branch page),https://www.therealhennies.co.za/img/posters/whatson-oct-2026/durbanville.jpg,images/2026-10-06-quiz-night-at-hennie-s-durbanville-tuesdays.webp,"Pub quiz night with prizes to be won; free entry, first come, first served. The branch's October 2026 What's On poster says 'Every Tuesday 19:00' and the branch page lists the next quiz; dates after October follow that weekly pattern and are not yet confirmed. Enquiries: 066 374 5732.",2026-10-08
2026-10-07-danger-in-the-dark,Danger In The Dark,musical,scheduled,The Fri 9 Oct 18:00 performance is sold out; other dates available.,2026-10-07,2026-10-10,18:00,,,False,False,Cape Town,Cape Town,False,Artscape Theatre Centre,"D.F. Malan Street, Foreshore, Cape Town",-33.920139,18.428214,nominatim,,https://www.artscape.co.za/event/danger-in-the-dark/,https://www.artscape.co.za/event/danger-in-the-dark/,Artscape (venue calendar),,,,2026-10-08
2026-10-08-classical-rendezvous,Classical Rendezvous,concert,scheduled,,2026-10-08,,18:00,,,False,False,Hermanus,Overberg,False,Nederduitse Gereformeerde Kerk - Hermanus,"Church Street, Hermanus, 7200, Hermanus, Western Cape, South Africa",-34.41994,19.23815,event page,,https://www.quicket.co.za/events/385816-classical-rendezvous/#tickets,https://www.quicket.co.za/events/385816-classical-rendezvous/,Quicket,,images/2026-10-08-classical-rendezvous.webp,Quicket category: Music,2026-10-08
2026-10-08-danger-in-the-dark,Danger In The Dark,musical,scheduled,,2026-10-08,2026-10-10,18:00,,,False,False,Cape Town,Cape Town,False,Artscape,"Artscape, Arena, Cape Town",-33.919946,18.430472,event page,R180,https://www.webtickets.co.za/v2/event.aspx?itemid=1602280340,https://www.webtickets.co.za/v2/event.aspx?itemid=1602280340,Webtickets,,,Webtickets category: Theatre,2026-10-08
2026-10-08-thirdimpact-ft-nani-3oh5,THIRDIMPACT ft. NANI?! & 3OH5,concert,scheduled,,2026-10-08,2026-10-09,18:00,,,False,False,Cape Town,Cape Town,False,SurfaRosa,"61a Harrington Street, , District Six, 7925, Cape Town, Western Cape, South Africa",-33.92853,18.423878,event page,,https://www.quicket.co.za/events/395961-thirdimpact-ft-nani-3oh5/#tickets,https://www.quicket.co.za/events/395961-thirdimpact-ft-nani-3oh5/,Quicket,,images/2026-10-08-thirdimpact-ft-nani-3oh5.webp,Quicket category: Music,2026-10-08
2026-10-08-fom-bowmans-sunset-soiree-3-2026,FOM @ Bowmans Sunset Soiree 3 2026,concert,scheduled,,2026-10-08,,18:30,,,False,False,Cape Town,Cape Town,False,Bowmans Law,"22 Bree Street, Cape Town City Centre, 8000, Cape Town, Western Cape, South Africa",-33.91801,18.42125,event page,,https://www.quicket.co.za/events/396265-fom-bowmans-sunset-soiree-3-2026/#tickets,https://www.quicket.co.za/events/396265-fom-bowmans-sunset-soiree-3-2026/,Quicket,,images/2026-10-08-fom-bowmans-sunset-soiree-3-2026.webp,Quicket category: Music,2026-10-08
2026-10-08-save-kma,SAVE KMA,concert,scheduled,,2026-10-08,,19:00,,,False,False,Cape Town,Cape Town,False,Baxter Concert Hall,"Baxter Concert Hall, Main Rd, Rondebosch",-33.956847,18.470494,event page,R50 - R150,https://www.webtickets.co.za/v2/event.aspx?itemid=1601214770,https://www.webtickets.co.za/v2/event.aspx?itemid=1601214770,Webtickets,,images/2026-10-08-save-kma.webp,"Webtickets category: Music, Theatre",2026-10-08
2026-10-08-voices-of-the-ages-louis-mhlanga-living-for-the-li,Voices of the Ages Louis Mhlanga - Living For The Living,concert,scheduled,,2026-10-08,,20:00,,,False,False,Cape Town,Cape Town,False,Artscape,"Artscape, Theatre, Cape Town",-33.919946,18.430472,event page,R300 - R400,https://www.webtickets.co.za/v2/event.aspx?itemid=1601414995,https://www.webtickets.co.za/v2/event.aspx?itemid=1601414995,Webtickets,https://www.artscape.co.za/event/voices-of-the-ages-louis-mhlanga-living-for-the-living/,,"Webtickets category: Music, Theatre",2026-10-08
2026-10-09-growthpoint-sa-national-padel-championships-2026-a,Growthpoint SA National Padel Championships 2026 – age-group divisions,sport,scheduled,,2026-10-09,2026-10-11,,,,False,False,Cape Town,Cape Town,False,Padel365 Century City & Padel365 Richmond Park,"Century City, Cape Town",-33.88905,18.51196,nominatim,,,https://ctnews.co.za/south-africas-first-padel-nationals-coming-to-cape-town-with-r125000-prize-pool/,CT News,https://everydaymzansi.co.za/padel-nationals-south-africa-2026/,,"Padel (racket sport): South Africa's first official national padel championships, R125,000 prize pool, organised by Padel365 with SAPA. Spectator/entry details not published.",2026-10-08
2026-10-09-songs-stories-with-josh-blackwell,Songs & Stories with Josh Blackwell,concert,scheduled,,2026-10-09,,,,,False,False,Cape Town,Cape Town,False,Common Ground Church Woodstock,Common Ground Church Woodstock,-33.934903,18.456824,event page,R110,https://www.webtickets.co.za/v2/event.aspx?itemid=1602238165,https://www.webtickets.co.za/v2/event.aspx?itemid=1602238165,Webtickets,,images/2026-10-09-songs-stories-with-josh-blackwell.webp,Webtickets category: Music,2026-10-08
2026-10-09-st-cyprians-preparatory-school-presents-roald-dahl,St Cyprian’s Preparatory School Presents Roald Dahl’s Matilda Jr. The Musical,musical,scheduled,,2026-10-09,,,,,False,False,Cape Town,Cape Town,False,St Cyprian's School,"St Cyprian's School, Vredehoek, Cape Town, South Africa, Haggie Hall",-33.94126,18.417878,event page,R200,https://www.webtickets.co.za/v2/event.aspx?itemid=1602659360,https://www.webtickets.co.za/v2/event.aspx?itemid=1602659360,Webtickets,,images/2026-10-09-st-cyprians-preparatory-school-presents-roald-dahl.webp,"Webtickets category: Music, Theatre",2026-10-08
2026-10-09-louis-mhlanga-live-cafe-roux,Louis Mhlanga LIVE! @café Roux,concert,scheduled,,2026-10-09,,18:00,,,False,False,Cape Town,Cape Town,False,Cafe Roux,"Chapmans Peak Dr , Noordhoek, 7979, Cape Town, Western Cape, South Africa",-34.097405,18.377808,event page,,https://www.quicket.co.za/events/375993-louis-mhlanga-live-caf-roux/#tickets,https://www.quicket.co.za/events/375993-louis-mhlanga-live-caf-roux/,Quicket,,images/2026-10-09-louis-mhlanga-live-cafe-roux.webp,Quicket category: Music,2026-10-08
2026-10-09-what-i-found-concert,What I Found Concert,concert,scheduled,,2026-10-09,2026-10-10,18:00,,,False,False,Cape Town,Cape Town,False,Overflow Church,"Main Road 30, 7974, Cape Town, Western Cape, South Africa",-34.133686,18.43405,event page,,https://www.quicket.co.za/events/393652-what-i-found-concert/#tickets,https://www.quicket.co.za/events/393652-what-i-found-concert/,Quicket,,images/2026-10-09-what-i-found-concert.webp,Quicket category: Music,2026-10-08
2026-10-09-the-csny-experience,The CSNY Experience,concert,scheduled,,2026-10-09,,18:30,,,False,False,Cape Town,Cape Town,False,The Alma Cafe,"20 Alma Road, Rosebank, 7700, Cape Town, Western Cape, South Africa",-33.954002,18.474558,event page,,https://www.quicket.co.za/events/398268-the-csny-experience/#tickets,https://www.quicket.co.za/events/398268-the-csny-experience/,Quicket,,images/2026-10-09-the-csny-experience.webp,Quicket category: Music,2026-10-08
2026-10-09-grrrl-interrupted,Grrrl Interrupted,concert,scheduled,,2026-10-09,2026-10-10,19:00,,,False,False,Cape Town,Cape Town,False,Evol,"69 Hope Street, Cape Town City Centre, 8001, Cape Town, Western Cape, South Africa",-33.92997,18.419207,event page,,https://www.quicket.co.za/events/399605-grrrl-interrupted/#tickets,https://www.quicket.co.za/events/399605-grrrl-interrupted/,Quicket,,images/2026-10-09-grrrl-interrupted.webp,Quicket category: Music,2026-10-08
2026-10-09-lekompo-friends-vibes,Lekompo Friends & Vibes,concert,scheduled,,2026-10-09,2026-10-10,19:00,,,False,False,Cape Town,Cape Town,False,197 Long St,"197 Long Street, , Cape Town City Centre, 8000, Cape Town, Western Cape, South Africa",-33.924976,18.41659,event page,,https://www.quicket.co.za/events/391299-lekompo-friends-vibes/#tickets,https://www.quicket.co.za/events/391299-lekompo-friends-vibes/,Quicket,,images/2026-10-09-lekompo-friends-vibes.webp,Quicket category: Music,2026-10-08
2026-10-09-echoes-of-madinah-cape-town,ECHOES OF MADINAH - Cape Town,concert,scheduled,,2026-10-09,,19:30,,,False,False,Cape Town,Cape Town,False,Joseph Stone Auditorium,"Protea St & Klipfontein Rd, Athlone, Cape Town, 7764, South Africa, , Athlone, 7764, Cape Town, Western Cape, South Africa",-33.96137,18.51096,event page,,https://www.quicket.co.za/events/393792-echoes-of-madinah-cape-town/#tickets,https://www.quicket.co.za/events/393792-echoes-of-madinah-cape-town/,Quicket,,images/2026-10-09-echoes-of-madinah-cape-town.webp,Quicket category: Music,2026-10-08
2026-10-09-crimson-house-feat-amy-tjasink-woodstock-brewery,CRIMSON HOUSE feat AMY TJASINK | WOODSTOCK BREWERY,concert,scheduled,,2026-10-09,,20:00,,,False,False,Cape Town,Cape Town,False,Woodstock Brewery,"252 Albert Road, , Woodstock, 7925, Cape Town, Western Cape, South Africa",-33.927506,18.453774,event page,,https://www.quicket.co.za/events/394503-crimson-house-feat-amy-tjasink-woodstock-brewery/#tickets,https://www.quicket.co.za/events/394503-crimson-house-feat-amy-tjasink-woodstock-brewery/,Quicket,,images/2026-10-09-crimson-house-feat-amy-tjasink-woodstock-brewery.webp,Quicket category: Music,2026-10-08
2026-10-09-jessica-mashaba-x-nkosazanah-daughter-takeover,JESSICA MASHABA X NKOSAZANAH DAUGHTER TAKEOVER,concert,scheduled,,2026-10-09,2026-10-10,20:00,,,False,False,Cape Town,Cape Town,False,223 Long St,"223 Long Street, , Cape Town City Centre, 8000, Cape Town, Western Cape, South Africa",-33.92546,18.416153,event page,,https://www.quicket.co.za/events/396069-jessica-mashaba-x-nkosazanah-daughter-takeover/#tickets,https://www.quicket.co.za/events/396069-jessica-mashaba-x-nkosazanah-daughter-takeover/,Quicket,,,Quicket category: Music,2026-10-08
2026-10-09-voices-of-the-ages-internet-athi-polymorphism-love,Voices of the Ages Internet Athi - Polymorphism: Love In All Its Forms,concert,scheduled,,2026-10-09,,20:00,,,False,False,Cape Town,Cape Town,False,Artscape,"Artscape, Theatre, Cape Town",-33.919946,18.430472,event page,R350 - R550,https://www.webtickets.co.za/v2/event.aspx?itemid=1601415745,https://www.webtickets.co.za/v2/event.aspx?itemid=1601415745,Webtickets,https://www.artscape.co.za/event/voices-of-the-ages-internet-athi-polymorphism-love-in-all-its-forms/,,"Webtickets category: Music, Theatre",2026-10-08
2026-10-09-bed-on-bricks-battersby-live-at-the-loft,Bed on Bricks & Battersby live at The Loft,concert,scheduled,,2026-10-09,,20:30,,,False,False,Cape Town,Cape Town,False,The Loft,"31 Harbour Road, Hout Bay Harbour, 7806, Cape Town, Western Cape, South Africa",-34.05565,18.34717,event page,,https://www.quicket.co.za/events/388932-bed-on-bricks-battersby-live-at-the-loft/#tickets,https://www.quicket.co.za/events/388932-bed-on-bricks-battersby-live-at-the-loft/,Quicket,,images/2026-10-09-bed-on-bricks-battersby-live-at-the-loft.webp,Quicket category: Music,2026-10-08
2026-10-09-steve-hofmeyr-heroes-live,Steve Hofmeyr – Heroes Live,concert,sold out,Sold out per the ticketing page (checked 2026-10-08).,2026-10-09,,20:30,,,False,False,Cape Town,Cape Town,False,Heroes Live,,-33.92883,18.41722,town centroid,,https://itickets.co.za/events/486126,https://itickets.co.za/events/486126,iTickets,,images/2026-10-09-steve-hofmeyr-heroes-live.webp,,2026-10-08
2026-10-10-festival-of-praise-2026,Festival Of Praise 2026,festival,scheduled,,2026-10-10,,,,,False,False,Cape Town,Cape Town,False,UCT Kramer Lecture Theatre,UCT Kramer Lecture Theatre,-33.957606,18.465118,event page,R100,https://www.webtickets.co.za/v2/event.aspx?itemid=1601158765,https://www.webtickets.co.za/v2/event.aspx?itemid=1601158765,Webtickets,,images/2026-10-10-festival-of-praise-2026.webp,Webtickets category: Festival,2026-10-08
2026-10-10-let-it-rain-joct-community-gospel-choir,Let It Rain - JOCT Community Gospel Choir,concert,scheduled,,2026-10-10,,,,,False,False,Cape Town,Cape Town,False,AGL Auditorium,"AGL Auditorium, 26 Milner Street, Parow",-33.906792,18.580811,event page,From R150 to R200,https://www.webtickets.co.za/v2/event.aspx?itemid=1601787453,https://www.webtickets.co.za/v2/event.aspx?itemid=1601787453,Webtickets,,images/2026-10-10-let-it-rain-joct-community-gospel-choir.webp,Webtickets category: Music,2026-10-08
2026-10-10-sa-bbq-festival,SA BBQ Festival,festival,scheduled,,2026-10-10,,,,,False,False,Somerset West,Cape Town,False,Sandringham Farm,"Sandringham Farm, Stellenbosch",-33.828074,18.785529,event page,R195 - R2600,https://www.webtickets.co.za/v2/event.aspx?itemid=1598814438,https://www.webtickets.co.za/v2/event.aspx?itemid=1598814438,Webtickets,,images/2026-10-10-sa-bbq-festival.webp,"Webtickets category: Music, Festival, Wine Festival",2026-10-08
2026-10-10-sleeping-beauty-race-riversdale-10-km-5-km,"Sleeping Beauty Race, Riversdale (10 km & 5 km)",funrun,scheduled,,2026-10-10,,,,,False,False,Riversdale,Hessequa (Stilbaai),False,Riversdale Town Square,"Riversdale Town Square, Riversdale",-34.094907,21.261473,town centroid,,https://entrytickets.net/sleepingbeautyrace/enter,https://entrytickets.net/sleepingbeautyrace/enter,EntryTickets,https://dash.streblainnovations.com/races/,,"Small-town road 10/5 km from Riversdale Town Square, 07:00 start. About 1h45 west of George; same day as Meiringspoort Half. Online entries open on EntryTickets (10 km R115, 5 km R60; temp licence R50); close 7 Oct. Price hint from Running Guy (unverified): R115, 5; R60; R50 — confirm on the entry page. Listed by Running Guy (Garden Route races dashboard).",2026-10-08
2026-10-10-world-homeless-day-run,World Homeless Day Run,funrun,scheduled,,2026-10-10,,07:00,,,False,False,Cape Town,Cape Town,False,Rondebosch Common,"Park Road, , Rondebosch, 7700, Cape Town, Western Cape, South Africa",-33.953217,18.481934,event page,,https://www.quicket.co.za/events/395180-world-homeless-day-run/#tickets,https://www.quicket.co.za/events/395180-world-homeless-day-run/,Quicket,,images/2026-10-10-world-homeless-day-run.webp,Charity run on World Homeless Day.,2026-10-08
2026-10-10-dairy-fest-2026,Dairy Fest 2026,festival,scheduled,,2026-10-10,2026-10-11,08:00,,,False,False,Jeffreys Bay,Kouga/Jeffreys Bay,False,"Ferry Hotel, Gamtoos","R102, Jeffreys Bay, Eastern Cape, South Africa",-34.02831,24.901936,event page,,https://www.quicket.co.za/events/316976-dairy-fest-2026/#tickets,https://www.quicket.co.za/events/316976-dairy-fest-2026/,Quicket,,images/2026-10-10-dairy-fest-2026.webp,Quicket category: Other,2026-10-08
2026-10-10-zoozooland-educare-concert,Zoozooland Educare Concert!,concert,scheduled,,2026-10-10,,08:30,,,False,False,Cape Town,Cape Town,False,Elkanah House High School,"85 Sunningdale Drive, , Sunningdale, 7441, Cape Town, Western Cape, South Africa",-33.80195,18.486958,event page,,https://www.quicket.co.za/events/377461-zoozooland-educare-concert/#tickets,https://www.quicket.co.za/events/377461-zoozooland-educare-concert/,Quicket,,images/2026-10-10-zoozooland-educare-concert.webp,Quicket category: Music,2026-10-08
2026-10-10-let-s-walk-for-their-growth,Let's Walk For Their Growth,funrun,scheduled,,2026-10-10,,09:00,,,False,False,Cape Town,Cape Town,False,Paardevlei,"De Beers Avenue, Paardevlei, 7110, Cape Town, Western Cape, South Africa",-34.091324,18.814257,event page,,https://www.quicket.co.za/events/394744-lets-walk-for-their-growth/#tickets,https://www.quicket.co.za/events/394744-lets-walk-for-their-growth/,Quicket,,images/2026-10-10-let-s-walk-for-their-growth.webp,Charity walk.,2026-10-08
2026-10-10-wildekrans-wine-estate-people-pets-pinotage-festiv,"Wildekrans Wine Estate - People, Pets & Pinotage Festival (Saturday 10 October)",festival,scheduled,,2026-10-10,,09:00,,,False,False,Kleinmond,Overberg,False,Wildekrans Wine Estate,"R43 , 7185, Bot River, Western Cape, South Africa",-34.240322,19.198532,event page,,https://www.quicket.co.za/events/336426-wildekrans-wine-estate-people-pets-pinotage-festival-saturday-10-october/#tickets,https://www.quicket.co.za/events/336426-wildekrans-wine-estate-people-pets-pinotage-festival-saturday-10-october/,Quicket,,images/2026-10-10-wildekrans-wine-estate-people-pets-pinotage-festiv.webp,Quicket category: Community,2026-10-08
2026-10-10-le-cap-impro-festival,Le Cap Impro Festival,festival,scheduled,,2026-10-10,,09:30,,,False,False,Cape Town,Cape Town,False,Alliance Francaise du Cap,"155 Loop Street, , Gardens, 8001, Cape Town, Western Cape, South Africa",-33.92435,18.416197,event page,,https://www.quicket.co.za/events/397730-le-cap-impro-festival/#tickets,https://www.quicket.co.za/events/397730-le-cap-impro-festival/,Quicket,,images/2026-10-10-le-cap-impro-festival.webp,Quicket category: Arts & Culture,2026-10-08
2026-10-10-zim-tik-festival,Zim Tik Festival,festival,scheduled,,2026-10-10,,12:00,,,False,False,Cape Town,Cape Town,False,Conference and Events Center,"4 Robertson Street, , Glenlily, 7500, Cape Town, Western Cape, South Africa",-33.904835,18.589294,event page,,https://www.quicket.co.za/events/393968-zim-tik-festival/#tickets,https://www.quicket.co.za/events/393968-zim-tik-festival/,Quicket,,images/2026-10-10-zim-tik-festival.webp,Quicket category: Music,2026-10-08
2026-10-10-a-show-is-born,A Show is Born,concert,scheduled,,2026-10-10,,14:00,,,False,False,Cape Town,Cape Town,False,Kwena Music Academy,"191 Sunningdale Drive, , Sunningdale, 7441, Cape Town, Western Cape, South Africa",-33.788452,18.481146,event page,,https://www.quicket.co.za/events/375984-a-show-is-born/#tickets,https://www.quicket.co.za/events/375984-a-show-is-born/,Quicket,,images/2026-10-10-a-show-is-born.webp,Quicket category: Music,2026-10-08
2026-10-10-celtic-in-cape-town-2026,Celtic in Cape Town 2026,concert,scheduled,,2026-10-10,2026-10-11,14:30,,,False,False,Cape Town,Cape Town,False,WBHS Hawthornden Field,"Lovers Walk , Wynberg, 7800, Cape Town, Western Cape, South Africa",-33.995434,18.458261,event page,R100.00,https://www.quicket.co.za/events/395960-celtic-in-cape-town-2026/#tickets,https://www.quicket.co.za/events/395960-celtic-in-cape-town-2026/,Quicket,https://www.howler.co.za/organicgroovescpt,images/2026-10-10-celtic-in-cape-town-2026.webp,Quicket category: Music,2026-10-08
2026-10-10-hippie-tunes-im-eimer,Hippie tunes @ Im Eimer,concert,scheduled,,2026-10-10,,17:00,,,False,False,Somerset West,Cape Town,False,Im Eimer,"Old Sir Lowry's Pass Road , Helderberg Rural, 7130, Sir Lowry's Pass, Western Cape, South Africa",-34.114544,18.893768,event page,,https://www.quicket.co.za/events/389791-hippie-tunes-im-eimer/#tickets,https://www.quicket.co.za/events/389791-hippie-tunes-im-eimer/,Quicket,,images/2026-10-10-hippie-tunes-im-eimer.webp,Quicket category: Music,2026-10-08
2026-10-10-then-now-a-gospel-journey,Then & Now: A Gospel Journey,concert,scheduled,,2026-10-10,,17:00,,,False,False,Cape Town,Cape Town,False,Scottsville Methodist Church,"35 Hop Road, Kraaifontein, 7570, Cape Town, Western Cape, South Africa",-33.852234,18.705198,event page,,https://www.quicket.co.za/events/382639-then-now-a-gospel-journey/#tickets,https://www.quicket.co.za/events/382639-then-now-a-gospel-journey/,Quicket,,images/2026-10-10-then-now-a-gospel-journey.webp,Quicket category: Music,2026-10-08
2026-10-10-rocksteady-when-rock-ruled,ROCKSTEADY - WHEN ROCK RULED,concert,scheduled,,2026-10-10,,18:00,,,False,False,Cape Town,Cape Town,False,Hillcrest Restaurant,"Tygerberg Valley Road, Cape Farms, 7551, Cape Town, Western Cape, South Africa",-33.826973,18.590506,event page,,https://www.quicket.co.za/events/384980-rocksteady-when-rock-ruled/#tickets,https://www.quicket.co.za/events/384980-rocksteady-when-rock-ruled/,Quicket,,images/2026-10-10-rocksteady-when-rock-ruled.webp,Quicket category: Music,2026-10-08
2026-10-10-sunset-sweatshop-live-at-the-loft,Sunset Sweatshop live at THE LOFT,concert,scheduled,,2026-10-10,,18:00,,,False,False,Cape Town,Cape Town,False,The Loft,"31 Harbour Road, Hout Bay Harbour, 7806, Cape Town, Western Cape, South Africa",-34.05565,18.34717,event page,,https://www.quicket.co.za/events/378034-sunset-sweatshop-live-at-the-loft/#tickets,https://www.quicket.co.za/events/378034-sunset-sweatshop-live-at-the-loft/,Quicket,,images/2026-10-10-sunset-sweatshop-live-at-the-loft.webp,Quicket category: Music,2026-10-08
2026-10-10-tree63-unplugged-cafe-roux,Tree63 Unplugged @ café Roux,concert,scheduled,,2026-10-10,,18:00,,,False,False,Cape Town,Cape Town,False,Cafe Roux,"Chapmans Peak Dr , Noordhoek, 7979, Cape Town, Western Cape, South Africa",-34.097405,18.377808,event page,,https://www.quicket.co.za/events/390633-tree63-unplugged-caf-roux/#tickets,https://www.quicket.co.za/events/390633-tree63-unplugged-caf-roux/,Quicket,,images/2026-10-10-tree63-unplugged-cafe-roux.webp,Quicket category: Music,2026-10-08
2026-10-10-travelling-light-a-tribute-to-leonard-cohen,"""Travelling Light"" a Tribute to Leonard Cohen",concert,scheduled,,2026-10-10,,18:30,,,False,False,Cape Town,Cape Town,False,The Alma Cafe,"20 Alma Road, Rosebank, 7700, Cape Town, Western Cape, South Africa",-33.954002,18.474558,event page,,https://www.quicket.co.za/events/398608-travelling-light-a-tribute-to-leonard-cohen/#tickets,https://www.quicket.co.za/events/398608-travelling-light-a-tribute-to-leonard-cohen/,Quicket,,images/2026-10-10-travelling-light-a-tribute-to-leonard-cohen.webp,Quicket category: Music,2026-10-08
2026-10-10-fundraiser-single-launch,Fundraiser & Single Launch,concert,scheduled,,2026-10-10,,19:00,,,False,False,Cape Town,Cape Town,False,Novel Wine Bar,"45 Yew Street, , Salt River, 7925, Cape Town, Western Cape, South Africa",-33.931625,18.45853,event page,,https://www.quicket.co.za/events/399029-fundraiser-single-launch/#tickets,https://www.quicket.co.za/events/399029-fundraiser-single-launch/,Quicket,,images/2026-10-10-fundraiser-single-launch.webp,Quicket category: Music,2026-10-08
2026-10-10-rocktober-punk-night-springbok-arms-ft-llso-housed,Rocktober : Punk Night @ Springbok Arms ft. LLSO | Housedads | Mc Clones,concert,scheduled,,2026-10-10,,19:00,,,False,False,Cape Town,Cape Town,False,Springbok Arms - Observatory,"135 Lower Main Road, , Observatory, 7925, Cape Town, Western Cape, South Africa",-33.938576,18.468771,event page,,https://www.quicket.co.za/events/398853-rocktober-punk-night-springbok-arms-ft-llso-housedads-mc-clones/#tickets,https://www.quicket.co.za/events/398853-rocktober-punk-night-springbok-arms-ft-llso-housedads-mc-clones/,Quicket,,images/2026-10-10-rocktober-punk-night-springbok-arms-ft-llso-housed.webp,Quicket category: Music,2026-10-08
2026-10-10-subway-sessions,Subway Sessions,concert,scheduled,,2026-10-10,,19:00,,,False,False,Cape Town,Cape Town,False,Pinelands Players Clubhouse,"1 The Crossing, Pinelands, 7405, Cape Town, Western Cape, South Africa",-33.93742,18.491121,event page,,https://www.quicket.co.za/events/398759-subway-sessions/#tickets,https://www.quicket.co.za/events/398759-subway-sessions/,Quicket,,images/2026-10-10-subway-sessions.webp,Quicket category: Music,2026-10-08
2026-10-10-the-dirt-blues-band-presents-clapton-and-friends,The Dirt Blues Band presents Clapton And Friends,concert,scheduled,,2026-10-10,,19:00,,,False,False,Cape Town,Cape Town,False,Woodstock Brewery,"252 Albert Road, Woodstock, 7915, Cape Town, Western Cape, South Africa",-33.92759,18.453615,event page,,https://www.quicket.co.za/events/392738-the-dirt-blues-band-presents-clapton-and-friends/#tickets,https://www.quicket.co.za/events/392738-the-dirt-blues-band-presents-clapton-and-friends/,Quicket,,images/2026-10-10-the-dirt-blues-band-presents-clapton-and-friends.webp,Quicket category: Music,2026-10-08
2026-10-10-the-kyle-shepherd-xahuri-trio-play-the-music-of-ab,The Kyle Shepherd Xahuri Trio Play the Music of Abdullah Ibrahim,concert,scheduled,,2026-10-10,,19:00,,,False,False,Cape Town,Cape Town,False,Concert Hall - Baxter Theatre Centre,Concert Hall - Baxter Theatre Centre,-33.956847,18.470494,event page,R250,https://www.webtickets.co.za/v2/event.aspx?itemid=1599537079,https://www.webtickets.co.za/v2/event.aspx?itemid=1599537079,Webtickets,,,"Webtickets category: Music, Theatre",2026-10-08
2026-10-10-cabaret-2026,Cabaret 2026,concert,scheduled,,2026-10-10,2026-10-14,19:30,,,False,False,Cape Town,Cape Town,False,The Reeler Theatre,"Canigou Avenue, Rondebosch, 7700, Cape Town, Western Cape, South Africa",-33.968334,18.476763,event page,,https://www.quicket.co.za/events/397286-cabaret-2026/#tickets,https://www.quicket.co.za/events/397286-cabaret-2026/,Quicket,,images/2026-10-10-cabaret-2026.webp,Quicket category: Music,2026-10-08
2026-10-10-freed-friends-in-cpt,FREED & FRIENDS IN CPT,concert,scheduled,,2026-10-10,,19:30,,,False,False,Cape Town,Cape Town,False,Kaapstad Toneelhuis,"61 Loop Street, Cape Town City Centre, 8001, Cape Town, Western Cape, South Africa",-33.92104,18.41984,event page,,https://www.quicket.co.za/events/398509-freed-friends-in-cpt/#tickets,https://www.quicket.co.za/events/398509-freed-friends-in-cpt/,Quicket,,images/2026-10-10-freed-friends-in-cpt.webp,Quicket category: Music,2026-10-08
2026-10-10-love-live-loud-music-fundraiser,"Love, Live & Loud - music fundraiser",concert,scheduled,,2026-10-10,,20:00,,,False,False,Cape Town,Cape Town,False,143 Lower Main Rd,"143 Lower Main Road, Observatory, 7925, Cape Town, Western Cape, South Africa",-33.938038,18.468641,event page,,https://www.quicket.co.za/events/400409-love-live-loud-music-fundraiser/#tickets,https://www.quicket.co.za/events/400409-love-live-loud-music-fundraiser/,Quicket,,images/2026-10-10-love-live-loud-music-fundraiser.webp,Quicket category: Music,2026-10-08
2026-10-10-voices-of-the-ages-zolani-mahola-people-power,Voices of the Ages Zolani Mahola - People Power,concert,scheduled,,2026-10-10,,20:00,,,False,False,Cape Town,Cape Town,False,Artscape,"Artscape, Theatre, Cape Town",-33.919946,18.430472,event page,R350 - R650,https://www.webtickets.co.za/v2/event.aspx?itemid=1601416521,https://www.webtickets.co.za/v2/event.aspx?itemid=1601416521,Webtickets,https://www.artscape.co.za/event/voices-of-the-ages-zolani-mahola-people-power/,,"Webtickets category: Music, Festival, Theatre",2026-10-08
2026-10-10-sandi-thom-heroes-live-heroes-live,Sandi Thom @ Heroes Live – Heroes Live,concert,scheduled,,2026-10-10,,20:30,,,False,False,Cape Town,Cape Town,False,Heroes Live,,-33.92883,18.41722,town centroid,,https://itickets.co.za/events/487082,https://itickets.co.za/events/487082,iTickets,,images/2026-10-10-sandi-thom-heroes-live-heroes-live.webp,,2026-10-08
2026-10-10-haus-social-experiences,HAÜS SÖCIAL EXPERIENCES,concert,scheduled,,2026-10-10,2026-10-11,21:00,,,False,False,Cape Town,Cape Town,False,Botanik Social House,"54 Queen Victoria Street, , Gardens, 8001, Cape Town, Western Cape, South Africa",-33.926537,18.416473,event page,,https://www.quicket.co.za/events/395423-has-scial-experiences/#tickets,https://www.quicket.co.za/events/395423-has-scial-experiences/,Quicket,,images/2026-10-10-haus-social-experiences.webp,Quicket category: Music,2026-10-08
2026-10-11-millennium-grey-noise-heroes-live,Millennium & Grey Noise – Heroes Live,concert,scheduled,,2026-10-11,,14:00,,,False,False,Cape Town,Cape Town,False,Heroes Live,,-33.92883,18.41722,town centroid,,https://itickets.co.za/events/486895,https://itickets.co.za/events/486895,iTickets,,images/2026-10-11-millennium-grey-noise-heroes-live.webp,,2026-10-08
2026-10-11-sunday-afternoon-koeksisters-jazz-with-babalwa-men,Sunday Afternoon: Koeksisters & Jazz with Babalwa Mentjies & Bheki Khoza,concert,scheduled,,2026-10-11,,14:00,,,False,False,Cape Town,Cape Town,False,Transatlantic Jazz Exchange,"7 Fenton Road, Salt River, 7925, Cape Town, Western Cape, South Africa",-33.929817,18.464155,event page,,https://www.quicket.co.za/events/401286-sunday-afternoon-koeksisters-jazz-with-babalwa-mentjies-bheki-khoza/#tickets,https://www.quicket.co.za/events/401286-sunday-afternoon-koeksisters-jazz-with-babalwa-mentjies-bheki-khoza/,Quicket,,images/2026-10-11-sunday-afternoon-koeksisters-jazz-with-babalwa-men.webp,Quicket category: Music,2026-10-08
2026-10-11-live-music-fundraiser-for-the-bridge,LIVE MUSIC FUNDRAISER FOR THE BRIDGE,concert,scheduled,,2026-10-11,,16:00,,,False,False,Cape Town,Cape Town,False,13 Hughenden St,"13 Hughenden Street, Tierboskloof, 7806, Cape Town, Western Cape, South Africa",-34.024322,18.365522,event page,,https://www.quicket.co.za/events/400582-live-music-fundraiser-for-the-bridge/#tickets,https://www.quicket.co.za/events/400582-live-music-fundraiser-for-the-bridge/,Quicket,,images/2026-10-11-live-music-fundraiser-for-the-bridge.webp,Quicket category: Music,2026-10-08
2026-10-11-the-morning-after-presents-twist-shout,The Morning After presents “Twist & Shout”,concert,scheduled,,2026-10-11,,16:00,,,False,False,Cape Town,Cape Town,False,Cafe Roux,"Chapmans Peak Dr , Noordhoek, 7979, Cape Town, Western Cape, South Africa",-34.097405,18.377808,event page,,https://www.quicket.co.za/events/378122-the-morning-after-presents-twist-shout/#tickets,https://www.quicket.co.za/events/378122-the-morning-after-presents-twist-shout/,Quicket,,images/2026-10-11-the-morning-after-presents-twist-shout.webp,Quicket category: Music,2026-10-08
2026-10-11-in-session-with-sound-legacy-band,In Session with Sound Legacy Band,concert,scheduled,,2026-10-11,,17:00,,,False,False,Cape Town,Cape Town,False,Just Shift Cafe,"54 Shortmarket Street, , Cape Town City Centre, 8000, Cape Town, Western Cape, South Africa",-33.92218,18.41994,event page,,https://www.quicket.co.za/events/397161-in-session-with-sound-legacy-band/#tickets,https://www.quicket.co.za/events/397161-in-session-with-sound-legacy-band/,Quicket,,images/2026-10-11-in-session-with-sound-legacy-band.webp,Quicket category: Music,2026-10-08
2026-10-12-just-energy-transition-concert-2026,Just Energy Transition Concert 2026,concert,scheduled,,2026-10-12,,18:00,,,False,False,Cape Town,Cape Town,False,Grand Africa Cafe & Beach,"Cape Town, 8001, 8001, Cape Town, Western Cape, South Africa",-33.907993,18.420162,event page,,https://www.quicket.co.za/events/390466-just-energy-transition-concert-2026/#tickets,https://www.quicket.co.za/events/390466-just-energy-transition-concert-2026/,Quicket,,images/2026-10-12-just-energy-transition-concert-2026.webp,Quicket category: Music,2026-10-08
2026-10-13-new-world-young-voices,"NEW WORLD, YOUNG VOICES",concert,scheduled,,2026-10-13,,,,,False,False,Cape Town,Cape Town,False,Cape Town City Hall,"Cape Town City Hall, Darling St",-33.925199,18.423763,event page,R90 - R160,https://www.webtickets.co.za/v2/event.aspx?itemid=1597804633,https://www.webtickets.co.za/v2/event.aspx?itemid=1597804633,Webtickets,,,Webtickets category: Music,2026-10-08
2026-10-13-francesca-biancoli-dark-notes-a-tiny-concert-serie,"Francesca Biancoli. Dark Notes, A Tiny Concert Series",concert,scheduled,,2026-10-13,,17:00,,,False,False,Cape Town,Cape Town,False,The Dark Horse Bar,"145 Kloof Street, Gardens, 8001, Cape Town, Western Cape, South Africa",-33.934383,18.4074,event page,,https://www.quicket.co.za/events/392899-francesca-biancoli-dark-notes-a-tiny-concert-series/#tickets,https://www.quicket.co.za/events/392899-francesca-biancoli-dark-notes-a-tiny-concert-series/,Quicket,,images/2026-10-13-francesca-biancoli-dark-notes-a-tiny-concert-serie.webp,Quicket category: Music,2026-10-08
2026-10-14-chopin-echoes-from-south-africa,Chopin Echoes from South Africa,concert,scheduled,,2026-10-14,,19:00,,,False,False,Cape Town,Cape Town,False,Welgemeend Manor House,"Welgemeend Street 2, Gardens, 8001, Cape Town, Western Cape, South Africa",-33.934208,18.408768,event page,,https://www.quicket.co.za/events/400691-chopin-echoes-from-south-africa/#tickets,https://www.quicket.co.za/events/400691-chopin-echoes-from-south-africa/,Quicket,,images/2026-10-14-chopin-echoes-from-south-africa.webp,Quicket category: Music,2026-10-08
2026-10-14-fanie-theron-primary-choir-festival-2026,Fanie Theron Primary Choir Festival 2026,festival,scheduled,,2026-10-14,,19:00,,,False,False,Somerset West,Cape Town,False,Fanie Theron Primary School,"cnr of Krige St & Bosman St, Kraaifontein, 7570, Cape Town, Western Cape, South Africa",-33.838318,18.720753,event page,,https://www.quicket.co.za/events/396139-fanie-theron-primary-choir-festival-2026/#tickets,https://www.quicket.co.za/events/396139-fanie-theron-primary-choir-festival-2026/,Quicket,,images/2026-10-14-fanie-theron-primary-choir-festival-2026.webp,Quicket category: Music,2026-10-08
2026-10-14-queens-lounge-presents-reza-khota-quartet,Queens Lounge Presents Reza Khota Quartet,concert,scheduled,,2026-10-14,,20:00,,,False,False,Cape Town,Cape Town,False,Queens Lounge Whisky & Cocktail Lounge,"Dock Road, , Victoria & Alfred Waterfront, 8001, Cape Town, Western Cape, South Africa",-33.91431,18.4228,event page,,https://www.quicket.co.za/events/399534-queens-lounge-presents-reza-khota-quartet/#tickets,https://www.quicket.co.za/events/399534-queens-lounge-presents-reza-khota-quartet/,Quicket,,images/2026-10-14-queens-lounge-presents-reza-khota-quartet.webp,Quicket category: Music,2026-10-08
2026-10-15-lemisa-composition-debut-s,LEMISA Composition Debut's,concert,scheduled,,2026-10-15,,18:00,,,False,False,Cape Town,Cape Town,False,South African College of Music,"Rondebosch, Cape Town, 7701, South Africa, , Rondebosch, 7701, Cape Town, Western Cape, South Africa",-33.95628,18.469953,event page,,https://www.quicket.co.za/events/399406-lemisa-composition-debuts/#tickets,https://www.quicket.co.za/events/399406-lemisa-composition-debuts/,Quicket,,images/2026-10-15-lemisa-composition-debut-s.webp,Quicket category: Music,2026-10-08
2026-10-15-kafka-and-the-doll-western-cape-reddam-schools-mus,Kafka and the Doll (Western Cape Reddam Schools Musical),musical,scheduled,,2026-10-15,2026-10-17,19:00,,,False,False,Cape Town,Cape Town,False,Star Theatre,"Buitenkant Street, , District Six, 7800, Cape Town, Western Cape, South Africa",-33.927147,18.42452,event page,,https://www.quicket.co.za/events/341185-kafka-and-the-doll-western-cape-reddam-schools-musical/#tickets,https://www.quicket.co.za/events/341185-kafka-and-the-doll-western-cape-reddam-schools-musical/,Quicket,,images/2026-10-15-kafka-and-the-doll-western-cape-reddam-schools-mus.webp,Quicket category: Arts & Culture,2026-10-08
2026-10-15-poetry-and-jazz-sunset-session,Poetry and Jazz Sunset Session,concert,scheduled,,2026-10-15,,19:00,,,False,False,Cape Town,Cape Town,False,Artscape,"Artscape, Innovation Lounge, Cape Town",-33.919879,18.430504,event page,R150,https://www.webtickets.co.za/v2/event.aspx?itemid=1603232622,https://www.webtickets.co.za/v2/event.aspx?itemid=1603232622,Webtickets,https://www.artscape.co.za/event/poetry-and-jazz-sunset-session-2/,,"Webtickets category: Music, Theatre",2026-10-08
2026-10-15-the-songmakers-guild-protege-programme-showcase,The Songmakers' Guild Protégé Programme Showcase,concert,scheduled,,2026-10-15,,19:00,,,False,False,Cape Town,Cape Town,False,Ian Burgess-Simpson Pianos,"Stibitz Street 19, Westlake, 7945, Cape Town, Western Cape, South Africa",-34.07801,18.438929,event page,,https://www.quicket.co.za/events/401384-the-songmakers-guild-protg-programme-showcase/#tickets,https://www.quicket.co.za/events/401384-the-songmakers-guild-protg-programme-showcase/,Quicket,,images/2026-10-15-the-songmakers-guild-protege-programme-showcase.webp,Quicket category: Music,2026-10-08
2026-10-15-celebrating-david-earl,Celebrating David Earl,concert,scheduled,,2026-10-15,,19:30,,,False,False,Cape Town,Cape Town,False,Erin Hall,"Erin Road 8, Rondebosch, 7700, Cape Town, Western Cape, South Africa",-33.959995,18.4768,event page,,https://www.quicket.co.za/events/400283-celebrating-david-earl/#tickets,https://www.quicket.co.za/events/400283-celebrating-david-earl/,Quicket,,images/2026-10-15-celebrating-david-earl.webp,Quicket category: Music,2026-10-08
2026-10-16-growthpoint-sa-national-padel-championships-2026-o,Growthpoint SA National Padel Championships 2026 – Open Division,sport,scheduled,,2026-10-16,2026-10-18,,,,False,False,Cape Town,Cape Town,False,Padel365 Century City & Padel365 Richmond Park,"Century City, Cape Town",-33.88905,18.51196,nominatim,,,https://ctnews.co.za/south-africas-first-padel-nationals-coming-to-cape-town-with-r125000-prize-pool/,CT News,https://everydaymzansi.co.za/padel-nationals-south-africa-2026/,,"Padel (racket sport): South Africa's first official national padel championships, R125,000 prize pool, organised by Padel365 with SAPA. Spectator/entry details not published.",2026-10-08
2026-10-16-forever-lounging,Forever Lounging,concert,scheduled,,2026-10-16,,15:00,,,False,False,Cape Town,Cape Town,False,Protea Hotel Fire & Ice! Cape Town,"64 New Church Street, Tamboerskloof, 8018, Cape Town, Western Cape, South Africa",-33.926457,18.412033,event page,,https://www.quicket.co.za/events/400977-forever-lounging/#tickets,https://www.quicket.co.za/events/400977-forever-lounging/,Quicket,,images/2026-10-16-forever-lounging.webp,Quicket category: Music,2026-10-08
2026-10-16-hotel-california-the-ultimate-eagles-tribute-at-si,HOTEL CALIFORNIA THE ULTIMATE EAGLES TRIBUTE AT SIMONS,concert,scheduled,,2026-10-16,,18:00,,,False,False,Cape Town,Cape Town,False,Simons at Groot Constantia,"Groot Constantia Road , Constantia, 7806, Cape Town, Western Cape, South Africa",-34.02673,18.424734,event page,,https://www.quicket.co.za/events/389582-hotel-california-the-ultimate-eagles-tribute-at-simons/#tickets,https://www.quicket.co.za/events/389582-hotel-california-the-ultimate-eagles-tribute-at-simons/,Quicket,,images/2026-10-16-hotel-california-the-ultimate-eagles-tribute-at-si.webp,Quicket category: Music,2026-10-08
2026-10-16-night-sky-zombies-live-cafe-roux,Night Sky Zombies LIVE! @ café Roux,concert,scheduled,,2026-10-16,,18:00,,,False,False,Cape Town,Cape Town,False,Cafe Roux,"Chapmans Peak Dr , Noordhoek, 7979, Cape Town, Western Cape, South Africa",-34.097405,18.377808,event page,,https://www.quicket.co.za/events/377583-night-sky-zombies-live-caf-roux/#tickets,https://www.quicket.co.za/events/377583-night-sky-zombies-live-caf-roux/,Quicket,,images/2026-10-16-night-sky-zombies-live-cafe-roux.webp,Quicket category: Music,2026-10-08
2026-10-16-stonewall-wines-spring-fun-run-2026,Stonewall Wines Spring Fun Run 2026,funrun,scheduled,,2026-10-16,,18:00,,,False,False,Somerset West,Cape Town,False,Stonewall Guest Cottage,"R44 Happy Vale farm, Stonewall Wines, R44, Somerset West, Somerset West, 7130, South Africa, Somerset West, 7130, Somerset West, Western Cape, South Africa",-34.032925,18.820038,event page,,https://www.quicket.co.za/events/399994-stonewall-wines-spring-fun-run-2026/#tickets,https://www.quicket.co.za/events/399994-stonewall-wines-spring-fun-run-2026/,Quicket,,images/2026-10-16-stonewall-wines-spring-fun-run-2026.webp,Spring fun run at a wine farm.,2026-10-08
2026-10-16-jezzy-s-sing-n-fling-showcase,Jezzy's Sing n Fling Showcase,concert,scheduled,,2026-10-16,,18:30,,,False,False,Cape Town,Cape Town,False,Duchess Lounge,"123 Lower Main Road, , Observatory, 7560, Cape Town, Western Cape, South Africa",-33.9388,18.468824,event page,,https://www.quicket.co.za/events/396097-jezzys-sing-n-fling-showcase/#tickets,https://www.quicket.co.za/events/396097-jezzys-sing-n-fling-showcase/,Quicket,,images/2026-10-16-jezzy-s-sing-n-fling-showcase.webp,Quicket category: Music,2026-10-08
2026-10-16-michael-bester-trio,Michael Bester Trio,concert,scheduled,,2026-10-16,,18:30,,,False,False,Cape Town,Cape Town,False,The Alma Cafe,"20 Alma Road, Rosebank, 7700, Cape Town, Western Cape, South Africa",-33.954002,18.474558,event page,,https://www.quicket.co.za/events/399492-michael-bester-trio/#tickets,https://www.quicket.co.za/events/399492-michael-bester-trio/,Quicket,,images/2026-10-16-michael-bester-trio.webp,Quicket category: Music,2026-10-08
2026-10-16-cape-town-slow-life-presents-jean-philippe-sylvest,Cape Town - Slow Life presents Jean-Philippe Sylvestre at Youngblood Africa Cape Town City,concert,scheduled,,2026-10-16,,19:00,,,False,False,Cape Town,Cape Town,False,The Youngblood,"Bree Street 70, Cape Town City Centre, 8000, Cape Town, Western Cape, South Africa",-33.92008,18.41892,event page,,https://www.quicket.co.za/events/397055-cape-town-slow-life-presents-jean-philippe-sylvestre-at-youngblood-africa-cape/#tickets,https://www.quicket.co.za/events/397055-cape-town-slow-life-presents-jean-philippe-sylvestre-at-youngblood-africa-cape/,Quicket,,images/2026-10-16-cape-town-slow-life-presents-jean-philippe-sylvest.webp,Quicket category: Music,2026-10-08
2026-10-16-reflection-a-piano-a-barstool-a-lifetime,Reflection: A Piano. A Barstool. A Lifetime,concert,scheduled,,2026-10-16,2026-10-18,20:00,,,False,False,Cape Town,Cape Town,False,Gorgeous George Hotel,"118 Saint Georges Mall, , Cape Town City Centre, 8000, Cape Town, Western Cape, South Africa",-33.923607,18.420086,event page,,https://www.quicket.co.za/events/397822-reflection-a-piano-a-barstool-a-lifetime/#tickets,https://www.quicket.co.za/events/397822-reflection-a-piano-a-barstool-a-lifetime/,Quicket,,images/2026-10-16-reflection-a-piano-a-barstool-a-lifetime.webp,Quicket category: Music,2026-10-08
2026-10-17-crusaders-21-1-km-10-km-plus-5-km-fun-run-walk-gqe,"Crusaders 21.1 km & 10 km (plus 5 km fun run/walk), Gqeberha",funrun,scheduled,,2026-10-17,,,,,False,False,Gqeberha,Nelson Mandela Bay,False,"Crusaders, Gqeberha",Gqeberha,-33.96186,25.618673,town centroid,,https://startingline.co.za/events/crusaders-211km-10km-race-5km-fun-runwalk-cc2aecd5,https://startingline.co.za/events/crusaders-211km-10km-race-5km-fun-runwalk-cc2aecd5,Starting Line,https://dash.streblainnovations.com/races/,images/2026-10-17-crusaders-21-1-km-10-km-plus-5-km-fun-run-walk-gqe.webp,Classic PE club half and 10 km with fun run. Same weekend as Fancourt — choose George or a PE road trip. Listed by Running Guy (Garden Route races dashboard).,2026-10-08
2026-10-17-music-for-the-soul-concert,Music For The Soul Concert,concert,scheduled,,2026-10-17,,,,,False,False,Cape Town,Cape Town,False,Jakes Gerwel Hall,Jakes Gerwel Hall,-33.93352,18.627958,event page,From R80 to R230,https://www.webtickets.co.za/v2/event.aspx?itemid=1603680797,https://www.webtickets.co.za/v2/event.aspx?itemid=1603680797,Webtickets,,images/2026-10-17-music-for-the-soul-concert.webp,Webtickets category: Music,2026-10-08
2026-10-17-ne-yo-live-in-south-africa-cape-town,NE-YO Live in South Africa - Cape Town,concert,scheduled,,2026-10-17,,,,,False,False,Cape Town,Cape Town,False,GrandWest,"GrandWest, Grand Arena, 1 Jakes Gerwel Dr, Acacia Park, Cape Town",-33.915922,18.546971,event page,R990 - R1890 (Excluding Booking Fees),https://www.webtickets.co.za/v2/event.aspx?itemid=1596768929,https://www.webtickets.co.za/v2/event.aspx?itemid=1596768929,Webtickets,,images/2026-10-17-ne-yo-live-in-south-africa-cape-town.webp,Webtickets category: Music,2026-10-08
2026-10-17-richard-s-racers-x-hospice-fun-run,Richard's Racers x Hospice Fun Run,funrun,scheduled,,2026-10-17,,08:00,,,False,False,Cape Town,Cape Town,False,Beaumont Primary School,"Van Der Merwe Road, , Somerset West, 7130, Cape Town, Western Cape, South Africa",-34.075275,18.87113,event page,,https://www.quicket.co.za/events/398041-richards-racers-x-hospice-fun-run/#tickets,https://www.quicket.co.za/events/398041-richards-racers-x-hospice-fun-run/,Quicket,,images/2026-10-17-richard-s-racers-x-hospice-fun-run.webp,Hospice charity fun run.,2026-10-08
2026-10-17-tiny-owls-8th-birthday-5km-walk,Tiny Owls 8th Birthday 5km Walk,funrun,scheduled,,2026-10-17,,08:00,,,False,False,Cape Town,Cape Town,False,Sea Point Promenade,"Sea Point Promenade, , Sea Point, 8005, Cape Town, Western Cape, South Africa",-33.916946,18.386086,event page,,https://www.quicket.co.za/events/398261-tiny-owls-8th-birthday-5km-walk/#tickets,https://www.quicket.co.za/events/398261-tiny-owls-8th-birthday-5km-walk/,Quicket,,images/2026-10-17-tiny-owls-8th-birthday-5km-walk.webp,5 km birthday charity walk on the Sea Point Promenade.,2026-10-08
2026-10-17-ctcs-presents-a-trio-of-quartets,CTCS PRESENTS A TRIO OF QUARTETS,concert,scheduled,,2026-10-17,,11:00,,,False,False,Cape Town,Cape Town,False,Baxter Theatre Centre,"Baxter Theatre Centre, Main Rd, Rondebosch",-33.956847,18.470494,event page,R100 - R280,https://www.webtickets.co.za/v2/event.aspx?itemid=1598687818,https://www.webtickets.co.za/v2/event.aspx?itemid=1598687818,Webtickets,,images/2026-10-17-ctcs-presents-a-trio-of-quartets.webp,"Webtickets category: Music, Festival, Theatre",2026-10-08
2026-10-17-helderberg-new-release-wine-festival,Helderberg New Release Wine Festival,festival,scheduled,,2026-10-17,,11:00,,,False,False,Somerset West,Cape Town,False,Lourensford Wine Estate,"Lourensford Road, , Helderberg Rural, 7130, Somerset West, Cape Town, Western Cape, South Africa",-34.071907,18.88862,event page,,https://www.quicket.co.za/events/394164-helderberg-new-release-wine-festival/#tickets,https://www.quicket.co.za/events/394164-helderberg-new-release-wine-festival/,Quicket,,images/2026-10-17-helderberg-new-release-wine-festival.webp,Quicket category: Food & Drink,2026-10-08
2026-10-17-crimson-house-presents-electric-nomad-riaan-smit-l,CRIMSON HOUSE PRESENTS: ELECTRIC NOMAD – Riaan Smit Live,concert,scheduled,,2026-10-17,,13:00,,,False,False,Cape Town,Cape Town,False,Deb & Glen's Spot,"Hoek Street 5, Chapmans Peak, 7979, Cape Town, Western Cape, South Africa",-34.10103,18.370043,event page,,https://www.quicket.co.za/events/400443-crimson-house-presents-electric-nomad-riaan-smit-live/#tickets,https://www.quicket.co.za/events/400443-crimson-house-presents-electric-nomad-riaan-smit-live/,Quicket,,images/2026-10-17-crimson-house-presents-electric-nomad-riaan-smit-l.webp,Quicket category: Music,2026-10-08
2026-10-17-night-in-lagos-cpt,NIGHT IN LAGOS CPT,concert,scheduled,,2026-10-17,2026-10-18,15:00,,,False,False,Cape Town,Cape Town,False,9 Albertus St,"9 Albertus Street, , District Six, 7925, Cape Town, Western Cape, South Africa",-33.927597,18.423924,event page,,https://www.quicket.co.za/events/393989-night-in-lagos-cpt/#tickets,https://www.quicket.co.za/events/393989-night-in-lagos-cpt/,Quicket,,images/2026-10-17-night-in-lagos-cpt.webp,Quicket category: Music,2026-10-08
2026-10-17-sip-n-chill-rooftop-on-bree-cape-town,Sip n Chill - Rooftop on Bree Cape Town,concert,scheduled,,2026-10-17,,15:00,,,False,False,Cape Town,Cape Town,False,Rooftop on Bree,"170 Bree Street, , Cape Town City Centre, 8000, Cape Town, Western Cape, South Africa",-33.924763,18.413954,event page,,https://www.quicket.co.za/events/400541-sip-n-chill-rooftop-on-bree-cape-town/#tickets,https://www.quicket.co.za/events/400541-sip-n-chill-rooftop-on-bree-cape-town/,Quicket,,images/2026-10-17-sip-n-chill-rooftop-on-bree-cape-town.webp,Quicket category: Music,2026-10-08
2026-10-17-da-capo-quartet-live-at-fomo-gallery,Da Capo Quartet | Live at FOMO Gallery,concert,scheduled,,2026-10-17,,16:00,,,False,False,Pringle Bay,Overberg,False,FoMo Fine Art Gallery & Events,"Clarence Drive, 7196, Pringle Bay, Western Cape, South Africa",-34.339146,18.844532,event page,,https://www.quicket.co.za/events/399819-da-capo-quartet-live-at-fomo-gallery/#tickets,https://www.quicket.co.za/events/399819-da-capo-quartet-live-at-fomo-gallery/,Quicket,,,Quicket category: Music,2026-10-08
2026-10-17-freedom-festival,Freedom Festival,festival,scheduled,,2026-10-17,,16:00,,,False,False,Cape Town,Cape Town,False,Presence Centre,"55 Morningside Street, Ndabeni, 7405, Cape Town, Western Cape, South Africa",-33.92812,18.499083,event page,,https://www.quicket.co.za/events/367903-freedom-festival/#tickets,https://www.quicket.co.za/events/367903-freedom-festival/,Quicket,,images/2026-10-17-freedom-festival.webp,Quicket category: Music,2026-10-08
2026-10-17-hayley-jade-bam-bam-brown-live-at-the-imaginarium,Hayley Jade | Bam Bam Brown LIVE at the IMAGINARIUM,concert,scheduled,,2026-10-17,,16:00,,,False,False,Cape Town,Cape Town,False,"The Imaginarium, Baskloof Fynbos Nature Reserve","Red Hill Road, , Cape Peninsula, 7975, Cape Town, Western Cape, South Africa",-34.20596,18.400644,event page,,https://www.quicket.co.za/events/399628-hayley-jade-bam-bam-brown-live-at-the-imaginarium/#tickets,https://www.quicket.co.za/events/399628-hayley-jade-bam-bam-brown-live-at-the-imaginarium/,Quicket,,images/2026-10-17-hayley-jade-bam-bam-brown-live-at-the-imaginarium.webp,Quicket category: Music,2026-10-08
2026-10-17-buzz-umoya-imbewu-concert,Buzz Umoya - Imbewu Concert,concert,scheduled,,2026-10-17,,17:00,,,False,False,Cape Town,Cape Town,False,"Westerford High School, Chestnut Gate entrance","19 Alfred Road, , Rondebosch, 7700, Cape Town, Western Cape, South Africa",-33.969192,18.46308,event page,,https://www.quicket.co.za/events/378394-buzz-umoya-imbewu-concert/#tickets,https://www.quicket.co.za/events/378394-buzz-umoya-imbewu-concert/,Quicket,,,Quicket category: Music,2026-10-08
2026-10-17-sunset-fundraiser-walk,Sunset Fundraiser Walk,funrun,scheduled,,2026-10-17,,17:00,,,False,False,Hermanus,Overberg,False,Burgundy Restaurant,"7 Harbour Road, Hermanus, 7200, Hermanus, Western Cape, South Africa",-34.42065,19.242664,event page,,https://www.quicket.co.za/events/396776-sunset-fundraiser-walk/#tickets,https://www.quicket.co.za/events/396776-sunset-fundraiser-walk/,Quicket,,,Sunset fundraiser walk.,2026-10-08
2026-10-17-cape-town-concert-brass-holy-trinity,Cape Town Concert Brass @ Holy Trinity,concert,scheduled,,2026-10-17,,17:30,,,False,False,Cape Town,Cape Town,False,Holy Trinity (REACH),"5 Vriende Street, , Oranjezicht, 8001, Cape Town, Western Cape, South Africa",-33.93557,18.417265,event page,,https://www.quicket.co.za/events/392785-cape-town-concert-brass-holy-trinity/#tickets,https://www.quicket.co.za/events/392785-cape-town-concert-brass-holy-trinity/,Quicket,,,Quicket category: Music,2026-10-08
2026-10-17-a-blues-classic-rock-night-with-the-richard-pryor-,A Blues & Classic ROCK Night with The Richard Pryor Band,concert,scheduled,,2026-10-17,,18:00,,,False,False,Cape Town,Cape Town,False,Cafe Roux,"Chapmans Peak Dr , Noordhoek, 7979, Cape Town, Western Cape, South Africa",-34.097405,18.377808,event page,,https://www.quicket.co.za/events/390163-a-blues-classic-rock-night-with-the-richard-pryor-band/#tickets,https://www.quicket.co.za/events/390163-a-blues-classic-rock-night-with-the-richard-pryor-band/,Quicket,,images/2026-10-17-a-blues-classic-rock-night-with-the-richard-pryor-.webp,Quicket category: Music,2026-10-08
2026-10-17-milk-honey-soul-edition,Milk & Honey - Soul Edition,concert,scheduled,,2026-10-17,2026-10-18,18:00,,,False,False,Cape Town,Cape Town,False,Chronic & Co.,"2 Fairdale Road, Diep River, 7800, Cape Town, Western Cape, South Africa",-34.031597,18.465876,event page,,https://www.quicket.co.za/events/399883-milk-honey-soul-edition/#tickets,https://www.quicket.co.za/events/399883-milk-honey-soul-edition/,Quicket,,images/2026-10-17-milk-honey-soul-edition.webp,Quicket category: Music,2026-10-08
2026-10-17-piano-bars,Piano & Bars,concert,scheduled,,2026-10-17,2026-10-18,18:00,,,False,False,Cape Town,Cape Town,False,Maroon | Restaurant & Lounge Bar,"226 Long Street, , Cape Town City Centre, 8001, Cape Town, Western Cape, South Africa",-33.92597,18.41509,event page,,https://www.quicket.co.za/events/401038-piano-bars/#tickets,https://www.quicket.co.za/events/401038-piano-bars/,Quicket,,images/2026-10-17-piano-bars.webp,Quicket category: Music,2026-10-08
2026-10-17-the-deadbeats-80s-experience-woodstock-brewery,The DeadBeats 80s Experience @ Woodstock Brewery,concert,scheduled,,2026-10-17,,18:00,,,False,False,Cape Town,Cape Town,False,Woodstock Brewery,"Albert Road 252, Woodstock, 7915, Cape Town, Western Cape, South Africa",-33.92759,18.453613,event page,,https://www.quicket.co.za/events/399114-the-deadbeats-80s-experience-woodstock-brewery/#tickets,https://www.quicket.co.za/events/399114-the-deadbeats-80s-experience-woodstock-brewery/,Quicket,,images/2026-10-17-the-deadbeats-80s-experience-woodstock-brewery.webp,Quicket category: Music,2026-10-08
2026-10-17-francis-soal-aka-benjy-de-kock,Francis Soal (AKA Benjy de Kock),concert,scheduled,,2026-10-17,,18:30,,,False,False,Cape Town,Cape Town,False,The Alma Cafe,"20 Alma Road, Rosebank, 7700, Cape Town, Western Cape, South Africa",-33.954002,18.474558,event page,,https://www.quicket.co.za/events/399481-francis-soal-aka-benjy-de-kock/#tickets,https://www.quicket.co.za/events/399481-francis-soal-aka-benjy-de-kock/,Quicket,,images/2026-10-17-francis-soal-aka-benjy-de-kock.webp,Quicket category: Music,2026-10-08
2026-10-17-world-singing-day-one-day,World Singing Day - ONE DAY,concert,scheduled,,2026-10-17,,18:30,,,False,False,Cape Town,Cape Town,False,Groote Kerk Kaapstad,"43 Adderley Street, , Cape Town City Centre, 8001, Cape Town, Western Cape, South Africa",-33.924732,18.420881,event page,,https://www.quicket.co.za/events/378164-world-singing-day-one-day/#tickets,https://www.quicket.co.za/events/378164-world-singing-day-one-day/,Quicket,,images/2026-10-17-world-singing-day-one-day.webp,Quicket category: Music,2026-10-08
2026-10-17-persephone-s-myth-tanika-live-at-hollow-tree,Persephone's Myth | Tanika Live at Hollow Tree,concert,scheduled,,2026-10-17,,19:00,,,False,False,Cape Town,Cape Town,False,Hollow Tree,"10 Luisa Way, Hout Bay, 7806, Hout Bay, Western Cape, South Africa",-34.02663,18.351837,event page,,https://www.quicket.co.za/events/385292-persephones-myth-tanika-live-at-hollow-tree/#tickets,https://www.quicket.co.za/events/385292-persephones-myth-tanika-live-at-hollow-tree/,Quicket,,images/2026-10-17-persephone-s-myth-tanika-live-at-hollow-tree.webp,Quicket category: Music,2026-10-08
2026-10-17-the-book-of-43-v2,The Book of 43 (V2),concert,scheduled,,2026-10-17,,19:00,,,False,False,Cape Town,Cape Town,False,Ground Culture Cafe,"Lower Main Road 170, Observatory, 7925, Cape Town, Western Cape, South Africa",-33.933037,18.466755,event page,,https://www.quicket.co.za/events/396064-the-book-of-43-v2/#tickets,https://www.quicket.co.za/events/396064-the-book-of-43-v2/,Quicket,,images/2026-10-17-the-book-of-43-v2.webp,Quicket category: Music,2026-10-08
2026-10-17-time-with-the-viennese-masters,Time with the Viennese Masters,concert,scheduled,,2026-10-17,,19:30,,,False,False,Cape Town,Cape Town,False,Erin Hall,"8 Erin Road, Rondebosch, 7700, Cape Town, Western Cape, South Africa",-33.960007,18.47681,event page,,https://www.quicket.co.za/events/389022-time-with-the-viennese-masters/#tickets,https://www.quicket.co.za/events/389022-time-with-the-viennese-masters/,Quicket,,images/2026-10-17-time-with-the-viennese-masters.webp,Quicket category: Music,2026-10-08
2026-10-17-sinful-iv,SINFUL IV,concert,scheduled,,2026-10-17,2026-10-18,20:00,,,False,False,Cape Town,Cape Town,False,SPECTRA,"5 Perfecta Road, Paarden Eiland, 7405, Cape Town, Western Cape, South Africa",-33.917774,18.469334,event page,,https://www.quicket.co.za/events/385376-sinful-iv/#tickets,https://www.quicket.co.za/events/385376-sinful-iv/,Quicket,,images/2026-10-17-sinful-iv.webp,Quicket category: Music,2026-10-08
2026-10-17-we-are-so-back,We are so back,concert,scheduled,,2026-10-17,2026-10-18,20:00,,,False,False,Cape Town,Cape Town,False,Trenchtown,"143 Lower Main Road, Observatory, 7925, Cape Town, Western Cape, South Africa",-33.93799,18.468582,event page,,https://www.quicket.co.za/events/355081-we-are-so-back/#tickets,https://www.quicket.co.za/events/355081-we-are-so-back/,Quicket,,images/2026-10-17-we-are-so-back.webp,Quicket category: Music,2026-10-08
2026-10-17-bok-van-blerk-heroes-live,Bok van Blerk – Heroes Live,concert,scheduled,,2026-10-17,,20:30,,,False,False,Cape Town,Cape Town,False,Heroes Live,,-33.92883,18.41722,town centroid,,https://itickets.co.za/events/486809,https://itickets.co.za/events/486809,iTickets,,images/2026-10-17-bok-van-blerk-heroes-live.webp,,2026-10-08
2026-10-17-into-the-void,INTO THE VOID,concert,scheduled,,2026-10-17,2026-10-18,22:00,,,False,False,Cape Town,Cape Town,False,13 Prestwich St,"13 Prestwich Street, , Cape Town City Centre, 8000, Cape Town, Western Cape, South Africa",-33.91833,18.422216,event page,,https://www.quicket.co.za/events/398611-into-the-void/#tickets,https://www.quicket.co.za/events/398611-into-the-void/,Quicket,,images/2026-10-17-into-the-void.webp,Quicket category: Music,2026-10-08
2026-10-18-jan-blohm-heroes-live,Jan Blohm – Heroes Live,concert,scheduled,,2026-10-18,,14:00,,,False,False,Cape Town,Cape Town,False,Heroes Live,,-33.92883,18.41722,town centroid,,https://itickets.co.za/events/486774,https://itickets.co.za/events/486774,iTickets,,images/2026-10-18-jan-blohm-heroes-live.webp,,2026-10-08
2026-10-18-german-international-school-cape-town-dsk-presents,German International School Cape Town (DSK) presents Southern Astronauts - The Best Part - Groovy Tides in the Deep South,concert,scheduled,,2026-10-18,,16:00,,,False,False,Cape Town,Cape Town,False,Cafe Roux,"Chapmans Peak Dr , Noordhoek, 7979, Cape Town, Western Cape, South Africa",-34.097405,18.377808,event page,,https://www.quicket.co.za/events/395378-german-international-school-cape-town-dsk-presents-southern-astronauts-the-best/#tickets,https://www.quicket.co.za/events/395378-german-international-school-cape-town-dsk-presents-southern-astronauts-the-best/,Quicket,,images/2026-10-18-german-international-school-cape-town-dsk-presents.webp,Quicket category: Music,2026-10-08
2026-10-18-gospel-concert,Gospel Concert,concert,scheduled,,2026-10-18,,17:00,,,False,False,Somerset West,Cape Town,False,Sir Lowry's Pass Primary School,"Sir Lowry's Pass Primary School, 0A Old Sir Lowry's Pass Rd, Sir Lowry's Pass, 7133",-34.120079,18.906711,event page,R100,https://www.webtickets.co.za/v2/event.aspx?itemid=1593785341,https://www.webtickets.co.za/v2/event.aspx?itemid=1593785341,Webtickets,,,Webtickets category: Music,2026-10-08
2026-10-18-michael-bester-trio-live-at-the-courtyard-cafe,MICHAEL BESTER TRIO - LIVE AT THE COURTYARD CAFE,concert,scheduled,,2026-10-18,,17:00,,,False,False,Cape Town,Cape Town,False,Kalk Bay Courtyard at Artvark Gallery,"48 Main Road, Kalk Bay, 7975, Cape Town, Western Cape, South Africa",-34.125073,18.450878,event page,,https://www.quicket.co.za/events/396464-michael-bester-trio-live-at-the-courtyard-cafe/#tickets,https://www.quicket.co.za/events/396464-michael-bester-trio-live-at-the-courtyard-cafe/,Quicket,,images/2026-10-18-michael-bester-trio-live-at-the-courtyard-cafe.webp,Quicket category: Music,2026-10-08
2026-10-18-kalk-bay-slow-life-presents-jean-philippe-sylvestr,Kalk Bay - Slow Life presents Jean-Philippe Sylvestre at the Brass Room Kalk Bay,concert,scheduled,,2026-10-18,,19:00,,,False,False,Cape Town,Cape Town,False,Brass Bell Kalk Bay,"Main Road, Kalk Bay, 7990, Cape Town, Western Cape, South Africa",-34.126064,18.450623,event page,,https://www.quicket.co.za/events/398587-kalk-bay-slow-life-presents-jean-philippe-sylvestre-at-the-brass-room-kalk-bay/#tickets,https://www.quicket.co.za/events/398587-kalk-bay-slow-life-presents-jean-philippe-sylvestre-at-the-brass-room-kalk-bay/,Quicket,,images/2026-10-18-kalk-bay-slow-life-presents-jean-philippe-sylvestr.webp,Quicket category: Music,2026-10-08
2026-10-21-hoerskool-jan-van-riebeeck-100-feeskonsert,Hoërskool Jan van Riebeeck - 100-Feeskonsert!,concert,scheduled,,2026-10-21,,19:00,,,False,False,Cape Town,Cape Town,False,Cape Town City Hall,"Darling Street, , CBD, 8001, Cape Town, Western Cape, South Africa",-33.92534,18.42386,event page,,https://www.quicket.co.za/events/400188-horskool-jan-van-riebeeck-100-feeskonsert/#tickets,https://www.quicket.co.za/events/400188-horskool-jan-van-riebeeck-100-feeskonsert/,Quicket,,images/2026-10-21-hoerskool-jan-van-riebeeck-100-feeskonsert.webp,Quicket category: Music,2026-10-08
2026-10-21-irene-louise-van-wyk-live-by-kapstadt-brauhaus-str,Irene-Louise van Wyk live by Kapstadt Brauhaus Strand,concert,scheduled,,2026-10-21,,20:00,,,False,False,Somerset West,Cape Town,False,Kapstadt Brauhaus Strand,"Beach Road 99, 7139, Cape Town, Western Cape, South Africa",-34.11663,18.825048,event page,,https://www.quicket.co.za/events/387686-irene-louise-van-wyk-live-by-kapstadt-brauhaus-strand/#tickets,https://www.quicket.co.za/events/387686-irene-louise-van-wyk-live-by-kapstadt-brauhaus-strand/,Quicket,,images/2026-10-21-irene-louise-van-wyk-live-by-kapstadt-brauhaus-str.webp,Quicket category: Music,2026-10-08
2026-10-21-queens-lounge-presents-abigail-petersen-quintet,Queens Lounge Presents Abigail Petersen Quintet,concert,scheduled,,2026-10-21,,20:00,,,False,False,Cape Town,Cape Town,False,Queens Lounge Whisky & Cocktail Lounge,"Dock Road, , Victoria & Alfred Waterfront, 8001, Cape Town, Western Cape, South Africa",-33.91431,18.4228,event page,,https://www.quicket.co.za/events/399535-queens-lounge-presents-abigail-petersen-quintet/#tickets,https://www.quicket.co.za/events/399535-queens-lounge-presents-abigail-petersen-quintet/,Quicket,,images/2026-10-21-queens-lounge-presents-abigail-petersen-quintet.webp,Quicket category: Music,2026-10-08
2026-10-22-brendan-peyper-live-by-kapstadt-brauhaus-durbanvil,Brendan Peyper live by Kapstadt Brauhaus Durbanville,concert,scheduled,,2026-10-22,,20:00,,,False,False,Cape Town,Cape Town,False,Kapstadt Brauhaus Durbanville,"Vrede Street , Durbanville , 7550, Cape Town, Western Cape, South Africa",-33.83294,18.646307,event page,,https://www.quicket.co.za/events/395895-brendan-peyper-live-by-kapstadt-brauhaus-durbanville/#tickets,https://www.quicket.co.za/events/395895-brendan-peyper-live-by-kapstadt-brauhaus-durbanville/,Quicket,,images/2026-10-22-brendan-peyper-live-by-kapstadt-brauhaus-durbanvil.webp,Quicket category: Music,2026-10-08
2026-10-23-spring-picnic-mxo-zamajobe-feat-umuthiomkhulu-ense,Spring Picnic: MXO & Zamajobe feat: Umuthiomkhulu Ensemble,concert,scheduled,,2026-10-23,,17:00,,,False,False,Cape Town,Cape Town,False,Villa viva,"New Church Street 74, Gardens, 8001, Cape Town, Western Cape, South Africa",-33.92715,18.410488,event page,,https://www.quicket.co.za/events/401005-spring-picnic-mxo-zamajobe-feat-umuthiomkhulu-ensemble/#tickets,https://www.quicket.co.za/events/401005-spring-picnic-mxo-zamajobe-feat-umuthiomkhulu-ensemble/,Quicket,,images/2026-10-23-spring-picnic-mxo-zamajobe-feat-umuthiomkhulu-ense.webp,Quicket category: Music,2026-10-08
2026-10-23-mel-malisch-presents-jagged-reimagined,Mel Malisch presents “Jagged Reimagined”,concert,scheduled,,2026-10-23,,18:00,,,False,False,Cape Town,Cape Town,False,Cafe Roux,"Chapmans Peak Dr , Noordhoek, 7979, Cape Town, Western Cape, South Africa",-34.097405,18.377808,event page,,https://www.quicket.co.za/events/376415-mel-malisch-presents-jagged-reimagined/#tickets,https://www.quicket.co.za/events/376415-mel-malisch-presents-jagged-reimagined/,Quicket,,images/2026-10-23-mel-malisch-presents-jagged-reimagined.webp,Quicket category: Music,2026-10-08
2026-10-23-the-nick-turner-trio,The Nick Turner Trio,concert,scheduled,,2026-10-23,,18:30,,,False,False,Cape Town,Cape Town,False,The Alma Cafe,"20 Alma Road, Rosebank, 7700, Cape Town, Western Cape, South Africa",-33.954002,18.474558,event page,,https://www.quicket.co.za/events/400548-the-nick-turner-trio/#tickets,https://www.quicket.co.za/events/400548-the-nick-turner-trio/,Quicket,,images/2026-10-23-the-nick-turner-trio.webp,Quicket category: Music,2026-10-08
2026-10-23-brawls-records-presents-heartmachine-man-motels-me,"BRAWLS RECORDS PRESENTS: HEARTMACHINE, MAN MOTELS & MEASUREHEAD at Woodstock Brewery.",concert,scheduled,,2026-10-23,2026-10-24,19:00,,,False,False,Cape Town,Cape Town,False,Woodstock Brewery,"252 Albert Road, , Woodstock, 7925, Cape Town, Western Cape, South Africa",-33.927506,18.453774,event page,,https://www.quicket.co.za/events/401013-brawls-records-presents-heartmachine-man-motels-measurehead-at-woodstock-brewery/#tickets,https://www.quicket.co.za/events/401013-brawls-records-presents-heartmachine-man-motels-measurehead-at-woodstock-brewery/,Quicket,,images/2026-10-23-brawls-records-presents-heartmachine-man-motels-me.webp,Quicket category: Music,2026-10-08
2026-10-23-nataniel-in-concert,Nataniël In Concert,concert,scheduled,,2026-10-23,2026-10-24,19:00,,,False,False,Cape Town,Cape Town,False,NG Kerk Bloubergstrand,"Batavia Road 3, Bloubergstrand, 7436, Cape Town, Western Cape, South Africa",-33.800156,18.459375,event page,,https://www.quicket.co.za/events/392529-natanil-in-concert/#tickets,https://www.quicket.co.za/events/392529-natanil-in-concert/,Quicket,,images/2026-10-23-nataniel-in-concert.webp,Quicket category: Music,2026-10-08
2026-10-23-a-christmas-festival,A Christmas Festival,festival,scheduled,,2026-10-23,2026-10-24,19:30,,,False,False,Somerset West,Cape Town,False,Lourensford Wine Cellar,"Lourensford Road, Somerset West, Cape Town, 7130, 7130, Somerset West, Western Cape, South Africa",-34.071907,18.88862,event page,,https://www.quicket.co.za/events/389491-a-christmas-festival/#tickets,https://www.quicket.co.za/events/389491-a-christmas-festival/,Quicket,,images/2026-10-23-a-christmas-festival.webp,Quicket category: Music,2026-10-08
2026-10-23-emo-adams-ft-sean-d-von-d-and-project-sound,"Emo Adams ft Sean D, Von D and Project Sound",concert,scheduled,,2026-10-23,,19:30,,,False,False,Cape Town,Cape Town,False,Cedar High School,"Weltevreden Drive, , Rocklands, 7785, Cape Town, Western Cape, South Africa",-34.064808,18.601225,event page,,https://www.quicket.co.za/events/383206-emo-adams-ft-sean-d-von-d-and-project-sound/#tickets,https://www.quicket.co.za/events/383206-emo-adams-ft-sean-d-von-d-and-project-sound/,Quicket,,images/2026-10-23-emo-adams-ft-sean-d-von-d-and-project-sound.webp,Quicket category: Music,2026-10-08
2026-10-23-snotkop-heroes-live,Snotkop – Heroes Live,concert,scheduled,,2026-10-23,,20:30,,,False,False,Cape Town,Cape Town,False,Heroes Live,,-33.92883,18.41722,town centroid,,https://itickets.co.za/events/486310,https://itickets.co.za/events/486310,iTickets,,images/2026-10-23-snotkop-heroes-live.webp,,2026-10-08
2026-10-23-off-the-rekord-x-village-idiot,Off The Rekord x Village Idiot,concert,scheduled,,2026-10-23,2026-10-24,21:00,,,False,False,Cape Town,Cape Town,False,The Village Idiot,"32 Loop Street, , CBD, 8001, Cape Town, Western Cape, South Africa",-33.91951,18.421095,event page,,https://www.quicket.co.za/events/401375-off-the-rekord-x-village-idiot/#tickets,https://www.quicket.co.za/events/401375-off-the-rekord-x-village-idiot/,Quicket,,images/2026-10-23-off-the-rekord-x-village-idiot.webp,Quicket category: Music,2026-10-08
2026-10-24-cape-cobra-trail-marathon-42-33-21-10-km,Cape Cobra Trail Marathon (42 / 33 / 21 / 10 km),funrun,scheduled,,2026-10-24,,,,,False,False,Cape Town,Cape Town,False,Table Mountain / Constantia (TMNP),"Table Mountain National Park, Cape Town",-33.987,18.41,town centroid (TMNP),,https://www.capecobratrail.com/,https://www.capecobratrail.com/,Cape Cobra Trail (official site),https://dash.streblainnovations.com/races/,,"Wild TMNP ridgelines: 42 km ~2,000 m, 33 km ~1,800 m, 21 km ~1,000 m. Technical, prestige trail marathon. Finish-line festival at Constantia Uitsig. Limited-edition technical starters tee included in every entry, plus a branded bag and collectible patch. Listed by Running Guy (Garden Route races dashboard).",2026-10-08
2026-10-24-into-the-woods,Into The Woods,musical,scheduled,,2026-10-24,2026-11-14,,,,False,False,Cape Town,Cape Town,False,Theatre On The Bay,"Theatre On The Bay, Camps Bay",-33.954266,18.377235,event page,R250 - R400,https://www.webtickets.co.za/v2/event.aspx?itemid=1601853362,https://www.webtickets.co.za/v2/event.aspx?itemid=1601853362,Webtickets,https://www.broadwayworld.com/south-africa/article/INTO-THE-WOODS-Will-Open-at-Theatre-on-Bay-in-October-20260924,images/2026-10-24-into-the-woods.webp,"Webtickets category: Music, Theatre",2026-10-08
2026-10-24-prost-oktoberfest-is-coming-to-trackside-clubhouse,PROST! OKTOBERFEST IS COMING TO TRACKSIDE CLUBHOUSE!,festival,scheduled,,2026-10-24,,,,,False,False,Cape Town,Cape Town,False,Killarney International Raceway,"Killarney International Raceway, 6 Potsdam Road, Table View",-33.82438,18.53025,event page,R150,https://www.webtickets.co.za/v2/event.aspx?itemid=1604268351,https://www.webtickets.co.za/v2/event.aspx?itemid=1604268351,Webtickets,,,Webtickets category: Wine Festival,2026-10-08
2026-10-24-spring-matinee,Spring Matinee,concert,scheduled,,2026-10-24,,,,,False,False,Cape Town,Cape Town,False,ROXY WOODSTOCK,ROXY WOODSTOCK,-33.928049,18.457844,event page,R80,https://www.webtickets.co.za/v2/event.aspx?itemid=1603142908,https://www.webtickets.co.za/v2/event.aspx?itemid=1603142908,Webtickets,,,Webtickets category: Music,2026-10-08
2026-10-24-two-views-challenge-gqeberha-10-km-5-km,"Two Views Challenge, Gqeberha (10 km & 5 km)",funrun,scheduled,,2026-10-24,,,,,False,False,Gqeberha,Nelson Mandela Bay,False,"Italian Social Club, Broadwood","Broadwood, Gqeberha",-33.96186,25.618673,town centroid,,,https://runningcalendar.co.za/events/two-views-challenge,RunningCalendar.co.za,https://dash.streblainnovations.com/races/,images/2026-10-24-two-views-challenge-gqeberha-10-km-5-km.webp,"Charlo AC 10/5 km from the Italian Social Club, Broadwood. Entries via Webtickets until 21 Oct. On-the-day entries from 05:00. Listed by Running Guy (Garden Route races dashboard).",2026-10-08
2026-10-24-sma-fun-run-2026,SMA Fun Run 2026,funrun,scheduled,,2026-10-24,,07:00,,,False,False,Cape Town,Cape Town,False,Silvermine Academy,"44 Brigantine Avenue, , Sun Valley, 7985, Cape Town, Western Cape, South Africa",-34.121567,18.399061,event page,,https://www.quicket.co.za/events/390242-sma-fun-run-2026/#tickets,https://www.quicket.co.za/events/390242-sma-fun-run-2026/,Quicket,,images/2026-10-24-sma-fun-run-2026.webp,School fun run.,2026-10-08
2026-10-24-girl-dad-walk,Girl Dad walk,funrun,scheduled,,2026-10-24,,10:00,,,False,False,Cape Town,Cape Town,False,1 Fritz Sonnenberg Rd,"1 Fritz Sonnenberg Road, , Green Point, 8051, Cape Town, Western Cape, South Africa",-33.905815,18.410923,event page,,https://www.quicket.co.za/events/383490-girl-dad-walk/#tickets,https://www.quicket.co.za/events/383490-girl-dad-walk/,Quicket,,images/2026-10-24-girl-dad-walk.webp,Community walk.,2026-10-08
2026-10-24-st-francis-bubbles-festival-2026,St Francis Bubbles Festival 2026,festival,sold out,Sold out per the ticketing page's ticket availability (checked 2026-10-08).,2026-10-24,,12:30,,,False,False,St Francis Bay,Kouga/Jeffreys Bay,False,The Quays Waterfront,"15 Sea Glades Drive, St Francis Bay, 6312, Saint Francis Bay, Eastern Cape, South Africa",-34.14722,24.830278,event page,,https://www.quicket.co.za/events/376623-st-francis-bubbles-festival-2026/#tickets,https://www.quicket.co.za/events/376623-st-francis-bubbles-festival-2026/,Quicket,,images/2026-10-24-st-francis-bubbles-festival-2026.webp,Quicket category: Food & Drink,2026-10-08
2026-10-24-cape-town-oriental-dance-festival-2026-performance,Cape Town Oriental Dance Festival 2026: Performance Day,festival,scheduled,,2026-10-24,2026-10-25,14:30,,,False,False,Cape Town,Cape Town,False,V&A Waterfront Amphitheatre,"Dock Road, Foreshore, 7800, Cape Town, Western Cape, South Africa",-33.90363,18.420528,event page,R196.00,https://www.quicket.co.za/events/393794-cape-town-oriental-dance-festival-2026-performance-day/#tickets,https://www.quicket.co.za/events/393794-cape-town-oriental-dance-festival-2026-performance-day/,Quicket,https://www.quicket.co.za/events/369112-cape-town-international-kite-festival/ | https://www.howler.co.za/IndieByDayCPT,images/2026-10-24-cape-town-oriental-dance-festival-2026-performance.webp,Quicket category: Arts & Culture,2026-10-08
2026-10-24-private-affair-10-years-of-you-the-music,PRIVATE AFFAIR: 10 YEARS OF YOU & THE MUSIC,concert,scheduled,,2026-10-24,2026-10-25,15:00,,,False,False,Cape Town,Cape Town,False,Cabo Beach,"12 South Arm Road, , Victoria & Alfred Waterfront, 8002, Cape Town, Western Cape, South Africa",-33.90393,18.42947,event page,,https://www.quicket.co.za/events/392727-private-affair-10-years-of-you-the-music/#tickets,https://www.quicket.co.za/events/392727-private-affair-10-years-of-you-the-music/,Quicket,,images/2026-10-24-private-affair-10-years-of-you-the-music.webp,Quicket category: Music,2026-10-08
2026-10-24-fw-ghcc,FW | GHCC,concert,scheduled,,2026-10-24,,16:00,,,False,False,Cape Town,Cape Town,False,Good Hope Christian Centre,"Panton Road , Ferness, 7800, Cape Town, Western Cape, South Africa",-34.01433,18.495218,event page,,https://www.quicket.co.za/events/394976-fw-ghcc/#tickets,https://www.quicket.co.za/events/394976-fw-ghcc/,Quicket,,images/2026-10-24-fw-ghcc.webp,Quicket category: Music,2026-10-08
2026-10-24-mila-smith-freddy-l-live-at-the-brass-bell,Mila Smith & Freddy L: Live at The Brass Bell,concert,scheduled,,2026-10-24,,16:00,,,False,False,Cape Town,Cape Town,False,Brass Bell Kalk Bay,"Main Road, Kalk Bay, 7990, Cape Town, Western Cape, South Africa",-34.126064,18.450623,event page,,https://www.quicket.co.za/events/399014-mila-smith-freddy-l-live-at-the-brass-bell/#tickets,https://www.quicket.co.za/events/399014-mila-smith-freddy-l-live-at-the-brass-bell/,Quicket,,images/2026-10-24-mila-smith-freddy-l-live-at-the-brass-bell.webp,Quicket category: Music,2026-10-08
2026-10-24-penthouse-society,Penthouse Society,concert,scheduled,,2026-10-24,2026-10-25,16:00,,,False,False,Cape Town,Cape Town,False,Hotel Sky Cape Town,"9 Lower Long Street, , Foreshore, 8000, Cape Town, Western Cape, South Africa",-33.9164,18.4261,event page,,https://www.quicket.co.za/events/386006-penthouse-society/#tickets,https://www.quicket.co.za/events/386006-penthouse-society/,Quicket,,images/2026-10-24-penthouse-society.webp,Quicket category: Music,2026-10-08
2026-10-24-the-dirt-blues-band-presents-eric-clapton-friends,The Dirt Blues Band presents Eric Clapton & Friends,concert,scheduled,,2026-10-24,,18:00,,,False,False,Cape Town,Cape Town,False,Cafe Roux,"Chapmans Peak Dr , Noordhoek, 7979, Cape Town, Western Cape, South Africa",-34.097405,18.377808,event page,,https://www.quicket.co.za/events/391229-the-dirt-blues-band-presents-eric-clapton-friends/#tickets,https://www.quicket.co.za/events/391229-the-dirt-blues-band-presents-eric-clapton-friends/,Quicket,,images/2026-10-24-the-dirt-blues-band-presents-eric-clapton-friends.webp,Quicket category: Music,2026-10-08
2026-10-24-pertunia-msani-lungiswa-plaatjies,Pertunia Msani & Lungiswa Plaatjies,concert,scheduled,,2026-10-24,,18:30,,,False,False,Cape Town,Cape Town,False,The Alma Cafe,"20 Alma Road, Rosebank, 7700, Cape Town, Western Cape, South Africa",-33.954002,18.474558,event page,,https://www.quicket.co.za/events/401151-pertunia-msani-lungiswa-plaatjies/#tickets,https://www.quicket.co.za/events/401151-pertunia-msani-lungiswa-plaatjies/,Quicket,,images/2026-10-24-pertunia-msani-lungiswa-plaatjies.webp,Quicket category: Music,2026-10-08
2026-10-24-gin-wizard-s-70s-80s-rock-n-roll-show-hillcrest-es,Gin WIZARD's 70s & 80s Rock n Roll Show - Hillcrest Estate,concert,scheduled,,2026-10-24,,19:00,,,False,False,Cape Town,Cape Town,False,Hillcrest Restaurant,"Tygerberg Valley Rd M13, Cape Farms, 7551, Cape Town, Western Cape, South Africa",-33.82852,18.590437,event page,,https://www.quicket.co.za/events/399701-gin-wizards-70s-80s-rock-n-roll-show-hillcrest-estate/#tickets,https://www.quicket.co.za/events/399701-gin-wizards-70s-80s-rock-n-roll-show-hillcrest-estate/,Quicket,,images/2026-10-24-gin-wizard-s-70s-80s-rock-n-roll-show-hillcrest-es.webp,Quicket category: Music,2026-10-08
2026-10-24-girls-night-out,Girls Night Out,concert,scheduled,,2026-10-24,2026-10-25,19:00,,,False,False,Cape Town,Cape Town,False,30 Plantation Rd,"30 Plantation Road, , Ottery, 7808, Cape Town, Western Cape, South Africa",-34.00346,18.501663,event page,,https://www.quicket.co.za/events/378298-girls-night-out/#tickets,https://www.quicket.co.za/events/378298-girls-night-out/,Quicket,,images/2026-10-24-girls-night-out.webp,Quicket category: Music,2026-10-08
2026-10-24-mendelssohn-a-choral-odyssey,Mendelssohn: A Choral Odyssey,concert,scheduled,,2026-10-24,,19:30,,,False,False,Cape Town,Cape Town,False,City Hall,"56 Darling Street, CBD, 8001, Cape Town, Western Cape, South Africa",-33.92522,18.42385,event page,,https://www.quicket.co.za/events/373630-mendelssohn-a-choral-odyssey/#tickets,https://www.quicket.co.za/events/373630-mendelssohn-a-choral-odyssey/,Quicket,,images/2026-10-24-mendelssohn-a-choral-odyssey.webp,Quicket category: Music,2026-10-08
2026-10-24-pius-xulu-live,Pius Xulu Live,concert,scheduled,,2026-10-24,,19:30,,,False,False,Cape Town,Cape Town,False,Ground Culture Cafe,"170 Lower Main Road, Observatory, 7925, Cape Town, Western Cape, South Africa",-33.933037,18.466755,event page,,https://www.quicket.co.za/events/388101-pius-xulu-live/#tickets,https://www.quicket.co.za/events/388101-pius-xulu-live/,Quicket,,images/2026-10-24-pius-xulu-live.webp,Quicket category: Arts & Culture,2026-10-08
2026-10-24-kinky-anthems-vol-2-with-nigel-pierce,Kinky Anthems Vol 2 with Nigel Pierce,concert,scheduled,,2026-10-24,2026-10-25,20:00,,,False,False,Cape Town,Cape Town,False,Destiny Cape Town,"88 Shortmarket Street, , Cape Town City Centre, 8001, Cape Town, Western Cape, South Africa",-33.921207,18.41878,event page,,https://www.quicket.co.za/events/399539-kinky-anthems-vol-2-with-nigel-pierce/#tickets,https://www.quicket.co.za/events/399539-kinky-anthems-vol-2-with-nigel-pierce/,Quicket,,images/2026-10-24-kinky-anthems-vol-2-with-nigel-pierce.webp,Quicket category: Music,2026-10-08
2026-10-24-irene-louise-van-wyk-feat-pc-vermaak-heroes-live,Irene-Louise Van Wyk feat. PC Vermaak – Heroes Live,concert,scheduled,,2026-10-24,,20:30,,,False,False,Cape Town,Cape Town,False,Heroes Live,,-33.92883,18.41722,town centroid,,https://itickets.co.za/events/486320,https://itickets.co.za/events/486320,iTickets,,images/2026-10-24-irene-louise-van-wyk-feat-pc-vermaak-heroes-live.webp,,2026-10-08
2026-10-25-jazz-concert-series-featuring-kyle-shepard-at-moyo,Jazz Concert Series Featuring Kyle Shepard at Moyo Kirstenbosch,concert,scheduled,,2026-10-25,,,,,False,False,Cape Town,Cape Town,False,Moyo,"Moyo, Kirstenbosch Gardens, Cape Town",-33.981517,18.434658,event page,R495,https://www.webtickets.co.za/v2/event.aspx?itemid=1603753238,https://www.webtickets.co.za/v2/event.aspx?itemid=1603753238,Webtickets,,images/2026-10-25-jazz-concert-series-featuring-kyle-shepard-at-moyo.webp,Webtickets category: Music,2026-10-08
2026-10-25-her-highness-the-elevated-women-s-social,Her Highness | The Elevated Women's Social,concert,scheduled,,2026-10-25,,14:00,,,False,False,Cape Town,Cape Town,False,Roxy Woodstock,"354 Albert Road, Woodstock, 7925, Cape Town, Western Cape, South Africa",-33.92806,18.457806,event page,,https://www.quicket.co.za/events/392699-her-highness-the-elevated-womens-social/#tickets,https://www.quicket.co.za/events/392699-her-highness-the-elevated-womens-social/,Quicket,,images/2026-10-25-her-highness-the-elevated-women-s-social.webp,Quicket category: Music,2026-10-08
2026-10-25-the-abu-experience,The Abu Experience,concert,scheduled,,2026-10-25,,14:00,,,False,False,Cape Town,Cape Town,False,The Terrace Rooftop,"12 Kremer Road, , Salt River, 7925, Cape Town, Western Cape, South Africa",-33.93018,18.45851,event page,,https://www.quicket.co.za/events/392427-the-abu-experience/#tickets,https://www.quicket.co.za/events/392427-the-abu-experience/,Quicket,,images/2026-10-25-the-abu-experience.webp,Quicket category: Music,2026-10-08
2026-10-25-rockin-n-rollin-in-pinelands-part-ii,Rockin n Rollin in Pinelands PART II,concert,scheduled,,2026-10-25,,14:30,,,False,False,Cape Town,Cape Town,False,Pinelands Bowling Club,"St Stephens Road, , Pinelands, 7405, Cape Town, Western Cape, South Africa",-33.940537,18.498724,event page,,https://www.quicket.co.za/events/394751-rockin-n-rollin-in-pinelands-part-ii/#tickets,https://www.quicket.co.za/events/394751-rockin-n-rollin-in-pinelands-part-ii/,Quicket,,images/2026-10-25-rockin-n-rollin-in-pinelands-part-ii.webp,Quicket category: Music,2026-10-08
2026-10-25-umuthiomkhulu-kwa-langa,Umuthiomkhulu kwa Langa,concert,scheduled,,2026-10-25,,15:00,,,False,False,Cape Town,Cape Town,False,"Guga S'thebe, Langa","Washington Street , Langa, 7456, Cape Town, Western Cape, South Africa",-33.943985,18.528673,event page,,https://www.quicket.co.za/events/398869-umuthiomkhulu-kwa-langa/#tickets,https://www.quicket.co.za/events/398869-umuthiomkhulu-kwa-langa/,Quicket,,images/2026-10-25-umuthiomkhulu-kwa-langa.webp,Quicket category: Music,2026-10-08
2026-10-25-craig-lucas-live-cafe-roux,Craig Lucas LIVE! @ café Roux,concert,scheduled,,2026-10-25,,16:00,,,False,False,Cape Town,Cape Town,False,Cafe Roux,"Chapmans Peak Dr , Noordhoek, 7979, Cape Town, Western Cape, South Africa",-34.097405,18.377808,event page,,https://www.quicket.co.za/events/395407-craig-lucas-live-caf-roux/#tickets,https://www.quicket.co.za/events/395407-craig-lucas-live-caf-roux/,Quicket,,images/2026-10-25-craig-lucas-live-cafe-roux.webp,Quicket category: Music,2026-10-08
2026-10-25-winehouse-25-october-2026-paradise-rooftop-cape-to,"Winehouse | 25 October 2026 | Paradise Rooftop, Cape Town",concert,scheduled,,2026-10-25,,16:00,,,False,False,Cape Town,Cape Town,False,Paradise Rooftop,"9 Albertus Street, , District Six, 7925, Cape Town, Western Cape, South Africa",-33.927597,18.423924,event page,,https://www.quicket.co.za/events/395491-winehouse-25-october-2026-paradise-rooftop-cape-town/#tickets,https://www.quicket.co.za/events/395491-winehouse-25-october-2026-paradise-rooftop-cape-town/,Quicket,,images/2026-10-25-winehouse-25-october-2026-paradise-rooftop-cape-to.webp,Quicket category: Music,2026-10-08
2026-10-25-radio-echo-springsteen-tribute-live-at-the-loft,RADIO ECHO - SPRINGSTEEN TRIBUTE live at THE LOFT,concert,scheduled,,2026-10-25,,17:00,,,False,False,Cape Town,Cape Town,False,The Loft,"31 Harbour Road, Hout Bay Harbour, 7806, Cape Town, Western Cape, South Africa",-34.05565,18.34717,event page,,https://www.quicket.co.za/events/399745-radio-echo-springsteen-tribute-live-at-the-loft/#tickets,https://www.quicket.co.za/events/399745-radio-echo-springsteen-tribute-live-at-the-loft/,Quicket,,images/2026-10-25-radio-echo-springsteen-tribute-live-at-the-loft.webp,Quicket category: Music,2026-10-08
2026-10-25-arno-carstens-solo-acoustic,Arno Carstens Solo Acoustic,concert,scheduled,,2026-10-25,,18:00,,,False,False,Cape Town,Cape Town,False,The Alma Cafe,"20 Alma Road, Rosebank, 7700, Cape Town, Western Cape, South Africa",-33.954002,18.474558,event page,,https://www.quicket.co.za/events/400615-arno-carstens-solo-acoustic/#tickets,https://www.quicket.co.za/events/400615-arno-carstens-solo-acoustic/,Quicket,,images/2026-10-25-arno-carstens-solo-acoustic.webp,Quicket category: Music,2026-10-08
2026-10-27-mark-russell-harris-presents-dilated-pupils-debut-,Mark Russell Harris presents Dilated Pupils (debut album launch),concert,scheduled,,2026-10-27,,18:00,,,False,False,Cape Town,Cape Town,False,Cafe Roux,"Chapmans Peak Dr , Noordhoek, 7979, Cape Town, Western Cape, South Africa",-34.097405,18.377808,event page,,https://www.quicket.co.za/events/395625-mark-russell-harris-presents-dilated-pupils-debut-album-launch/#tickets,https://www.quicket.co.za/events/395625-mark-russell-harris-presents-dilated-pupils-debut-album-launch/,Quicket,,images/2026-10-27-mark-russell-harris-presents-dilated-pupils-debut-.webp,Quicket category: Music,2026-10-08
2026-10-28-ultimate-r-b-experience-tour-featuring-brian-mckni,"Ultimate R&B Experience Tour featuring Brian McKnight, All-4-One and SWV - Cape Town",concert,scheduled,,2026-10-28,,,,,False,False,Cape Town,Cape Town,False,Grand Arena,"Grand Arena,GrandWest, 1 Jakes Gerwel Dr, Acacia Park, Cape Town",-33.915922,18.546971,event page,R950 - R1650,https://www.webtickets.co.za/v2/event.aspx?itemid=1596101686,https://www.webtickets.co.za/v2/event.aspx?itemid=1596101686,Webtickets,,images/2026-10-28-ultimate-r-b-experience-tour-featuring-brian-mckni.webp,Webtickets category: Music,2026-10-08
2026-10-28-mex26-music-exchange-4-days-1-ticket,#MEX26 -MUSIC EXCHANGE 4 DAYS 1 TICKET,concert,scheduled,,2026-10-28,2026-10-31,10:00,,,False,False,Cape Town,Cape Town,False,Protea Hotel Fire & Ice! Cape Town,"64 New Church Street, , Tamboerskloof, 8018, Cape Town, Western Cape, South Africa",-33.926457,18.412033,event page,,https://www.quicket.co.za/events/352361-mex26-music-exchange-4-days-1-ticket/#tickets,https://www.quicket.co.za/events/352361-mex26-music-exchange-4-days-1-ticket/,Quicket,,images/2026-10-28-mex26-music-exchange-4-days-1-ticket.webp,Quicket category: Arts & Culture,2026-10-08
2026-10-28-queens-lounge-presents-zeke-le-grange-quartet,Queens Lounge Presents Zeke le Grange Quartet,concert,scheduled,,2026-10-28,,20:00,,,False,False,Cape Town,Cape Town,False,Queens Lounge Whisky & Cocktail Lounge,"Dock Road, , Victoria & Alfred Waterfront, 8001, Cape Town, Western Cape, South Africa",-33.91431,18.4228,event page,,https://www.quicket.co.za/events/399538-queens-lounge-presents-zeke-le-grange-quartet/#tickets,https://www.quicket.co.za/events/399538-queens-lounge-presents-zeke-le-grange-quartet/,Quicket,,images/2026-10-28-queens-lounge-presents-zeke-le-grange-quartet.webp,Quicket category: Music,2026-10-08
2026-10-29-in-solidarity-with-sammy-webber-dias-tavern-clarem,In solidarity with Sammy Webber @ Dias Tavern Claremont,concert,scheduled,,2026-10-29,,,,,False,False,Cape Town,Cape Town,False,Dias Tavern,"Dias Tavern, 11 Imam Haron Rd, Claremont, Cape Town, 7700",-33.983817,18.479692,event page,R250,https://www.webtickets.co.za/v2/event.aspx?itemid=1604814220,https://www.webtickets.co.za/v2/event.aspx?itemid=1604814220,Webtickets,,,Webtickets category: Music,2026-10-08
2026-10-29-a-celebration-of-coldplay-with-me-mr-green,A Celebration of Coldplay with Me & Mr Green,concert,scheduled,,2026-10-29,,18:00,,,False,False,Cape Town,Cape Town,False,Cafe Roux,"Chapmans Peak Dr , Noordhoek, 7979, Cape Town, Western Cape, South Africa",-34.097405,18.377808,event page,,https://www.quicket.co.za/events/386801-a-celebration-of-coldplay-with-me-mr-green/#tickets,https://www.quicket.co.za/events/386801-a-celebration-of-coldplay-with-me-mr-green/,Quicket,,images/2026-10-29-a-celebration-of-coldplay-with-me-mr-green.webp,Quicket category: Music,2026-10-08
2026-10-29-quiz-night-at-the-backyard-beer-garden-last-thursd,Quiz Night at The Backyard Beer Garden (last Thursday of the month),quiz,scheduled,,2026-10-29,2027-03-25,19:00-21:00,"Last Thursday of every month, 19:00-21:00",2026-10-29 | 2026-11-26 | 2026-12-31 | 2027-01-28 | 2027-02-25 | 2027-03-25,False,False,Jeffreys Bay,Kouga/Jeffreys Bay,False,The Backyard Beer Garden,"12 Oosterland Street, Jeffreys Bay",-34.051257,24.921325,nominatim (street),,,https://9ty9.co.za/events/quiz-night-a-the-backyard-2026-09-24/,9ty9.co.za (Jeffreys Bay what's on),https://9ty9.co.za/events/quiz-night-a-the-backyard-2026-08-27/,,"Monthly quiz night hosted by Brian C. Pyle, every last Thursday. Listings exist for 27 Aug and 24 Sep 2026; the dates here follow that monthly pattern and aren't individually confirmed.",2026-10-08
2026-10-29-disco-inferno,DISCO INFERNO,concert,scheduled,,2026-10-29,,20:00,,,False,False,Cape Town,Cape Town,False,The Loft Houtbay,"31 Harbour Road, , Hout Bay Harbour, 7806, Cape Town, Western Cape, South Africa",-34.05565,18.34717,event page,,https://www.quicket.co.za/events/398549-disco-inferno/#tickets,https://www.quicket.co.za/events/398549-disco-inferno/,Quicket,,images/2026-10-29-disco-inferno.webp,Quicket category: Music,2026-10-08
2026-10-29-that-70-s-band-greatest-hits,THAT 70's BAND - GREATEST HITS,concert,scheduled,,2026-10-29,2026-11-01,20:00,,,False,False,Cape Town,Cape Town,False,Kalk Bay Theatre,"Main Road 71a, 7990, Cape Town, Western Cape, South Africa",-34.126224,18.450611,event page,,https://www.quicket.co.za/events/397611-that-70s-band-greatest-hits/#tickets,https://www.quicket.co.za/events/397611-that-70s-band-greatest-hits/,Quicket,,images/2026-10-29-that-70-s-band-greatest-hits.webp,Quicket category: Arts & Culture,2026-10-08
2026-10-30-amahle-afro-house,AMAHLE- AFRO HOUSE,concert,scheduled,,2026-10-30,,,,,False,False,Cape Town,Cape Town,False,Defected Studio,"Defected Studio, Paarden Eiland, Cape Town",-33.911598,18.471103,event page,R250,https://www.webtickets.co.za/v2/event.aspx?itemid=1602155880,https://www.webtickets.co.za/v2/event.aspx?itemid=1602155880,Webtickets,,images/2026-10-30-amahle-afro-house.webp,Webtickets category: Music,2026-10-08
2026-10-30-h-ours,H'OURS,concert,sold out,Sold out per the ticketing page's ticket availability (checked 2026-10-08).,2026-10-30,2026-10-31,17:00,,,False,False,Cape Town,Cape Town,False,The Old Biscuit Mill,"373 Albert Road, , Woodstock, 7925, Cape Town, Western Cape, South Africa",-33.927315,18.45745,event page,,https://www.quicket.co.za/events/386575-hours/#tickets,https://www.quicket.co.za/events/386575-hours/,Quicket,,images/2026-10-30-h-ours.webp,Quicket category: Music,2026-10-08
2026-10-30-crimson-house-live-cafe-roux,Crimson House LIVE! @ café Roux,concert,scheduled,,2026-10-30,,18:00,,,False,False,Cape Town,Cape Town,False,Cafe Roux,"Chapmans Peak Dr , Noordhoek, 7979, Cape Town, Western Cape, South Africa",-34.097405,18.377808,event page,,https://www.quicket.co.za/events/375024-crimson-house-live-caf-roux/#tickets,https://www.quicket.co.za/events/375024-crimson-house-live-caf-roux/,Quicket,,images/2026-10-30-crimson-house-live-cafe-roux.webp,Quicket category: Music,2026-10-08
2026-10-30-hamba-nam-cape-town,HAMBA NAM CAPE TOWN,concert,scheduled,,2026-10-30,2026-10-31,18:30,,,False,False,Cape Town,Cape Town,False,The Groove Station,"108 Long Street, , Cape Town City Centre, 8001, Cape Town, Western Cape, South Africa",-33.92289,18.41846,event page,,https://www.quicket.co.za/events/368972-hamba-nam-cape-town/#tickets,https://www.quicket.co.za/events/368972-hamba-nam-cape-town/,Quicket,,images/2026-10-30-hamba-nam-cape-town.webp,Quicket category: Music,2026-10-08
2026-10-30-bam-bam-brown-lost-youth,BAM BAM BROWN || LOST YOUTH,concert,scheduled,,2026-10-30,,19:00,,,False,False,Cape Town,Cape Town,False,The Commons,"Beach Road, , Muizenberg, 7970, Cape Town, Western Cape, South Africa",-34.10797,18.46905,event page,,https://www.quicket.co.za/events/401364-bam-bam-brown-lost-youth/#tickets,https://www.quicket.co.za/events/401364-bam-bam-brown-lost-youth/,Quicket,,images/2026-10-30-bam-bam-brown-lost-youth.webp,Quicket category: Music,2026-10-08
2026-10-30-ndilisa-goba-presents-the-legendary-voices-live-co,Ndilisa Goba presents The Legendary Voices Live Concert,concert,scheduled,,2026-10-30,,19:00,,,False,False,Cape Town,Cape Town,False,8 Erin Rd,"8 Erin Road, , Rondebosch, 7700, Cape Town, Western Cape, South Africa",-33.960007,18.476904,event page,,https://www.quicket.co.za/events/394990-ndilisa-goba-presents-the-legendary-voices-live-concert/#tickets,https://www.quicket.co.za/events/394990-ndilisa-goba-presents-the-legendary-voices-live-concert/,Quicket,,images/2026-10-30-ndilisa-goba-presents-the-legendary-voices-live-co.webp,Quicket category: Music,2026-10-08
2026-10-30-stories-en-sterre-christof-van-der-berg,Stories en sterre - Christof van der Berg,concert,scheduled,,2026-10-30,,19:00,,,False,False,Hermanus,Overberg,False,NG Kerk Onrusrivier,"Berg Street 55, Onrus, 7201, Onrus, Western Cape, South Africa",-34.408962,19.168993,event page,,https://www.quicket.co.za/events/398666-stories-en-sterre-christof-van-der-berg/#tickets,https://www.quicket.co.za/events/398666-stories-en-sterre-christof-van-der-berg/,Quicket,,images/2026-10-30-stories-en-sterre-christof-van-der-berg.webp,Quicket category: Music,2026-10-08
2026-10-30-an-evening-with-barend-van-der-westhuizen-and-frie,An Evening with Barend van der Westhuizen and Friends,concert,scheduled,,2026-10-30,2026-10-31,19:30,,,False,False,Cape Town,Cape Town,False,Pinelands Players Clubhouse,"1 The Crossing, Pinelands, 7405, Cape Town, Western Cape, South Africa",-33.93742,18.491121,event page,,https://www.quicket.co.za/events/390084-an-evening-with-barend-van-der-westhuizen-and-friends/#tickets,https://www.quicket.co.za/events/390084-an-evening-with-barend-van-der-westhuizen-and-friends/,Quicket,,images/2026-10-30-an-evening-with-barend-van-der-westhuizen-and-frie.webp,Quicket category: Music,2026-10-08
2026-10-30-mujahid-george-30th-celebration-cape-town-edition,Mujahid George 30th Celebration - Cape Town Edition,concert,scheduled,,2026-10-30,,19:30,,,False,False,Cape Town,Cape Town,False,CTICC Auditorium 1,"CTICC Auditorium 1, 1 Lower Long St, Cape Town",-33.915692,18.426743,event page,R280 - R350,https://www.webtickets.co.za/v2/event.aspx?itemid=1601406339,https://www.webtickets.co.za/v2/event.aspx?itemid=1601406339,Webtickets,,,Webtickets category: Music,2026-10-08
2026-10-31-deep-culture,Deep Culture,concert,scheduled,,2026-10-31,,,,,False,False,Cape Town,Cape Town,False,Radisson Hotel Cape Town Foreshore,Radisson Hotel Cape Town Foreshore,-33.918858,18.425935,event page,From R120 to R200,https://www.webtickets.co.za/v2/event.aspx?itemid=1602355302,https://www.webtickets.co.za/v2/event.aspx?itemid=1602355302,Webtickets,,,Webtickets category: Music,2026-10-08
2026-10-31-langa-food-fashion-music-fest,Langa Food Fashion Music Fest,festival,scheduled,,2026-10-31,,,,,False,False,Cape Town,Cape Town,False,Langa Stadium,"Langa Stadium, N'Dabeni St, Langa, Cape Town, 7455",-33.946174,18.518488,event page,R150 - R800,https://www.webtickets.co.za/v2/event.aspx?itemid=1596603955,https://www.webtickets.co.za/v2/event.aspx?itemid=1596603955,Webtickets,,,Webtickets category: Music,2026-10-08
2026-10-31-the-outpouring-album-launch,THE OUTPOURING ALBUM LAUNCH,concert,scheduled,,2026-10-31,,,,,False,False,Cape Town,Cape Town,False,4 Dawn Road,"4 Dawn Road, Montague Gardens, Cape Town, South Africa",-33.854832,18.519742,event page,R120,https://www.webtickets.co.za/v2/event.aspx?itemid=1599289856,https://www.webtickets.co.za/v2/event.aspx?itemid=1599289856,Webtickets,,,Webtickets category: Music,2026-10-08
2026-10-31-the-baxter-trio-at-arambrook,The Baxter Trio at Arambrook,concert,scheduled,,2026-10-31,,,,,False,False,Cape Town,Cape Town,False,Arambrook,"Arambrook, 15 Kirstenbosch Drive Bishopscourt",-33.986585,18.442969,event page,R350 - (Excluding service fee),https://www.webtickets.co.za/v2/event.aspx?itemid=1601734132,https://www.webtickets.co.za/v2/event.aspx?itemid=1601734132,Webtickets,,images/2026-10-31-the-baxter-trio-at-arambrook.webp,"Webtickets category: Music, Theatre",2026-10-08
2026-10-31-worship-afternoon-with-songie,WORSHIP AFTERNOON WITH SONGIE,concert,scheduled,,2026-10-31,,,,,False,False,Cape Town,Cape Town,False,CK STOREY HALL,"CK STOREY HALL, ROSEBANK METHODIST CHURCH, Cape Town",-33.953292,18.471853,event page,From R300 to R380,https://www.webtickets.co.za/v2/event.aspx?itemid=1601772584,https://www.webtickets.co.za/v2/event.aspx?itemid=1601772584,Webtickets,,images/2026-10-31-worship-afternoon-with-songie.webp,Webtickets category: Music,2026-10-08
2026-10-31-color-fun-walk,Color Fun Walk,funrun,scheduled,,2026-10-31,,07:00,,,False,False,Cape Town,Cape Town,False,2 Nonkqubela Rd,"2 Nonkqubela Road, , Masiphumelele, 7975, Cape Town, Western Cape, South Africa",-34.128124,18.374874,event page,,https://www.quicket.co.za/events/401426-color-fun-walk/#tickets,https://www.quicket.co.za/events/401426-color-fun-walk/,Quicket,,,Colour fun walk.,2026-10-08
2026-10-31-tafelberg-family-fun-day-jump-fest,Tafelberg Family Fun Day & Jump Fest,festival,scheduled,,2026-10-31,,10:00,,,False,False,Cape Town,Cape Town,False,Tafelberg School,"Swellengrebel Avenue, Bothasig, 7441, Cape Town, Western Cape, South Africa",-33.857418,18.54274,event page,,https://www.quicket.co.za/events/370245-tafelberg-family-fun-day-jump-fest/#tickets,https://www.quicket.co.za/events/370245-tafelberg-family-fun-day-jump-fest/,Quicket,,images/2026-10-31-tafelberg-family-fun-day-jump-fest.webp,Quicket category: Community,2026-10-08
2026-10-31-cape-flats-food-wine-and-music-festival,Cape Flats Food Wine and Music Festival,festival,scheduled,,2026-10-31,,12:00,,,False,False,Cape Town,Cape Town,False,Strandfontein Sports Complex,"Dennegeur Avenue, , Strandfontein, 7788, Cape Town, Western Cape, South Africa",-34.078743,18.549944,event page,,https://www.quicket.co.za/events/377648-cape-flats-food-wine-and-music-festival/#tickets,https://www.quicket.co.za/events/377648-cape-flats-food-wine-and-music-festival/,Quicket,,images/2026-10-31-cape-flats-food-wine-and-music-festival.webp,Quicket category: Food & Drink,2026-10-08
2026-10-31-oktoberfest-2026,OKTOBERFEST 2026,festival,scheduled,,2026-10-31,,12:00,,,False,False,Stilbaai,Hessequa (Stilbaai),False,Rijke Distillery,"1km on Blombos Road, Jongensfontein/ Stilbaai, 6674, Stilbaai, Western Cape, South Africa",-34.42437,21.338617,event page,,https://www.quicket.co.za/events/399044-oktoberfest-2026/#tickets,https://www.quicket.co.za/events/399044-oktoberfest-2026/,Quicket,,images/2026-10-31-oktoberfest-2026.webp,Oktoberfest beer festival with music.,2026-10-08
2026-10-31-spring-boutique-wine-festival,Spring Boutique Wine Festival,festival,scheduled,,2026-10-31,,12:00,,,False,False,Somerset West,Cape Town,False,News Cafe Somerset West,"Corner De Beer Ave and Broadway Drive, Sanctuary Shopping Centre, 7130, Cape Town, Western Cape, South Africa",-34.0882,18.820849,event page,,https://www.quicket.co.za/events/395593-spring-boutique-wine-festival/#tickets,https://www.quicket.co.za/events/395593-spring-boutique-wine-festival/,Quicket,,images/2026-10-31-spring-boutique-wine-festival.webp,Quicket category: Food & Drink,2026-10-08
2026-10-31-boon-presents-good-feeling,BOON Presents. GOOD FEELING,concert,sold out,Sold out per the ticketing page's ticket availability (checked 2026-10-08).,2026-10-31,2026-11-01,14:00,,,False,False,Cape Town,Cape Town,False,Color Box Studios,"3 Industry Street, , Paarden Eiland, 7405, Cape Town, Western Cape, South Africa",-33.91685,18.465025,event page,,https://www.quicket.co.za/events/387605-boon-presents-good-feeling/#tickets,https://www.quicket.co.za/events/387605-boon-presents-good-feeling/,Quicket,,images/2026-10-31-boon-presents-good-feeling.webp,Quicket category: Music,2026-10-08
2026-10-31-vivid-preparatory-school-presents-a-disney-adventu,Vivid Preparatory School presents A Disney Adventure,concert,scheduled,,2026-10-31,,14:00,,,False,False,Cape Town,Cape Town,False,Cape Town City Hall,"Darling Street, , CBD, 8001, Cape Town, Western Cape, South Africa",-33.92534,18.42386,event page,,https://www.quicket.co.za/events/330014-vivid-preparatory-school-presents-a-disney-adventure/#tickets,https://www.quicket.co.za/events/330014-vivid-preparatory-school-presents-a-disney-adventure/,Quicket,,images/2026-10-31-vivid-preparatory-school-presents-a-disney-adventu.webp,Quicket category: Music,2026-10-08
2026-10-31-house-pour-edition-003,HOUSE POUR EDITION 003,concert,scheduled,,2026-10-31,2026-11-01,16:00,,,False,False,Cape Town,Cape Town,False,Protea Hotel Fire & Ice! Cape Town,"64 New Church Street, Tamboerskloof, 8018, Cape Town, Western Cape, South Africa",-33.926457,18.412033,event page,,https://www.quicket.co.za/events/394415-house-pour-edition-003/#tickets,https://www.quicket.co.za/events/394415-house-pour-edition-003/,Quicket,,images/2026-10-31-house-pour-edition-003.webp,Quicket category: Music,2026-10-08
2026-10-31-oktoberfest-at-the-outspan,Oktoberfest at the Outspan,festival,scheduled,,2026-10-31,2026-11-01,16:00,,,False,False,Cape Town,Cape Town,False,Farmers Outspan,"R102, East London, 5201, East London, Western Cape, South Africa",-33.921673,18.493586,event page,,https://www.quicket.co.za/events/396873-oktoberfest-at-the-outspan/#tickets,https://www.quicket.co.za/events/396873-oktoberfest-at-the-outspan/,Quicket,,images/2026-10-31-oktoberfest-at-the-outspan.webp,Quicket category: Music,2026-10-08
2026-10-31-sisonke,SISONKE,concert,scheduled,,2026-10-31,2026-11-01,17:00,,,False,False,Cape Town,Cape Town,False,71 Loop St,"71 Loop Street, , Cape Town City Centre, 8001, Cape Town, Western Cape, South Africa",-33.921368,18.419464,event page,,https://www.quicket.co.za/events/376329-sisonke/#tickets,https://www.quicket.co.za/events/376329-sisonke/,Quicket,,,Quicket category: Music,2026-10-08
2026-10-31-soul-surf-gathering-ft-pink-yellow-and-silverland,Soul Surf Gathering ft. Pink & Yellow and Silverland,concert,scheduled,,2026-10-31,,17:00,,,False,False,Cape Town,Cape Town,False,Atlantic Surf Collective,"Coral Road 2, Table View, 7441, Cape Town, Western Cape, South Africa",-33.81934,18.47684,event page,,https://www.quicket.co.za/events/394895-soul-surf-gathering-ft-pink-yellow-and-silverland/#tickets,https://www.quicket.co.za/events/394895-soul-surf-gathering-ft-pink-yellow-and-silverland/,Quicket,,images/2026-10-31-soul-surf-gathering-ft-pink-yellow-and-silverland.webp,Quicket category: Music,2026-10-08
2026-10-31-tricky-treats-southern-wild-tree63,Tricky Treats: Southern Wild & Tree63,concert,scheduled,,2026-10-31,,17:00,,,False,False,Cape Town,Cape Town,False,Brass Bell Kalk Bay,"Main Road, Kalk Bay, 7990, Cape Town, Western Cape, South Africa",-34.126064,18.450623,event page,,https://www.quicket.co.za/events/399359-tricky-treats-southern-wild-tree63/#tickets,https://www.quicket.co.za/events/399359-tricky-treats-southern-wild-tree63/,Quicket,,images/2026-10-31-tricky-treats-southern-wild-tree63.webp,Quicket category: Music,2026-10-08
2026-10-31-watershed-concert-at-the-loft-hout-bay,Watershed Concert at The Loft Hout Bay,concert,scheduled,,2026-10-31,,17:00,,,False,False,Cape Town,Cape Town,False,The Loft,"31 Harbour Road, , Hout Bay Harbour, 7806, Cape Town, Western Cape, South Africa",-34.05565,18.34717,event page,,https://www.quicket.co.za/events/367542-watershed-concert-at-the-loft-hout-bay/#tickets,https://www.quicket.co.za/events/367542-watershed-concert-at-the-loft-hout-bay/,Quicket,,images/2026-10-31-watershed-concert-at-the-loft-hout-bay.webp,Quicket category: Music,2026-10-08
2026-10-31-zombie-walk-cape-town-2026,Zombie Walk Cape Town 2026,funrun,scheduled,,2026-10-31,,17:00,,,False,False,Cape Town,Cape Town,False,109 Government Ave,"109 Government Avenue, , Cape Town City Centre, 8000, Cape Town, Western Cape, South Africa",-33.92838,18.41618,event page,,https://www.quicket.co.za/events/384905-zombie-walk-cape-town-2026/#tickets,https://www.quicket.co.za/events/384905-zombie-walk-cape-town-2026/,Quicket,,images/2026-10-31-zombie-walk-cape-town-2026.webp,Costumed Halloween zombie walk through the city.,2026-10-08
2026-10-31-bring-jou-kussie,BRING JOU KUSSIE,concert,scheduled,,2026-10-31,,18:00,,,False,False,Somerset West,Cape Town,False,Portland Indoor Centre,"Hazeldene Avenue, , Portland, 7785, Cape Town, Western Cape, South Africa",-34.05145,18.614853,event page,,https://www.quicket.co.za/events/377120-bring-jou-kussie/#tickets,https://www.quicket.co.za/events/377120-bring-jou-kussie/,Quicket,,images/2026-10-31-bring-jou-kussie.webp,Quicket category: Music,2026-10-08
2026-10-31-neo-soul-avengers-tour,Neo-Soul Avengers Tour,concert,scheduled,,2026-10-31,,18:00,,,False,False,Cape Town,Cape Town,False,Springbok Arms,"135 Lower Main Road, , Observatory, 7925, Cape Town, Western Cape, South Africa",-33.938576,18.468771,event page,,https://www.quicket.co.za/events/387709-neo-soul-avengers-tour/#tickets,https://www.quicket.co.za/events/387709-neo-soul-avengers-tour/,Quicket,,images/2026-10-31-neo-soul-avengers-tour.webp,Quicket category: Music,2026-10-08
2026-10-31-shimmy-shimmy-scream-scream,Shimmy Shimmy Scream Scream,concert,scheduled,,2026-10-31,,18:00,,,False,False,Cape Town,Cape Town,False,THE ELECTRIC,"48 Canterbury Street, , District Six, 7925, Cape Town, Western Cape, South Africa",-33.928673,18.424128,event page,,https://www.quicket.co.za/events/396147-shimmy-shimmy-scream-scream/#tickets,https://www.quicket.co.za/events/396147-shimmy-shimmy-scream-scream/,Quicket,,images/2026-10-31-shimmy-shimmy-scream-scream.webp,Quicket category: Music,2026-10-08
2026-10-31-all-you-need-is-love-a-tribute-to-the-beatles-the-,“All You Need Is Love” - A Tribute to The Beatles & The Rolling Stones,concert,scheduled,,2026-10-31,,18:00,,,False,False,Cape Town,Cape Town,False,Cafe Roux,"Chapmans Peak Dr , Noordhoek, 7979, Cape Town, Western Cape, South Africa",-34.097405,18.377808,event page,,https://www.quicket.co.za/events/376405-all-you-need-is-love-a-tribute-to-the-beatles-the-rolling-stones/#tickets,https://www.quicket.co.za/events/376405-all-you-need-is-love-a-tribute-to-the-beatles-the-rolling-stones/,Quicket,,images/2026-10-31-all-you-need-is-love-a-tribute-to-the-beatles-the-.webp,Quicket category: Music,2026-10-08
2026-10-31-hallelujah-anyway-003,Hallelujah Anyway #003,concert,scheduled,,2026-10-31,2026-11-01,19:00,,,False,False,Cape Town,Cape Town,False,Merchant & Maker – Kommetjie,"0A Wildevoelvlei Road, , Imhoff's Gift, 7975, Cape Town, Western Cape, South Africa",-34.13626,18.36511,event page,,https://www.quicket.co.za/events/397210-hallelujah-anyway-003/#tickets,https://www.quicket.co.za/events/397210-hallelujah-anyway-003/,Quicket,,images/2026-10-31-hallelujah-anyway-003.webp,Quicket category: Music,2026-10-08
2026-10-31-the-upside-down-presents-the-manor-of-rascals,The Upside Down Presents The Manor of Rascals,concert,scheduled,,2026-10-31,2026-11-01,19:00,,,False,False,Cape Town,Cape Town,False,Glenhof Manor,"12 Glenhof Road, , Newlands, 7700, Cape Town, Western Cape, South Africa",-33.976765,18.463386,event page,,https://www.quicket.co.za/events/401274-the-upside-down-presents-the-manor-of-rascals/#tickets,https://www.quicket.co.za/events/401274-the-upside-down-presents-the-manor-of-rascals/,Quicket,,images/2026-10-31-the-upside-down-presents-the-manor-of-rascals.webp,Quicket category: Music,2026-10-08
2026-10-31-umngqungqo-orchestral-experience-live-at-artscape,UMNGQUNGQO ORCHESTRAL EXPERIENCE LIVE AT ARTSCAPE,concert,scheduled,,2026-10-31,,19:00,,,False,False,Cape Town,Cape Town,False,Artscape,"Artscape, Opera House, Cape Town",-33.919879,18.430504,event page,R250 - R400,https://www.webtickets.co.za/v2/event.aspx?itemid=1601338351,https://www.webtickets.co.za/v2/event.aspx?itemid=1601338351,Webtickets,https://www.artscape.co.za/event/umngqungqo-orchestral-experience/,,"Webtickets category: Music, Theatre",2026-10-08
2026-10-31-sacred-frequency,SACRED FREQUENCY,concert,scheduled,,2026-10-31,2026-11-01,20:00,,,False,False,Cape Town,Cape Town,False,Club 101,"101 Castle Street, , Cape Town City Centre, 8001, Cape Town, Western Cape, South Africa",-33.91997,18.418919,event page,,https://www.quicket.co.za/events/400014-sacred-frequency/#tickets,https://www.quicket.co.za/events/400014-sacred-frequency/,Quicket,,images/2026-10-31-sacred-frequency.webp,Quicket category: Music,2026-10-08
2026-10-31-memento-mori-with-vox,'Memento Mori' with VOX,concert,scheduled,,2026-10-31,,20:13,,,False,False,Cape Town,Cape Town,False,St Andrew's Presbyterian Church,"Somerset Road, Cape Town, Western Cape, South Africa",-33.914898,18.41802,event page,,https://www.quicket.co.za/events/399483-memento-mori-with-vox/#tickets,https://www.quicket.co.za/events/399483-memento-mori-with-vox/,Quicket,,images/2026-10-31-memento-mori-with-vox.webp,Quicket category: Music,2026-10-08
2026-10-31-roan-ash-heroes-live,Roan Ash – Heroes Live,concert,scheduled,,2026-10-31,,20:30,,,False,False,Cape Town,Cape Town,False,Heroes Live,,-33.92883,18.41722,town centroid,,https://itickets.co.za/events/486623,https://itickets.co.za/events/486623,iTickets,,images/2026-10-31-roan-ash-heroes-live.webp,,2026-10-08
2026-10-31-d-o-g-the-end,D.O.G: THE END,concert,scheduled,,2026-10-31,2026-11-01,21:30,,,False,False,Cape Town,Cape Town,False,54 Queen Victoria St,"54 Queen Victoria Street, , Gardens, 8001, Cape Town, Western Cape, South Africa",-33.926537,18.416473,event page,,https://www.quicket.co.za/events/389140-dog-the-end/#tickets,https://www.quicket.co.za/events/389140-dog-the-end/,Quicket,,images/2026-10-31-d-o-g-the-end.webp,Quicket category: Music,2026-10-08
2026-11-01-people-in-colour,People in Colour,concert,scheduled,,2026-11-01,,15:00,,,False,False,Cape Town,Cape Town,False,Youngblood Africa,"70-74 Bree Street, Cape Town City Centre, 8001, Cape Town, Western Cape, South Africa",-33.92017,18.418974,event page,,https://www.quicket.co.za/events/396634-people-in-colour/#tickets,https://www.quicket.co.za/events/396634-people-in-colour/,Quicket,,images/2026-11-01-people-in-colour.webp,Quicket category: Music,2026-10-08
2026-11-01-chasing-sunsets,CHASING SUNSETS,concert,scheduled,,2026-11-01,,16:00,,,False,False,Cape Town,Cape Town,False,Paradise Rooftop,"9 Albertus Street, , District Six, 7925, Cape Town, Western Cape, South Africa",-33.927597,18.423924,event page,,https://www.quicket.co.za/events/393755-chasing-sunsets/#tickets,https://www.quicket.co.za/events/393755-chasing-sunsets/,Quicket,,images/2026-11-01-chasing-sunsets.webp,Quicket category: Music,2026-10-08
2026-11-01-we-got-soul,WE GOT SOUL,concert,scheduled,,2026-11-01,,16:00,,,False,False,Cape Town,Cape Town,False,143 Lower Main Rd,"143 Lower Main Road, , Observatory, 7925, Cape Town, Western Cape, South Africa",-33.938038,18.468641,event page,,https://www.quicket.co.za/events/397585-we-got-soul/#tickets,https://www.quicket.co.za/events/397585-we-got-soul/,Quicket,,images/2026-11-01-we-got-soul.webp,Quicket category: Music,2026-10-08
2026-11-01-henry-ate-celebrates-30-years-of-slap-in-the-face-,Henry Ate Celebrates 30 Years Of Slap In The Face - A Summer Outdoor Concert,concert,scheduled,,2026-11-01,,16:30,,,False,False,Cape Town,Cape Town,False,Cafe Roux,"Chapmans Peak Dr , Noordhoek, 7979, Cape Town, Western Cape, South Africa",-34.097405,18.377808,event page,,https://www.quicket.co.za/events/383369-henry-ate-celebrates-30-years-of-slap-in-the-face-a-summer-outdoor-concert/#tickets,https://www.quicket.co.za/events/383369-henry-ate-celebrates-30-years-of-slap-in-the-face-a-summer-outdoor-concert/,Quicket,,images/2026-11-01-henry-ate-celebrates-30-years-of-slap-in-the-face-.webp,Quicket category: Music,2026-10-08
2026-11-01-riverdance-sound-healing,Riverdance Sound Healing,concert,scheduled,,2026-11-01,,16:30,,,False,False,Cape Town,Cape Town,False,1 Riverside Terrace,"1 Riverside Terrace, Hout Bay, 7806, Cape Town, Western Cape, South Africa",-34.022438,18.362192,event page,,https://www.quicket.co.za/events/401061-riverdance-sound-healing/#tickets,https://www.quicket.co.za/events/401061-riverdance-sound-healing/,Quicket,,images/2026-11-01-riverdance-sound-healing.webp,Quicket category: Music,2026-10-08
2026-11-01-elsies-river-gospel-fest,Elsies River Gospel Fest,festival,scheduled,,2026-11-01,,17:00,,,False,False,Cape Town,Cape Town,False,Kunjalo Love Fellowship Tabernacle,"Halt Road, , Salberau, 7490, Cape Town, Western Cape, South Africa",-33.930836,18.576792,event page,,https://www.quicket.co.za/events/392984-elsies-river-gospel-fest/#tickets,https://www.quicket.co.za/events/392984-elsies-river-gospel-fest/,Quicket,,images/2026-11-01-elsies-river-gospel-fest.webp,Quicket category: Music,2026-10-08
2026-11-01-the-josh-trio-live-at-the-kalkbay-courtyard,THE JOSH TRIO - LIVE AT THE KALKBAY COURTYARD,concert,scheduled,,2026-11-01,,17:00,,,False,False,Cape Town,Cape Town,False,Kalk Bay Courtyard at Artvark Gallery,"48 Main Road, Kalk Bay, 7975, Cape Town, Western Cape, South Africa",-34.125073,18.450878,event page,,https://www.quicket.co.za/events/399985-the-josh-trio-live-at-the-kalkbay-courtyard/#tickets,https://www.quicket.co.za/events/399985-the-josh-trio-live-at-the-kalkbay-courtyard/,Quicket,,images/2026-11-01-the-josh-trio-live-at-the-kalkbay-courtyard.webp,Quicket category: Music,2026-10-08
2026-11-01-youth-solutions-africa-gospel-musiek-fees-2026,Youth Solutions Africa Gospel Musiek Fees 2026,festival,scheduled,,2026-11-01,,17:00,,,False,False,Somerset West,Cape Town,False,Orion Church International,"Caravelle Street, , Rocklands, 7798, Cape Town, Western Cape, South Africa",-34.065945,18.6135,event page,,https://www.quicket.co.za/events/392872-youth-solutions-africa-gospel-musiek-fees-2026/#tickets,https://www.quicket.co.za/events/392872-youth-solutions-africa-gospel-musiek-fees-2026/,Quicket,,images/2026-11-01-youth-solutions-africa-gospel-musiek-fees-2026.webp,Quicket category: Charity & Causes,2026-10-08
2026-11-01-roan-ash-live-lourensford-wine-estate-somerset-wes,"ROAN ASH Live @ Lourensford Wine Estate, Somerset West",concert,scheduled,,2026-11-01,,18:00,,,False,False,Somerset West,Cape Town,False,Lourensford Wine Estate,"Lourensford Road, Somerset West, 7130, Somerset West, Western Cape, South Africa",-34.071907,18.88862,event page,,https://www.quicket.co.za/events/396538-roan-ash-live-lourensford-wine-estate-somerset-west/#tickets,https://www.quicket.co.za/events/396538-roan-ash-live-lourensford-wine-estate-somerset-west/,Quicket,,images/2026-11-01-roan-ash-live-lourensford-wine-estate-somerset-wes.webp,Quicket category: Music,2026-10-08
2026-11-02-kersfees-met-coenie-de-villiers,Kersfees met Coenie de Villiers,festival,scheduled,,2026-11-02,,19:00,,,False,True,Cape Town,Cape Town,False,NG Vishoek,"1 Kommetjie Road, Fish Hoek, 7974, Cape Town, Western Cape, South Africa",-34.140568,18.427227,event page,,https://www.quicket.co.za/events/396393-kersfees-met-coenie-de-villiers/#tickets,https://www.quicket.co.za/events/396393-kersfees-met-coenie-de-villiers/,Quicket,,images/2026-11-02-kersfees-met-coenie-de-villiers.webp,Quicket category: Music,2026-10-08
2026-11-03-frank-freeman-dark-notes-a-tiny-concert-series,"Frank Freeman. Dark Notes, A tiny Concert Series",concert,scheduled,,2026-11-03,,17:00,,,False,False,Cape Town,Cape Town,False,The Dark Horse Bar,"145 Kloof Street, Gardens, 8001, Cape Town, Western Cape, South Africa",-33.934383,18.4074,event page,,https://www.quicket.co.za/events/392904-frank-freeman-dark-notes-a-tiny-concert-series/#tickets,https://www.quicket.co.za/events/392904-frank-freeman-dark-notes-a-tiny-concert-series/,Quicket,,images/2026-11-03-frank-freeman-dark-notes-a-tiny-concert-series.webp,Quicket category: Music,2026-10-08
2026-11-04-nataniel-sooibrand,Nataniël: SOOIBRAND,concert,scheduled,,2026-11-04,2026-11-08,19:00,,,False,False,Cape Town,Cape Town,False,Artscape Theatre Centre,"D.F. Malan Street, Foreshore, Cape Town",-33.920139,18.428214,nominatim,,https://www.artscape.co.za/event/nataniel-sooibrand/,https://www.artscape.co.za/event/nataniel-sooibrand/,Artscape (venue calendar),,,,2026-10-08
2026-11-05-summer-symphonies-at-the-city-hall,Summer Symphonies At The City Hall,concert,scheduled,,2026-11-05,,,,,False,False,Cape Town,Cape Town,False,Cape Town City Hall,"Cape Town City Hall, Darling St",-33.925199,18.423763,event page,From R210 - R495,https://www.webtickets.co.za/v2/event.aspx?itemid=1602618062,https://www.webtickets.co.za/v2/event.aspx?itemid=1602618062,Webtickets,,,"Webtickets category: Music, Festival, Theatre",2026-10-08
2026-11-05-st-george-s-unplugged-first-thursdays,St George's Unplugged - First Thursdays,concert,scheduled,,2026-11-05,2026-12-03,13:15,,,False,False,Cape Town,Cape Town,False,St George's Cathedral,"5 Wale Street, Cape Town City Centre, 8001, Cape Town, Western Cape, South Africa",-33.92471,18.419205,event page,,https://www.quicket.co.za/events/397530-st-georges-unplugged-first-thursdays/#tickets,https://www.quicket.co.za/events/397530-st-georges-unplugged-first-thursdays/,Quicket,,images/2026-11-05-st-george-s-unplugged-first-thursdays.webp,Quicket category: Music,2026-10-08
2026-11-05-miriam-altman-the-butterfly-project-live-in-cape-t,Miriam Altman - The Butterfly Project Live in Cape Town,concert,scheduled,,2026-11-05,,19:00,,,False,False,Cape Town,Cape Town,False,Homecoming Centre,"15 Buitenkant Street, District Six, 7800, Cape Town, Western Cape, South Africa",-33.927093,18.424515,event page,,https://www.quicket.co.za/events/395954-miriam-altman-the-butterfly-project-live-in-cape-town/#tickets,https://www.quicket.co.za/events/395954-miriam-altman-the-butterfly-project-live-in-cape-town/,Quicket,,images/2026-11-05-miriam-altman-the-butterfly-project-live-in-cape-t.webp,Quicket category: Music,2026-10-08
2026-11-05-henry-ate-st-francis-brewery,Henry Ate @ St Francis Brewery,concert,scheduled,,2026-11-05,,19:30,,,False,False,St Francis Bay,Kouga/Jeffreys Bay,False,"St Francis Brewing Company, Saint Francis Drive 171","Saint Francis Drive 171, 6312, Saint Francis Bay, Eastern Cape, South Africa",-34.165318,24.827665,event page,,https://www.quicket.co.za/events/383317-henry-ate-st-francis-brewery/#tickets,https://www.quicket.co.za/events/383317-henry-ate-st-francis-brewery/,Quicket,,images/2026-11-05-henry-ate-st-francis-brewery.webp,Quicket category: Music,2026-10-08
2026-11-05-music-4-the-masses-salute-to-depeche-mode,Music 4 The Masses - Salute to Depeche Mode,concert,scheduled,,2026-11-05,,20:00,,,False,False,Cape Town,Cape Town,False,Doodles Beachfront,"110 Beach Boulevard, Table View, 7441, Cape Town, Western Cape, South Africa",-33.810062,18.469072,event page,,https://www.quicket.co.za/events/398996-music-4-the-masses-salute-to-depeche-mode/#tickets,https://www.quicket.co.za/events/398996-music-4-the-masses-salute-to-depeche-mode/,Quicket,,images/2026-11-05-music-4-the-masses-salute-to-depeche-mode.webp,Quicket category: Music,2026-10-08
2026-11-06-one-night-with-russell-zuma-live,ONE NIGHT WITH RUSSELL ZUMA -LIVE,concert,scheduled,,2026-11-06,,,,,False,False,Cape Town,Cape Town,False,HOMECOMING CENTRE,"HOMECOMING CENTRE, STAR THEATRE",-33.92703,18.424407,event page,From R350 to R450,https://www.webtickets.co.za/v2/event.aspx?itemid=1602029350,https://www.webtickets.co.za/v2/event.aspx?itemid=1602029350,Webtickets,,,Webtickets category: Music,2026-10-08
2026-11-06-raving-with-the-immortals,Raving With The Immortals,concert,scheduled,,2026-11-06,2026-11-07,16:00,,,False,False,Cape Town,Cape Town,False,8 Spin St,"8 Spin Street, , Central, 8001, Cape Town, Western Cape, South Africa",-33.92525,18.42179,event page,,https://www.quicket.co.za/events/389671-raving-with-the-immortals/#tickets,https://www.quicket.co.za/events/389671-raving-with-the-immortals/,Quicket,,images/2026-11-06-raving-with-the-immortals.webp,Quicket category: Music,2026-10-08
2026-11-06-first-friday-at-cape-point-vineyards,First Friday at Cape Point Vineyards,concert,scheduled,,2026-11-06,,18:00,,,False,False,Cape Town,Cape Town,False,Cape Point Vineyards,"Silvermine Road , Cape Point Vineyards Estate, 7979, Cape Town, Western Cape, South Africa",-34.098873,18.383217,event page,,https://www.quicket.co.za/events/399068-first-friday-at-cape-point-vineyards/#tickets,https://www.quicket.co.za/events/399068-first-friday-at-cape-point-vineyards/,Quicket,,images/2026-11-06-first-friday-at-cape-point-vineyards.webp,Quicket category: Music,2026-10-08
2026-11-06-southern-wild-unplugged,Southern Wild Unplugged,concert,scheduled,,2026-11-06,,18:30,,,False,False,Cape Town,Cape Town,False,The Alma Cafe,"20 Alma Road, Rosebank, 7700, Cape Town, Western Cape, South Africa",-33.954002,18.474558,event page,,https://www.quicket.co.za/events/400624-southern-wild-unplugged/#tickets,https://www.quicket.co.za/events/400624-southern-wild-unplugged/,Quicket,,images/2026-11-06-southern-wild-unplugged.webp,Quicket category: Music,2026-10-08
2026-11-06-hanepoot-brass-band-tokkellaan-album-launch,Hanepoot Brass Band - Tokkellaan Album Launch,concert,scheduled,,2026-11-06,,19:30,,,False,False,Cape Town,Cape Town,False,The Masque Theatre,"37 Main Road, Muizenberg, 7945, Cape Town, Western Cape, South Africa",-34.102722,18.468521,event page,,https://www.quicket.co.za/events/400074-hanepoot-brass-band-tokkellaan-album-launch/#tickets,https://www.quicket.co.za/events/400074-hanepoot-brass-band-tokkellaan-album-launch/,Quicket,,images/2026-11-06-hanepoot-brass-band-tokkellaan-album-launch.webp,Quicket category: Music,2026-10-08
2026-11-06-ricus-nel-heroes-live,Ricus Nel – Heroes Live,concert,scheduled,,2026-11-06,,20:30,,,False,False,Cape Town,Cape Town,False,Heroes Live,,-33.92883,18.41722,town centroid,,https://itickets.co.za/events/486779,https://itickets.co.za/events/486779,iTickets,,images/2026-11-06-ricus-nel-heroes-live.webp,,2026-10-08
2026-11-07-chronical-deep-for-the-culture-cape-town,CHRONICAL DEEP - For The Culture - Cape Town,concert,scheduled,,2026-11-07,,,,,False,False,Cape Town,Cape Town,False,ColorBox Studios,"ColorBox Studios, Paarden Eiland, Cape Town",-33.916916,18.465164,event page,From R180 to R250,https://www.webtickets.co.za/v2/event.aspx?itemid=1601911406,https://www.webtickets.co.za/v2/event.aspx?itemid=1601911406,Webtickets,,images/2026-11-07-chronical-deep-for-the-culture-cape-town.webp,Webtickets category: Music,2026-10-08
2026-11-07-here-to-worship-presented-by-god-can-music,Here To Worship presented by God Can Music,concert,scheduled,,2026-11-07,,,,,False,False,Cape Town,Cape Town,False,Presence Centre,Presence Centre,-33.927975,18.498972,event page,R180,https://www.webtickets.co.za/v2/event.aspx?itemid=1604221043,https://www.webtickets.co.za/v2/event.aspx?itemid=1604221043,Webtickets,,,Webtickets category: Music,2026-10-08
2026-11-07-khayelitsha-maskhandi-festival,Khayelitsha Maskhandi Festival,festival,scheduled,,2026-11-07,,,,,False,False,Somerset West,Cape Town,False,Khayelitsha Rugby Stadium,Khayelitsha Rugby Stadium,-34.029939,18.65714,event page,R200 - R500,https://www.webtickets.co.za/v2/event.aspx?itemid=1594191471,https://www.webtickets.co.za/v2/event.aspx?itemid=1594191471,Webtickets,,,"Webtickets category: Music, Festival",2026-10-08
2026-11-07-sportsmans-warehouse-winelands-marathon-42-2-21-1-,Sportsmans Warehouse Winelands Marathon (42.2 / 21.1 / 10 km),funrun,sold out,Sold out per the ticketing page (checked 2026-10-08).,2026-11-07,,,,,False,False,Stellenbosch,Cape Winelands,False,Stellenbosch / Somerset West,Stellenbosch,-33.934444,18.869167,nominatim,,,https://runningcalendar.co.za/events/winelands-marathon/2026,RunningCalendar.co.za,https://dash.streblainnovations.com/races/,images/2026-11-07-sportsmans-warehouse-winelands-marathon-42-2-21-1-.webp,47th Helderberg Harriers showpiece through Stellenbosch/Somerset West. Comrades & Two Oceans 2027 qualifier. Sold out. Entry includes a pair of Balega socks. No race t-shirt listed. Listed by Running Guy (Garden Route races dashboard).,2026-10-08
2026-11-07-cape-town-montessori-school-concert-2026,Cape Town Montessori School Concert 2026,concert,scheduled,,2026-11-07,,08:00,,,False,False,Cape Town,Cape Town,False,4 Sylvan Cl,"4 Sylvan Close, , Oranjezicht, 8001, Cape Town, Western Cape, South Africa",-33.942158,18.415277,event page,,https://www.quicket.co.za/events/342642-cape-town-montessori-school-concert-2026/#tickets,https://www.quicket.co.za/events/342642-cape-town-montessori-school-concert-2026/,Quicket,,images/2026-11-07-cape-town-montessori-school-concert-2026.webp,Quicket category: Arts & Culture,2026-10-08
2026-11-07-the-backyard-groove,The Backyard Groove,concert,scheduled,,2026-11-07,2026-11-08,15:00,,,False,False,Cape Town,Cape Town,False,The Backyard Groove By Elite Events,"19 Christopher Starke Street, , Atlantis Industrial, 7349, Atlantis, Western Cape, South Africa",-33.57991,18.485554,event page,,https://www.quicket.co.za/events/399815-the-backyard-groove/#tickets,https://www.quicket.co.za/events/399815-the-backyard-groove/,Quicket,,images/2026-11-07-the-backyard-groove.webp,Quicket category: Music,2026-10-08
2026-11-07-amojo-kwafro,Amojo Kwafro,concert,scheduled,,2026-11-07,2026-11-08,18:00,,,False,False,Cape Town,Cape Town,False,Old Biscuit Mill,"Albert Road, , Woodstock, 7925, Cape Town, Western Cape, South Africa",-33.92738,18.45714,event page,,https://www.quicket.co.za/events/397516-amojo-kwafro/#tickets,https://www.quicket.co.za/events/397516-amojo-kwafro/,Quicket,,images/2026-11-07-amojo-kwafro.webp,Quicket category: Music,2026-10-08
2026-11-07-creedence-a-clear-water-revival-cafe-roux,Creedence : A Clear Water Revival @ café Roux,concert,scheduled,,2026-11-07,,18:00,,,False,False,Cape Town,Cape Town,False,Cafe Roux,"Chapmans Peak Dr , Noordhoek, 7979, Cape Town, Western Cape, South Africa",-34.097405,18.377808,event page,,https://www.quicket.co.za/events/386777-creedence-a-clear-water-revival-caf-roux/#tickets,https://www.quicket.co.za/events/386777-creedence-a-clear-water-revival-caf-roux/,Quicket,,images/2026-11-07-creedence-a-clear-water-revival-cafe-roux.webp,Quicket category: Music,2026-10-08
2026-11-07-slow-jam-affair,Slow Jam Affair,concert,scheduled,,2026-11-07,2026-11-08,18:00,,,False,False,Cape Town,Cape Town,False,Hotel Sky Cape Town,"9 Lower Long Street, , Foreshore, 8000, Cape Town, Western Cape, South Africa",-33.9164,18.4261,event page,,https://www.quicket.co.za/events/397147-slow-jam-affair/#tickets,https://www.quicket.co.za/events/397147-slow-jam-affair/,Quicket,,images/2026-11-07-slow-jam-affair.webp,Quicket category: Music,2026-10-08
2026-11-07-sax-and-soul-vol-1,Sax and Soul Vol. 1,concert,scheduled,,2026-11-07,,18:30,,,False,False,Cape Town,Cape Town,False,"unit c3, 45 Yew St","45 Yew Street, Salt River, 7925, Cape Town, Western Cape, South Africa",-33.931618,18.458464,event page,,https://www.quicket.co.za/events/396871-sax-and-soul-vol-1/#tickets,https://www.quicket.co.za/events/396871-sax-and-soul-vol-1/,Quicket,,images/2026-11-07-sax-and-soul-vol-1.webp,Quicket category: Music,2026-10-08
2026-11-07-woodstock-brewery-fully-covered,Woodstock Brewery & Fully Covered,concert,scheduled,,2026-11-07,2026-11-08,19:00,,,False,False,Cape Town,Cape Town,False,Woodstock Brewery,"252 Albert Road, , Woodstock, 7925, Cape Town, Western Cape, South Africa",-33.927506,18.453774,event page,,https://www.quicket.co.za/events/393500-woodstock-brewery-fully-covered/#tickets,https://www.quicket.co.za/events/393500-woodstock-brewery-fully-covered/,Quicket,,images/2026-11-07-woodstock-brewery-fully-covered.webp,Quicket category: Music,2026-10-08
2026-11-07-panch-gasela-linde-sibanda-dependable-alliance-liv,Panch Gasela & Linde Sibanda - Dependable Alliance - LIVE in Cape Town at The Protea Hotel Fire & Ice! 07 November 2026,concert,scheduled,,2026-11-07,,19:30,,,False,False,Cape Town,Cape Town,False,Protea Hotel Fire & Ice! Cape Town,"New Church Street, Tamboerskloof, 8001, Cape Town, Western Cape, South Africa",-33.926804,18.41142,event page,,https://www.quicket.co.za/events/398565-panch-gasela-linde-sibanda-dependable-alliance-live-in-cape-town-at-the-protea/#tickets,https://www.quicket.co.za/events/398565-panch-gasela-linde-sibanda-dependable-alliance-live-in-cape-town-at-the-protea/,Quicket,,images/2026-11-07-panch-gasela-linde-sibanda-dependable-alliance-liv.webp,Quicket category: Arts & Culture,2026-10-08
2026-11-07-moodship-and-friends-live-at-the-slave-church-muse,MOODSHIP and friends: Live at the Slave Church Museum,concert,scheduled,,2026-11-07,,20:00,,,False,False,Cape Town,Cape Town,False,40 Long St,"40 Long Street, , Cape Town City Centre, 8000, Cape Town, Western Cape, South Africa",-33.921097,18.420223,event page,,https://www.quicket.co.za/events/397087-moodship-and-friends-live-at-the-slave-church-museum/#tickets,https://www.quicket.co.za/events/397087-moodship-and-friends-live-at-the-slave-church-museum/,Quicket,,images/2026-11-07-moodship-and-friends-live-at-the-slave-church-muse.webp,Quicket category: Music,2026-10-08
2026-11-08-this-is-worship,This is Worship,concert,scheduled,,2026-11-08,,,,,False,False,Cape Town,Cape Town,False,Every Nation Baxter,Every Nation Baxter,-33.956925,18.47027,event page,R70,https://www.webtickets.co.za/v2/event.aspx?itemid=1597038527,https://www.webtickets.co.za/v2/event.aspx?itemid=1597038527,Webtickets,,,Webtickets category: Music,2026-10-08
2026-11-08-rocco-de-villiers-live-in-stilbaai,Rocco de Villiers live in Stilbaai,concert,scheduled,,2026-11-08,,14:00,,,False,False,Stilbaai,Hessequa (Stilbaai),False,Rijké,"blombos road, Jongensfontein, 6675, Still Bay, Western Cape, South Africa",-34.40463,21.343124,event page,,https://www.quicket.co.za/events/390041-rocco-de-villiers-live-in-stilbaai/#tickets,https://www.quicket.co.za/events/390041-rocco-de-villiers-live-in-stilbaai/,Quicket,,images/2026-11-08-rocco-de-villiers-live-in-stilbaai.webp,,2026-10-08
2026-11-08-an-early-vivox-voices-christmas,(An early) Vivox Voices Christmas,concert,scheduled,,2026-11-08,,16:00,,,False,True,Cape Town,Cape Town,False,Hugo Lambrechts Auditorium,"Picton Street 20, Parow, 7500, Cape Town, Western Cape, South Africa",-33.907246,18.589598,event page,,https://www.quicket.co.za/events/401282-an-early-vivox-voices-christmas/#tickets,https://www.quicket.co.za/events/401282-an-early-vivox-voices-christmas/,Quicket,,images/2026-11-08-an-early-vivox-voices-christmas.webp,Quicket category: Music,2026-10-08
2026-11-08-the-70s-vs-80s-tribute-show-with-james-marais-moni,“The 70s vs 80s Tribute” Show with James Marais & Monique Cassells,concert,scheduled,,2026-11-08,,17:00,,,False,False,Cape Town,Cape Town,False,Cafe Roux,"Chapmans Peak Dr , Noordhoek, 7979, Cape Town, Western Cape, South Africa",-34.097405,18.377808,event page,,https://www.quicket.co.za/events/389328-the-70s-vs-80s-tribute-show-with-james-marais-monique-cassells/#tickets,https://www.quicket.co.za/events/389328-the-70s-vs-80s-tribute-show-with-james-marais-monique-cassells/,Quicket,,images/2026-11-08-the-70s-vs-80s-tribute-show-with-james-marais-moni.webp,Quicket category: Music,2026-10-08
2026-11-12-summer-symphonies-at-the-city-hall,Summer Symphonies At The City Hall,concert,scheduled,,2026-11-12,,,,,False,False,Cape Town,Cape Town,False,Cape Town City Hall,"Cape Town City Hall, Darling St",-33.925199,18.423763,event page,From R210 - R495,https://www.webtickets.co.za/v2/event.aspx?itemid=1602617353,https://www.webtickets.co.za/v2/event.aspx?itemid=1602617353,Webtickets,,,"Webtickets category: Music, Festival, Theatre",2026-10-08
2026-11-12-mel-botes-presents-the-sultans-of-swing-a-dire-str,Mel Botes presents the Sultans of Swing - a Dire Straits Tribute show,concert,scheduled,,2026-11-12,,18:00,,,False,False,Cape Town,Cape Town,False,Cafe Roux,"Chapmans Peak Dr , Noordhoek, 7979, Cape Town, Western Cape, South Africa",-34.097405,18.377808,event page,,https://www.quicket.co.za/events/391707-mel-botes-presents-the-sultans-of-swing-a-dire-straits-tribute-show/#tickets,https://www.quicket.co.za/events/391707-mel-botes-presents-the-sultans-of-swing-a-dire-straits-tribute-show/,Quicket,,images/2026-11-12-mel-botes-presents-the-sultans-of-swing-a-dire-str.webp,Quicket category: Music,2026-10-08
2026-11-12-the-staccatos-live-at-kapstadt-brauhaus-blouberg,The Staccatos live at Kapstadt Brauhaus Blouberg,concert,scheduled,,2026-11-12,,19:30,,,False,False,Cape Town,Cape Town,False,Kapstadt Brauhaus Blouberg,"Shop 17, Cnr Sir David Baird & Otto du Plessis Dr,, Bloubergstrand, 7441, Cape Town, Western Cape, South Africa",-33.801678,18.4609,event page,,https://www.quicket.co.za/events/400381-the-staccatos-live-at-kapstadt-brauhaus-blouberg/#tickets,https://www.quicket.co.za/events/400381-the-staccatos-live-at-kapstadt-brauhaus-blouberg/,Quicket,,images/2026-11-12-the-staccatos-live-at-kapstadt-brauhaus-blouberg.webp,Quicket category: Music,2026-10-08
2026-11-13-afro-district,Afro District,concert,scheduled,,2026-11-13,2026-11-14,17:00,,,False,False,Cape Town,Cape Town,False,Sgt.Pepper,"194 Long Street, , CBD, 8001, Cape Town, Western Cape, South Africa",-33.92531,18.41592,event page,,https://www.quicket.co.za/events/399989-afro-district/#tickets,https://www.quicket.co.za/events/399989-afro-district/,Quicket,,images/2026-11-13-afro-district.webp,Quicket category: Music,2026-10-08
2026-11-13-heard-it-through-the-cape-vine-presents-matt-stern,Heard It Through the Cape Vine presents Matt Stern | Live at Nova Zonnestraal,concert,scheduled,,2026-11-13,,18:00,,,False,False,Cape Town,Cape Town,False,Nova Zonnestraal,"Vineyard Avenue 2, Alphen, 7806, Cape Town, Western Cape, South Africa",-34.006298,18.449118,event page,,https://www.quicket.co.za/events/396447-heard-it-through-the-cape-vine-presents-matt-stern-live-at-nova-zonnestraal/#tickets,https://www.quicket.co.za/events/396447-heard-it-through-the-cape-vine-presents-matt-stern-live-at-nova-zonnestraal/,Quicket,,images/2026-11-13-heard-it-through-the-cape-vine-presents-matt-stern.webp,Quicket category: Arts & Culture,2026-10-08
2026-11-13-the-deadbeats-live-unleashed,The DeadBeats – Live & Unleashed,concert,scheduled,,2026-11-13,,18:00,,,False,False,Cape Town,Cape Town,False,Cafe Roux,"Chapmans Peak Dr , Noordhoek, 7979, Cape Town, Western Cape, South Africa",-34.097405,18.377808,event page,,https://www.quicket.co.za/events/382258-the-deadbeats-live-unleashed/#tickets,https://www.quicket.co.za/events/382258-the-deadbeats-live-unleashed/,Quicket,,images/2026-11-13-the-deadbeats-live-unleashed.webp,Quicket category: Music,2026-10-08
2026-11-13-swing-with-the-king,Swing With The King,concert,scheduled,,2026-11-13,2026-11-14,19:30,,,False,False,Cape Town,Cape Town,False,Artscape,"Artscape, Opera House, Cape Town",-33.919879,18.430504,event page,R250,https://www.webtickets.co.za/v2/event.aspx?itemid=1599268956,https://www.webtickets.co.za/v2/event.aspx?itemid=1599268956,Webtickets,https://www.artscape.co.za/event/swing-with-the-king-3/,,"Webtickets category: Music, Theatre",2026-10-08
2026-11-13-pink-floyd-by-mel-botes-ft-simon-orange,PINK FLOYD by Mel Botes ft.Simon Orange,concert,scheduled,,2026-11-13,,20:00,,,False,False,Pringle Bay,Overberg,False,The Hangklip Hotel,"Hangklip Road, 7196, Pringle Bay, Western Cape, South Africa",-34.368133,18.822317,event page,,https://www.quicket.co.za/events/394815-pink-floyd-by-mel-botes-ftsimon-orange/#tickets,https://www.quicket.co.za/events/394815-pink-floyd-by-mel-botes-ftsimon-orange/,Quicket,,images/2026-11-13-pink-floyd-by-mel-botes-ft-simon-orange.webp,Quicket category: Music,2026-10-08
2026-11-13-elandre-heroes-live,Elandré – Heroes Live,concert,scheduled,,2026-11-13,,20:30,,,False,False,Cape Town,Cape Town,False,Heroes Live,,-33.92883,18.41722,town centroid,,https://itickets.co.za/events/486285,https://itickets.co.za/events/486285,iTickets,,images/2026-11-13-elandre-heroes-live.webp,,2026-10-08
2026-11-14-villiera-fizzy-fest,Villiera Fizzy Fest,festival,scheduled,,2026-11-14,,,,,False,False,Somerset West,Cape Town,False,Villiera Wines,"Villiera Wines, Stellenbosch",-33.833887,18.795389,event page,R280 - R350,https://www.webtickets.co.za/v2/event.aspx?itemid=1604189976,https://www.webtickets.co.za/v2/event.aspx?itemid=1604189976,Webtickets,,images/2026-11-14-villiera-fizzy-fest.webp,Webtickets category: Wine Festival,2026-10-08
2026-11-14-woodstock-wine-festival,Woodstock Wine Festival,festival,scheduled,,2026-11-14,,10:00,,,False,False,Cape Town,Cape Town,False,CTWC Clubhouse @ Woodstock Exchange,"66 Albert Road, , Woodstock, 7915, Cape Town, Western Cape, South Africa",-33.92689,18.445873,event page,,https://www.quicket.co.za/events/401312-woodstock-wine-festival/#tickets,https://www.quicket.co.za/events/401312-woodstock-wine-festival/,Quicket,,images/2026-11-14-woodstock-wine-festival.webp,Quicket category: Food & Drink,2026-10-08
2026-11-14-ajabu-cocktail-spirits-festival-november-2026,AJABU Cocktail & Spirits Festival November 2026,festival,scheduled,,2026-11-14,2026-11-22,14:00,,,False,False,Cape Town,Cape Town,False,Cape Town,"Cape Town, South Africa, Cape Town, Western Cape, South Africa",-33.92209,18.423141,event page,,https://www.quicket.co.za/events/377634-ajabu-cocktail-spirits-festival-november-2026/#tickets,https://www.quicket.co.za/events/377634-ajabu-cocktail-spirits-festival-november-2026/,Quicket,,images/2026-11-14-ajabu-cocktail-spirits-festival-november-2026.webp,Quicket category: Food & Drink,2026-10-08
2026-11-14-descendants-cape-town,DESCENDANTS: CAPE TOWN,concert,scheduled,,2026-11-14,2026-11-15,14:00,,,False,False,Cape Town,Cape Town,False,Castle of Good Hope,"Castle Street, , Foreshore, 8001, Cape Town, Western Cape, South Africa",-33.926045,18.428059,event page,From R250 to R600,https://www.quicket.co.za/events/394162-descendants-cape-town/#tickets,https://www.quicket.co.za/events/394162-descendants-cape-town/,Quicket,https://www.webtickets.co.za/v2/event.aspx?itemid=1601169438,images/2026-11-14-descendants-cape-town.webp,Quicket category: Music,2026-10-08
2026-11-14-besos,besos,concert,scheduled,,2026-11-14,2026-11-15,16:00,,,False,False,Cape Town,Cape Town,False,TEXAS,"11 Albertus Street, , District Six, 8001, Cape Town, Western Cape, South Africa",-33.92766,18.424105,event page,,https://www.quicket.co.za/events/381648-besos/#tickets,https://www.quicket.co.za/events/381648-besos/,Quicket,,images/2026-11-14-besos.webp,Quicket category: Music,2026-10-08
2026-11-14-a-queen-experience-with-the-family-band,A Queen Experience with The Family Band,concert,scheduled,,2026-11-14,,18:00,,,False,False,Cape Town,Cape Town,False,Cafe Roux,"Chapmans Peak Dr , Noordhoek, 7979, Cape Town, Western Cape, South Africa",-34.097405,18.377808,event page,,https://www.quicket.co.za/events/389343-a-queen-experience-with-the-family-band/#tickets,https://www.quicket.co.za/events/389343-a-queen-experience-with-the-family-band/,Quicket,,images/2026-11-14-a-queen-experience-with-the-family-band.webp,Quicket category: Music,2026-10-08
2026-11-14-simon-van-gend,Simon van Gend,concert,scheduled,,2026-11-14,,18:30,,,False,False,Cape Town,Cape Town,False,The Alma Cafe,"20 Alma Road, Rosebank, 7700, Cape Town, Western Cape, South Africa",-33.954002,18.474558,event page,,https://www.quicket.co.za/events/400619-simon-van-gend/#tickets,https://www.quicket.co.za/events/400619-simon-van-gend/,Quicket,,images/2026-11-14-simon-van-gend.webp,Quicket category: Music,2026-10-08
2026-11-14-louis-loock-sings-elvis,Louis Loock Sings Elvis,concert,scheduled,,2026-11-14,,19:00,,,False,False,Somerset West,Cape Town,False,NG Kerk Strand-Noord,"70 Brand Street, , Lochnerhof, 7139, Cape Town, Western Cape, South Africa",-34.105816,18.824127,event page,,https://www.quicket.co.za/events/385950-louis-loock-sings-elvis/#tickets,https://www.quicket.co.za/events/385950-louis-loock-sings-elvis/,Quicket,,images/2026-11-14-louis-loock-sings-elvis.webp,Quicket category: Music,2026-10-08
2026-11-14-candace-fortune-live,Candace Fortune Live,concert,scheduled,,2026-11-14,,19:30,,,False,False,Cape Town,Cape Town,False,Ground Culture Cafe,"Lower Main Road 170, Observatory, 7925, Cape Town, Western Cape, South Africa",-33.933037,18.466755,event page,,https://www.quicket.co.za/events/397345-candace-fortune-live/#tickets,https://www.quicket.co.za/events/397345-candace-fortune-live/,Quicket,,images/2026-11-14-candace-fortune-live.webp,Quicket category: Arts & Culture,2026-10-08
2026-11-14-creedence-and-smokie-the-classic-rock-experience,Creedence and Smokie :The Classic Rock Experience,concert,scheduled,,2026-11-14,,19:30,,,False,False,Hermanus,Overberg,False,Bossa Hermanus,"Jose Burman Drive, Hermanus, 7200, Hermanus, Western Cape, South Africa",-34.40855,19.242579,event page,,https://www.quicket.co.za/events/398192-creedence-and-smokie-the-classic-rock-experience/#tickets,https://www.quicket.co.za/events/398192-creedence-and-smokie-the-classic-rock-experience/,Quicket,,images/2026-11-14-creedence-and-smokie-the-classic-rock-experience.webp,Quicket category: Music,2026-10-08
2026-11-14-chris-steyn-heroes-live,Chris Steyn – Heroes Live,concert,scheduled,,2026-11-14,,20:30,,,False,False,Cape Town,Cape Town,False,Heroes Live,,-33.92883,18.41722,town centroid,,https://itickets.co.za/events/486482,https://itickets.co.za/events/486482,iTickets,,images/2026-11-14-chris-steyn-heroes-live.webp,,2026-10-08
2026-11-15-sensory-sanctum-sound-scent-and-sight-bath,"Sensory Sanctum: Sound, Scent and Sight Bath",concert,scheduled,,2026-11-15,,14:00,,,False,False,Cape Town,Cape Town,False,Milestone Recording Studio,"21 Bloem Street, , Cape Town City Centre, 8000, Cape Town, Western Cape, South Africa",-33.92546,18.41513,event page,,https://www.quicket.co.za/events/400626-sensory-sanctum-sound-scent-and-sight-bath/#tickets,https://www.quicket.co.za/events/400626-sensory-sanctum-sound-scent-and-sight-bath/,Quicket,,images/2026-11-15-sensory-sanctum-sound-scent-and-sight-bath.webp,Quicket category: Music,2026-10-08
2026-11-15-rainer-jadischkes-the-elton-john-tribute-featuring,Rainer Jadischke’s “The Elton John Tribute” featuring Celest Dreyer,concert,scheduled,,2026-11-15,,17:00,,,False,False,Cape Town,Cape Town,False,Cafe Roux,"Chapmans Peak Dr , Noordhoek, 7979, Cape Town, Western Cape, South Africa",-34.097405,18.377808,event page,,https://www.quicket.co.za/events/382457-rainer-jadischkes-the-elton-john-tribute-featuring-celest-dreyer/#tickets,https://www.quicket.co.za/events/382457-rainer-jadischkes-the-elton-john-tribute-featuring-celest-dreyer/,Quicket,,images/2026-11-15-rainer-jadischkes-the-elton-john-tribute-featuring.webp,Quicket category: Music,2026-10-08
2026-11-15-r-b-therapy-sundaze-with-a-twist,R&B THERAPY SUNDAZE WITH A TWIST,concert,scheduled,,2026-11-15,2026-11-16,20:00,,,False,False,Somerset West,Cape Town,False,Blues & Groove Lounge,"25 Potgieter Street, , Gants Plaza, 7140, Cape Town, Western Cape, South Africa",-34.098694,18.842737,event page,,https://www.quicket.co.za/events/397950-rb-therapy-sundaze-with-a-twist/#tickets,https://www.quicket.co.za/events/397950-rb-therapy-sundaze-with-a-twist/,Quicket,,images/2026-11-15-r-b-therapy-sundaze-with-a-twist.webp,Quicket category: Music,2026-10-08
2026-11-18-boogie-time-baby,"Boogie time, baby",concert,scheduled,,2026-11-18,2026-11-22,,,,False,False,Cape Town,Cape Town,False,Artscape Theatre Centre,"D.F. Malan Street, Foreshore, Cape Town",-33.920139,18.428214,nominatim,,https://www.artscape.co.za/event/boogie-time-baby/,https://www.artscape.co.za/event/boogie-time-baby/,Artscape (venue calendar),,,,2026-10-08
2026-11-18-tait-live-cafe-roux,taiT LIVE! @ café Roux,concert,scheduled,,2026-11-18,,18:00,,,False,False,Cape Town,Cape Town,False,Cafe Roux,"Chapmans Peak Dr , Noordhoek, 7979, Cape Town, Western Cape, South Africa",-34.097405,18.377808,event page,,https://www.quicket.co.za/events/396717-tait-live-caf-roux/#tickets,https://www.quicket.co.za/events/396717-tait-live-caf-roux/,Quicket,,images/2026-11-18-tait-live-cafe-roux.webp,Quicket category: Music,2026-10-08
2026-11-19-summer-symphonies-at-the-city-hall,Summer Symphonies At The City Hall,concert,scheduled,,2026-11-19,,,,,False,False,Cape Town,Cape Town,False,Cape Town City Hall,"Cape Town City Hall, Darling St",-33.925199,18.423763,event page,From R210 - R495,https://www.webtickets.co.za/v2/event.aspx?itemid=1602618572,https://www.webtickets.co.za/v2/event.aspx?itemid=1602618572,Webtickets,,,"Webtickets category: Music, Festival, Theatre",2026-10-08
2026-11-19-jingle-bell-rock-with-the-family-band,Jingle Bell Rock with The Family Band,concert,scheduled,,2026-11-19,,18:00,,,False,False,Cape Town,Cape Town,False,Cafe Roux,"Chapmans Peak Dr , Noordhoek, 7979, Cape Town, Western Cape, South Africa",-34.097405,18.377808,event page,,https://www.quicket.co.za/events/382141-jingle-bell-rock-with-the-family-band/#tickets,https://www.quicket.co.za/events/382141-jingle-bell-rock-with-the-family-band/,Quicket,,images/2026-11-19-jingle-bell-rock-with-the-family-band.webp,Quicket category: Music,2026-10-08
2026-11-20-herman-kleinhans-the-busker,Herman Kleinhans @ The Busker,concert,scheduled,,2026-11-20,,,,,False,False,Hermanus,Overberg,False,The Busker,,-34.4175,19.236111,town centroid,R180.00,https://oppipanne.howler.co.za/herman,https://oppipanne.howler.co.za/herman,Howler,,images/2026-11-20-herman-kleinhans-the-busker.webp,,2026-10-08
2026-11-20-rmb-ultra-trail-cape-town-100-mile-100-55-35-23-16,RMB Ultra-trail Cape Town (100 mile / 100 / 55 / 35 / 23 / 16 km),funrun,scheduled,,2026-11-20,2026-11-22,,,,False,False,Cape Town,Cape Town,False,Table Mountain / Cape Peninsula,Cape Town,-33.9249,18.4241,town centroid,,https://www.ultratrailcapetown.com/,https://www.ultratrailcapetown.com/,Ultra-trail Cape Town (official site),https://dash.streblainnovations.com/races/,images/2026-11-20-rmb-ultra-trail-cape-town-100-mile-100-55-35-23-16.webp,"SA's premier mountain ultra festival on Table Mountain / Peninsula. 100 miler ~7,000 m+. International field. Book travel early. Clashes with Vlakte Marathon. Listed by Running Guy (Garden Route races dashboard).",2026-10-08
2026-11-20-vlakte-marathon-heidelberg-to-witsand-42-2-21-1-10,Vlakte Marathon (Heidelberg to Witsand; 42.2 / 21.1 / 10.4 / 5 km),funrun,scheduled,,2026-11-20,2026-11-21,,,,False,False,Witsand,Hessequa (Stilbaai),False,Heidelberg to Witsand Beach,"Heidelberg / Witsand, Western Cape",-34.394444,20.846111,nominatim (finish town),,,https://runningcalendar.co.za/events/vlakte-marathon/2026,RunningCalendar.co.za,https://dash.streblainnovations.com/races/,images/2026-11-20-vlakte-marathon-heidelberg-to-witsand-42-2-21-1-10.webp,Point-to-point from Heidelberg to Witsand Beach. Comrades/Two Oceans qualifier. Entries via EntryNinja close 16 Nov. ~1.5h west of George. Price hint from Running Guy (unverified): R255; R150 — confirm on the entry page. T-shirt R255 and socks R150 listed as paid add-ons on RunningCalendar. Listed by Running Guy (Garden Route races dashboard).,2026-10-08
2026-11-20-crypto-fest-2026,Crypto Fest 2026,festival,scheduled,,2026-11-20,,08:00,,,False,False,Cape Town,Cape Town,False,Workshop17 Watershed,"17 Dock Road, Victoria & Alfred Waterfront, 8002, Cape Town, Western Cape, South Africa",-33.906944,18.41864,event page,,https://www.quicket.co.za/events/373241-crypto-fest-2026/#tickets,https://www.quicket.co.za/events/373241-crypto-fest-2026/,Quicket,,images/2026-11-20-crypto-fest-2026.webp,Quicket category: Business & Industry,2026-10-08
2026-11-20-summer-of-69-the-ultimate-bryan-adams-tribute-cafe,Summer of ‘69 - The Ultimate Bryan Adams Tribute @ café Roux,concert,scheduled,,2026-11-20,,18:00,,,False,False,Cape Town,Cape Town,False,Cafe Roux,"Chapmans Peak Dr , Noordhoek, 7979, Cape Town, Western Cape, South Africa",-34.097405,18.377808,event page,,https://www.quicket.co.za/events/386821-summer-of-69-the-ultimate-bryan-adams-tribute-caf-roux/#tickets,https://www.quicket.co.za/events/386821-summer-of-69-the-ultimate-bryan-adams-tribute-caf-roux/,Quicket,,images/2026-11-20-summer-of-69-the-ultimate-bryan-adams-tribute-cafe.webp,Quicket category: Music,2026-10-08
2026-11-21-kommetjie-festival,Kommetjie Festival,festival,scheduled,,2026-11-21,,06:00,,,False,False,Cape Town,Cape Town,False,Beach Road,"Beach Road, , Kommetjie, 7976, Cape Town, Western Cape, South Africa",-34.14041,18.322544,event page,,https://www.quicket.co.za/events/347484-kommetjie-festival/#tickets,https://www.quicket.co.za/events/347484-kommetjie-festival/,Quicket,,images/2026-11-21-kommetjie-festival.webp,Quicket category: Community,2026-10-08
2026-11-21-ctcs-presents-ben-schoeman-piano-finale,CTCS PRESENTS BEN SCHOEMAN PIANO FINALE,concert,scheduled,,2026-11-21,,11:00,,,False,False,Cape Town,Cape Town,False,Baxter Theatre Centre,"Baxter Theatre Centre, Main Rd, Rondebosch",-33.956847,18.470494,event page,R100 - R280,https://www.webtickets.co.za/v2/event.aspx?itemid=1598686943,https://www.webtickets.co.za/v2/event.aspx?itemid=1598686943,Webtickets,,,"Webtickets category: Music, Festival, Theatre",2026-10-08
2026-11-21-unit43-live-with-contra-band,Unit43 Live with Contra Band,concert,scheduled,,2026-11-21,2026-11-22,17:30,,,False,False,Cape Town,Cape Town,False,Unit 43 Distilling Co,"37 Berkley Road, Ndabeni, 7405, Cape Town, Western Cape, South Africa",-33.92757,18.485426,event page,,https://www.quicket.co.za/events/393593-unit43-live-with-contra-band/#tickets,https://www.quicket.co.za/events/393593-unit43-live-with-contra-band/,Quicket,,images/2026-11-21-unit43-live-with-contra-band.webp,Quicket category: Music,2026-10-08
2026-11-21-hotel-california-the-ultimate-eagles-tribute,Hotel California: The Ultimate Eagles Tribute,concert,scheduled,,2026-11-21,,18:00,,,False,False,Cape Town,Cape Town,False,Cafe Roux,"Chapmans Peak Dr , Noordhoek, 7979, Cape Town, Western Cape, South Africa",-34.097405,18.377808,event page,,https://www.quicket.co.za/events/394155-hotel-california-the-ultimate-eagles-tribute/#tickets,https://www.quicket.co.za/events/394155-hotel-california-the-ultimate-eagles-tribute/,Quicket,,images/2026-11-21-hotel-california-the-ultimate-eagles-tribute.webp,Quicket category: Music,2026-10-08
2026-11-21-lustboyz-all-in-festival-2026,Lustboyz All in Festival 2026,festival,scheduled,,2026-11-21,2026-11-22,18:00,,,False,False,Cape Town,Cape Town,False,Maroon | Restaurant & Lounge Bar,"226 Long Street, , Cape Town City Centre, 8001, Cape Town, Western Cape, South Africa",-33.92597,18.41509,event page,,https://www.quicket.co.za/events/398796-lustboyz-all-in-festival-2026/#tickets,https://www.quicket.co.za/events/398796-lustboyz-all-in-festival-2026/,Quicket,,images/2026-11-21-lustboyz-all-in-festival-2026.webp,Quicket category: Music,2026-10-08
2026-11-21-bryn-gillies-live-in-cape-town-at-the-protea-hotel,BRYN GILLIES - LIVE in Cape Town at The Protea Hotel Fire & Ice! 21 November 2026,concert,scheduled,,2026-11-21,2026-11-22,20:00,,,False,False,Cape Town,Cape Town,False,Protea Hotel Fire & Ice! Cape Town,"New Church Street, Tamboerskloof, 8001, Cape Town, Western Cape, South Africa",-33.926804,18.41142,event page,R250.00,https://www.quicket.co.za/events/394233-bryn-gillies-live-in-cape-town-at-the-protea-hotel-fire-ice-21-november-2026/#tickets,https://www.quicket.co.za/events/394233-bryn-gillies-live-in-cape-town-at-the-protea-hotel-fire-ice-21-november-2026/,Quicket,https://www.howler.co.za/RnBFestCT,images/2026-11-21-bryn-gillies-live-in-cape-town-at-the-protea-hotel.webp,Quicket category: Arts & Culture,2026-10-08
2026-11-22-rocco-de-villiers-heroes-live,Rocco de Villiers – Heroes Live,concert,scheduled,,2026-11-22,,14:00,,,False,False,Cape Town,Cape Town,False,Heroes Live,,-33.92883,18.41722,town centroid,,https://itickets.co.za/events/486127,https://itickets.co.za/events/486127,iTickets,,images/2026-11-22-rocco-de-villiers-heroes-live.webp,,2026-10-08
2026-11-22-alma-naidu-live-at-the-loft,ALMA NAIDU live at THE LOFT,concert,scheduled,,2026-11-22,,17:00,,,False,False,Cape Town,Cape Town,False,The Loft,"31 Harbour Road, Hout Bay Harbour, 7806, Cape Town, Western Cape, South Africa",-34.05565,18.34717,event page,,https://www.quicket.co.za/events/397443-alma-naidu-live-at-the-loft/#tickets,https://www.quicket.co.za/events/397443-alma-naidu-live-at-the-loft/,Quicket,,images/2026-11-22-alma-naidu-live-at-the-loft.webp,Quicket category: Music,2026-10-08
2026-11-22-hotel-california-the-ultimate-eagles-tribute,Hotel California: The Ultimate Eagles Tribute,concert,scheduled,,2026-11-22,,17:00,,,False,False,Cape Town,Cape Town,False,Cafe Roux,"Chapmans Peak Dr , Noordhoek, 7979, Cape Town, Western Cape, South Africa",-34.097405,18.377808,event page,,https://www.quicket.co.za/events/394159-hotel-california-the-ultimate-eagles-tribute/#tickets,https://www.quicket.co.za/events/394159-hotel-california-the-ultimate-eagles-tribute/,Quicket,,images/2026-11-22-hotel-california-the-ultimate-eagles-tribute.webp,Quicket category: Music,2026-10-08
2026-11-24-summer-symphonies-at-the-city-hall,Summer Symphonies At The City Hall,concert,scheduled,,2026-11-24,,,,,False,False,Cape Town,Cape Town,False,Cape Town City Hall,"Cape Town City Hall, Darling St",-33.925199,18.423763,event page,From R210 - R495,https://www.webtickets.co.za/v2/event.aspx?itemid=1602618747,https://www.webtickets.co.za/v2/event.aspx?itemid=1602618747,Webtickets,,,"Webtickets category: Music, Festival, Theatre",2026-10-08
2026-11-24-from-hanover-street-a-concert-commemorating-60-yea,From Hanover Street – A Concert Commemorating 60 Years,concert,scheduled,,2026-11-24,2026-11-29,20:00,,,False,False,Cape Town,Cape Town,False,Artscape,"Artscape, Opera House, Cape Town",-33.919879,18.430504,event page,R200 - R350,https://www.webtickets.co.za/v2/event.aspx?itemid=1598871599,https://www.webtickets.co.za/v2/event.aspx?itemid=1598871599,Webtickets,https://www.artscape.co.za/event/from-hanover-street-a-concert-commemorating-60-years-2/,,"Webtickets category: Music, Theatre",2026-10-08
2026-11-25-amy-winehouse-the-diva-and-her-demons,Amy Winehouse - The Diva and her Demons,concert,scheduled,,2026-11-25,,18:00,,,False,False,Cape Town,Cape Town,False,Cafe Roux,"Chapmans Peak Dr , Noordhoek, 7979, Cape Town, Western Cape, South Africa",-34.097405,18.377808,event page,,https://www.quicket.co.za/events/388348-amy-winehouse-the-diva-and-her-demons/#tickets,https://www.quicket.co.za/events/388348-amy-winehouse-the-diva-and-her-demons/,Quicket,,images/2026-11-25-amy-winehouse-the-diva-and-her-demons.webp,Quicket category: Music,2026-10-08
2026-11-26-history-boys,HISTORY BOYS,concert,scheduled,,2026-11-26,,,,,False,False,Cape Town,Cape Town,False,Theatre On The Bay,"Theatre On The Bay, Camps Bay",-33.954266,18.377235,event page,R250 - R375,https://www.webtickets.co.za/v2/event.aspx?itemid=1601294261,https://www.webtickets.co.za/v2/event.aspx?itemid=1601294261,Webtickets,,,"Webtickets category: Music, Theatre",2026-10-08
2026-11-26-freddy-l-live-cafe-roux,FREDDY L LIVE! @ café Roux,concert,scheduled,,2026-11-26,,18:00,,,False,False,Cape Town,Cape Town,False,Cafe Roux,"Chapmans Peak Dr , Noordhoek, 7979, Cape Town, Western Cape, South Africa",-34.097405,18.377808,event page,,https://www.quicket.co.za/events/395638-freddy-l-live-caf-roux/#tickets,https://www.quicket.co.za/events/395638-freddy-l-live-caf-roux/,Quicket,,images/2026-11-26-freddy-l-live-cafe-roux.webp,Quicket category: Music,2026-10-08
2026-11-26-can-t-stop-the-feelings-boots-meet-ballgowns,Can't Stop the Feelings - Boots meet Ballgowns,concert,scheduled,,2026-11-26,,19:00,,,False,False,Cape Town,Cape Town,False,The Barnyard Theatre Tyger Valley,"Entrance 12, Tyger valley Shopping Centre, Bellville, Cape Town, 7536, South Africa, , Bellville Park, 7536, Cape Town, Western Cape, South Africa",-33.872505,18.633419,event page,,https://www.quicket.co.za/events/395369-cant-stop-the-feelings-boots-meet-ballgowns/#tickets,https://www.quicket.co.za/events/395369-cant-stop-the-feelings-boots-meet-ballgowns/,Quicket,,,Quicket category: Music,2026-10-08
2026-11-26-artsability-festival,ArtsAbility Festival,festival,scheduled,,2026-11-26,2026-11-29,20:00,,,False,False,Cape Town,Cape Town,False,70-72 Bree St,"70-72 Bree Street, , Cape Town City Centre, 8001, Cape Town, Western Cape, South Africa",-33.92017,18.418974,event page,,https://www.quicket.co.za/events/399937-artsability-festival/#tickets,https://www.quicket.co.za/events/399937-artsability-festival/,Quicket,,,Quicket category: Arts & Culture,2026-10-08
2026-11-26-back-2-80s-90s-show-the-loft-hout-bay,BACK 2 80’s & 90’s SHOW – THE LOFT HOUT BAY,concert,scheduled,,2026-11-26,,20:00,,,False,False,Cape Town,Cape Town,False,The Loft Houtbay,"31 Harbour Road, , Hout Bay Harbour, 7806, Cape Town, Western Cape, South Africa",-34.05565,18.34717,event page,,https://www.quicket.co.za/events/398728-back-2-80s-90s-show-the-loft-hout-bay/#tickets,https://www.quicket.co.za/events/398728-back-2-80s-90s-show-the-loft-hout-bay/,Quicket,,images/2026-11-26-back-2-80s-90s-show-the-loft-hout-bay.webp,Quicket category: Music,2026-10-08
2026-11-27-nova-nights-presents-tony-browne-live-on-the-lawns,Nova Nights presents Tony Browne— Live on the Lawns,concert,scheduled,,2026-11-27,,17:30,,,False,False,Cape Town,Cape Town,False,Nova Zonnestraal,"Vineyard Avenue 2, Alphen, 7806, Cape Town, Western Cape, South Africa",-34.006298,18.449118,event page,,https://www.quicket.co.za/events/400294-nova-nights-presents-tony-browne-live-on-the-lawns/#tickets,https://www.quicket.co.za/events/400294-nova-nights-presents-tony-browne-live-on-the-lawns/,Quicket,,images/2026-11-27-nova-nights-presents-tony-browne-live-on-the-lawns.webp,Quicket category: Music,2026-10-08
2026-11-27-rumours-of-fleetwood-mac,Rumours of Fleetwood Mac,concert,scheduled,,2026-11-27,,18:00,,,False,False,Cape Town,Cape Town,False,Cafe Roux,"Chapmans Peak Dr , Noordhoek, 7979, Cape Town, Western Cape, South Africa",-34.097405,18.377808,event page,,https://www.quicket.co.za/events/389346-rumours-of-fleetwood-mac/#tickets,https://www.quicket.co.za/events/389346-rumours-of-fleetwood-mac/,Quicket,,images/2026-11-27-rumours-of-fleetwood-mac.webp,Quicket category: Music,2026-10-08
2026-11-27-the-buckfever-underground,The Buckfever Underground,concert,scheduled,,2026-11-27,,19:30,,,False,False,Cape Town,Cape Town,False,Kaapstad Toneelhuis,"61 Loop Street, Cape Town City Centre, 8001, Cape Town, Western Cape, South Africa",-33.92104,18.41984,event page,,https://www.quicket.co.za/events/400795-the-buckfever-underground/#tickets,https://www.quicket.co.za/events/400795-the-buckfever-underground/,Quicket,,images/2026-11-27-the-buckfever-underground.webp,Quicket category: Music,2026-10-08
2026-11-27-nathan-kalala-are-you-even-congolese-live-in-cape-,Nathan Kalala - Are you even Congolese - LIVE in Cape Town at The Protea Hotel Fire & Ice! 27 November 2026,concert,scheduled,,2026-11-27,,20:00,,,False,False,Cape Town,Cape Town,False,Protea Hotel Fire & Ice! Cape Town,"New Church Street, Tamboerskloof, 8001, Cape Town, Western Cape, South Africa",-33.926804,18.41142,event page,,https://www.quicket.co.za/events/392300-nathan-kalala-are-you-even-congolese-live-in-cape-town-at-the-protea-hotel-fire/#tickets,https://www.quicket.co.za/events/392300-nathan-kalala-are-you-even-congolese-live-in-cape-town-at-the-protea-hotel-fire/,Quicket,,images/2026-11-27-nathan-kalala-are-you-even-congolese-live-in-cape-.webp,Quicket category: Arts & Culture,2026-10-08
2026-11-27-as-above-so-below-drum-bass-all-night-the-arrival,As Above So Below Drum&Bass All Night - THE ARRIVAL,concert,scheduled,,2026-11-27,2026-11-28,21:00,,,False,False,Cape Town,Cape Town,False,Open Source,"60 Hout Street, , Cape Town City Centre, 8000, Cape Town, Western Cape, South Africa",-33.921272,18.419985,event page,,https://www.quicket.co.za/events/399491-as-above-so-below-drumbass-all-night-the-arrival/#tickets,https://www.quicket.co.za/events/399491-as-above-so-below-drumbass-all-night-the-arrival/,Quicket,,images/2026-11-27-as-above-so-below-drum-bass-all-night-the-arrival.webp,Quicket category: Music,2026-10-08
2026-11-27-haze-031-invasion-ft-wedemboyz,HAZE. 031 INVASION ft. WeDemBoyz,concert,scheduled,,2026-11-27,2026-11-28,21:00,,,False,False,Cape Town,Cape Town,False,Phoenix Champagne Lounge,"161 Longmarket Street, , Cape Town City Centre, 8000, Cape Town, Western Cape, South Africa",-33.922325,18.418903,event page,,https://www.quicket.co.za/events/392527-haze-031-invasion-ft-wedemboyz/#tickets,https://www.quicket.co.za/events/392527-haze-031-invasion-ft-wedemboyz/,Quicket,,images/2026-11-27-haze-031-invasion-ft-wedemboyz.webp,Quicket category: Music,2026-10-08
2026-11-27-great-southern-bioblitz-2026-garden-route-inatural,Great Southern Bioblitz 2026 – Garden Route (iNaturalist citizen science),nature,scheduled,,2026-11-27,2026-11-30,All day; Wild Rescue iNaturalist workshops Sat 28 & Sun 29 Nov,,,False,False,Stilbaai,Hessequa (Stilbaai),False,Anywhere in the Garden Route; workshops at Wild Rescue nature reserve,"Wild Rescue nature reserve, Stilbaai (Hessequa)",-34.368333,21.411111,town centroid (reserve near Stilbaai),Free,https://www.inaturalist.org/projects/great-southern-bioblitz-2026-garden-route,https://www.knysnaplettherald.com/News/Article/Local-News/wild-rescue-nature-reserve-champions-the-great-southern-bioblitz-2026-for-garden-route-district-202609211200,Knysna-Plett Herald,https://wildrescue.co.za/wild-rescue-nature-reserve-champions-the-great-southern-bioblitz-2026-for-garden-route-district/ | https://www.inaturalist.org/projects/great-southern-bioblitz-2026-garden-route | https://www.knysna.n2rs.com/knysna-diary-november.html,images/2026-11-27-great-southern-bioblitz-2026-garden-route-inatural.webp,"Four-day Southern Hemisphere biodiversity survey: photograph any wild plant, animal or fungus and upload it to the free iNaturalist app, linked to the 'Great Southern Bioblitz 2026 - Garden Route' project. Free, no expertise needed; 14 days afterwards to finish uploads and IDs. Wild Rescue (Garden Route organiser) runs practical iNaturalist workshops and trail walks at its reserve on 28 and 29 November; times and bookings to be announced on its social media.",2026-10-08
2026-11-28-best-day-out-festival-2026,Best Day Out Festival 2026,festival,scheduled,,2026-11-28,,,,,False,False,Cape Town,Cape Town,False,The Company’s Garden,"The Company’s Garden, Government Avenue, Cape Town City Centre, Cape Town",-33.925255,18.419652,event page,R120 - R400,https://www.webtickets.co.za/v2/event.aspx?itemid=1597091124,https://www.webtickets.co.za/v2/event.aspx?itemid=1597091124,Webtickets,,,"Webtickets category: Music, Festival, Wine Festival",2026-10-08
2026-11-28-namakwalande-se-langarm-jol-met-real-beats-live,Namakwalande se Langarm Jol met Real Beats Live,concert,scheduled,,2026-11-28,,,,,False,False,Cape Town,Cape Town,False,Matroosfontein Civic Hall,"Matroosfontein Civic Hall, Cape Town",-33.938871,18.572027,event page,From R200 to R300,https://www.webtickets.co.za/v2/event.aspx?itemid=1601702909,https://www.webtickets.co.za/v2/event.aspx?itemid=1601702909,Webtickets,,images/2026-11-28-namakwalande-se-langarm-jol-met-real-beats-live.webp,Webtickets category: Music,2026-10-08
2026-11-28-nomfundo-xaluva-presents-ndilapha-songs-and-storie,Nomfundo Xaluva presents “Ndilapha: Songs and Stories.”,concert,scheduled,,2026-11-28,,,,,False,False,Cape Town,Cape Town,False,Baxter Studio - Baxter Theatre Centre,Baxter Studio - Baxter Theatre Centre,-33.957055,18.470504,event page,R400,https://www.webtickets.co.za/v2/event.aspx?itemid=1601671382,https://www.webtickets.co.za/v2/event.aspx?itemid=1601671382,Webtickets,,,"Webtickets category: Music, Theatre",2026-10-08
2026-11-28-western-cape-fun-run,Western Cape Fun Run,funrun,scheduled,,2026-11-28,,08:00,,,False,False,Cape Town,Cape Town,False,Prieska Road,"Prieska Road, , Sybrand Park, 7700, Cape Town, Western Cape, South Africa",-33.95597,18.500956,event page,,https://www.quicket.co.za/events/391873-western-cape-fun-run/#tickets,https://www.quicket.co.za/events/391873-western-cape-fun-run/,Quicket,,images/2026-11-28-western-cape-fun-run.webp,Charity fun run.,2026-10-08
2026-11-28-rosoberry-harvest-fest-2026,Rosoberry Harvest Fest 2026,festival,scheduled,,2026-11-28,,10:00,,,False,False,Kleinmond,Overberg,False,Hermanus River Farmhouse,"Hermanus River Farm, R44, Kleinmond, 7195, Kleinmond, Western Cape, South Africa",-34.30556,19.135511,event page,,https://www.quicket.co.za/events/395886-rosoberry-harvest-fest-2026/#tickets,https://www.quicket.co.za/events/395886-rosoberry-harvest-fest-2026/,Quicket,,images/2026-11-28-rosoberry-harvest-fest-2026.webp,Quicket category: Food & Drink,2026-10-08
2026-11-28-phatt-cookout-vol6,PHATT COOKOUT VOL6,concert,scheduled,,2026-11-28,,11:00,,,False,False,Cape Town,Cape Town,False,Oude Molen Eco Village,"Alexandra Road , Pinelands, 7405, Cape Town, Western Cape, South Africa",-33.94244,18.49071,event page,,https://www.quicket.co.za/events/396307-phatt-cookout-vol6/#tickets,https://www.quicket.co.za/events/396307-phatt-cookout-vol6/,Quicket,,,Quicket category: Music,2026-10-08
2026-11-28-unwind-summer-festival,Unwind Summer Festival,festival,scheduled,,2026-11-28,,11:00,,,False,False,Jeffreys Bay,Kouga/Jeffreys Bay,False,Unwind Restaurant,"1 Da Gama Road, 6330, Jeffreys Bay, Eastern Cape, South Africa",-34.05717,24.9231,event page,,https://www.quicket.co.za/events/397411-unwind-summer-festival/#tickets,https://www.quicket.co.za/events/397411-unwind-summer-festival/,Quicket,,images/2026-11-28-unwind-summer-festival.webp,Quicket category: Food & Drink,2026-10-08
2026-11-28-chunky-2026-southerntip-psychedelic,CHUNKY 2026 - SouthernTip Psychedelic,concert,scheduled,,2026-11-28,2026-11-29,14:00,,,False,False,Cape Town,Cape Town,False,Glenhof Manor,"12 Glenhof Road, , Newlands, 7700, Cape Town, Western Cape, South Africa",-33.976765,18.463386,event page,,https://www.quicket.co.za/events/397947-chunky-2026-southerntip-psychedelic/#tickets,https://www.quicket.co.za/events/397947-chunky-2026-southerntip-psychedelic/,Quicket,,images/2026-11-28-chunky-2026-southerntip-psychedelic.webp,Quicket category: Music,2026-10-08
2026-11-28-summer-sundowner-hosted-by-aden-thomas,Summer Sundowner hosted by Aden Thomas,concert,scheduled,,2026-11-28,,14:30,,,False,False,Cape Town,Cape Town,False,Protea Hotel Cape Town Mowbray,"Off Liesbeek Parkway, , Observatory, 7925, Cape Town, Western Cape, South Africa",-33.942043,18.479948,event page,,https://www.quicket.co.za/events/394741-summer-sundowner-hosted-by-aden-thomas/#tickets,https://www.quicket.co.za/events/394741-summer-sundowner-hosted-by-aden-thomas/,Quicket,,images/2026-11-28-summer-sundowner-hosted-by-aden-thomas.webp,Quicket category: Music,2026-10-08
2026-11-28-celebrating-christ-in-alignment-christmas-carols,Celebrating Christ in Alignment Christmas Carols,concert,scheduled,,2026-11-28,,17:00,,,False,True,Cape Town,Cape Town,False,Good Hope Christian Centre Ottery,"Panton Road, , Ferness, 7800, Cape Town, Western Cape, South Africa",-34.01433,18.495218,event page,,https://www.quicket.co.za/events/377766-celebrating-christ-in-alignment-christmas-carols/#tickets,https://www.quicket.co.za/events/377766-celebrating-christ-in-alignment-christmas-carols/,Quicket,,images/2026-11-28-celebrating-christ-in-alignment-christmas-carols.webp,Quicket category: Music,2026-10-08
2026-11-28-postpone-november-golden-hour-good-vibes-only,POSTPONE November: Golden Hour - Good Vibes Only,concert,scheduled,,2026-11-28,,17:00,,,False,False,Cape Town,Cape Town,False,Jerry's Burger Bar Blouberg,"1 Athens Road, , Table View, 7439, Cape Town, Western Cape, South Africa",-33.822697,18.477808,event page,,https://www.quicket.co.za/events/386947-postpone-november-golden-hour-good-vibes-only/#tickets,https://www.quicket.co.za/events/386947-postpone-november-golden-hour-good-vibes-only/,Quicket,,images/2026-11-28-postpone-november-golden-hour-good-vibes-only.webp,Quicket category: Music,2026-10-08
2026-11-28-soul-surf-gathering-ft-larter-brothers,Soul Surf Gathering ft. Larter Brothers,concert,scheduled,,2026-11-28,,17:00,,,False,False,Cape Town,Cape Town,False,Atlantic Surf Collective,"Coral Road 2, Table View, 7441, Cape Town, Western Cape, South Africa",-33.81934,18.47684,event page,,https://www.quicket.co.za/events/394896-soul-surf-gathering-ft-larter-brothers/#tickets,https://www.quicket.co.za/events/394896-soul-surf-gathering-ft-larter-brothers/,Quicket,,images/2026-11-28-soul-surf-gathering-ft-larter-brothers.webp,Quicket category: Music,2026-10-08
2026-11-28-lovers-and-friends-cape-town,Lovers and Friends Cape Town,concert,scheduled,,2026-11-28,2026-11-29,18:00,,,False,False,Cape Town,Cape Town,False,Emperors Lounge,"230 Long Street, , Cape Town City Centre, 8001, Cape Town, Western Cape, South Africa",-33.926144,18.414938,event page,,https://www.quicket.co.za/events/395251-lovers-and-friends-cape-town/#tickets,https://www.quicket.co.za/events/395251-lovers-and-friends-cape-town/,Quicket,,images/2026-11-28-lovers-and-friends-cape-town.webp,Quicket category: Music,2026-10-08
2026-11-28-mostafa-atef-live-in-concert,Mostafa Atef Live In Concert,concert,scheduled,,2026-11-28,,18:00,,,False,False,Cape Town,Cape Town,False,CTICC (Cape Town International Convention Centre),"1 Lower Long Street, , Cape Town City Centre, 8001, Cape Town, Western Cape, South Africa",-33.915703,18.426746,event page,,https://www.quicket.co.za/events/396008-mostafa-atef-live-in-concert/#tickets,https://www.quicket.co.za/events/396008-mostafa-atef-live-in-concert/,Quicket,,images/2026-11-28-mostafa-atef-live-in-concert.webp,Quicket category: Arts & Culture,2026-10-08
2026-11-28-rumours-of-fleetwood-mac,Rumours of Fleetwood Mac,concert,scheduled,,2026-11-28,,18:00,,,False,False,Cape Town,Cape Town,False,Cafe Roux,"Chapmans Peak Dr , Noordhoek, 7979, Cape Town, Western Cape, South Africa",-34.097405,18.377808,event page,,https://www.quicket.co.za/events/389366-rumours-of-fleetwood-mac/#tickets,https://www.quicket.co.za/events/389366-rumours-of-fleetwood-mac/,Quicket,,images/2026-11-28-rumours-of-fleetwood-mac.webp,Quicket category: Music,2026-10-08
2026-11-28-the-ninth-annual-south-african-burlesque-festival,The Ninth Annual South African Burlesque Festival,festival,scheduled,,2026-11-28,,18:00,,,False,False,Cape Town,Cape Town,False,HCC Homecoming Centre,"Corner Buitenkant St & Caledon St, District Six, 7800, Cape Town, Western Cape, South Africa",-33.927093,18.424515,event page,,https://www.quicket.co.za/events/383693-the-ninth-annual-south-african-burlesque-festival/#tickets,https://www.quicket.co.za/events/383693-the-ninth-annual-south-african-burlesque-festival/,Quicket,,images/2026-11-28-the-ninth-annual-south-african-burlesque-festival.webp,Quicket category: Arts & Culture,2026-10-08
2026-11-28-the-king-of-pop-experience-hermanus,The King of Pop Experience - Hermanus,concert,scheduled,,2026-11-28,,19:00,,,False,False,Hermanus,Overberg,False,Sandbaai Saal,"Main Road 71, 7200, Sandbaai, Western Cape, South Africa",-34.423706,19.197138,event page,,https://www.quicket.co.za/events/397387-the-king-of-pop-experience-hermanus/#tickets,https://www.quicket.co.za/events/397387-the-king-of-pop-experience-hermanus/,Quicket,,images/2026-11-28-the-king-of-pop-experience-hermanus.webp,Quicket category: Music,2026-10-08
2026-11-28-dimension-x-into-the-abyss,Dimension X - Into The Abyss,concert,scheduled,,2026-11-28,2026-11-29,20:00,,,False,False,Cape Town,Cape Town,False,85 Auckland St,"85 Auckland Street, Paarden Eiland, 7405, Cape Town, Western Cape, South Africa",-33.903835,18.477558,event page,,https://www.quicket.co.za/events/394277-dimension-x-into-the-abyss/#tickets,https://www.quicket.co.za/events/394277-dimension-x-into-the-abyss/,Quicket,,images/2026-11-28-dimension-x-into-the-abyss.webp,Quicket category: Music,2026-10-08
2026-11-28-here-comes-the-sun-a-tribute-to-the-beatles-simon-,Here Comes the Sun - A Tribute to The Beatles & Simon and Garfukel at THE LOFT,concert,scheduled,,2026-11-28,,20:00,,,False,False,Cape Town,Cape Town,False,The Loft,"31 Harbour Road, Hout Bay Harbour, 7806, Cape Town, Western Cape, South Africa",-34.05565,18.34717,event page,,https://www.quicket.co.za/events/393240-here-comes-the-sun-a-tribute-to-the-beatles-simon-and-garfukel-at-the-loft/#tickets,https://www.quicket.co.za/events/393240-here-comes-the-sun-a-tribute-to-the-beatles-simon-and-garfukel-at-the-loft/,Quicket,,images/2026-11-28-here-comes-the-sun-a-tribute-to-the-beatles-simon-.webp,Quicket category: Music,2026-10-08
2026-11-28-scallywag-heroes-live,Scallywag – Heroes Live,concert,scheduled,,2026-11-28,,20:30,,,False,False,Cape Town,Cape Town,False,Heroes Live,,-33.92883,18.41722,town centroid,,https://itickets.co.za/events/487170,https://itickets.co.za/events/487170,iTickets,,images/2026-11-28-scallywag-heroes-live.webp,,2026-10-08
2026-11-29-wendy-oldfield-keenan-scott-heroes-live,Wendy Oldfield & Keenan Scott – Heroes Live,concert,scheduled,,2026-11-29,,14:00,,,False,False,Cape Town,Cape Town,False,Heroes Live,,-33.92883,18.41722,town centroid,,https://itickets.co.za/events/486897,https://itickets.co.za/events/486897,iTickets,,images/2026-11-29-wendy-oldfield-keenan-scott-heroes-live.webp,,2026-10-08
2026-11-29-winter-wonderland-christmas-concert,Winter Wonderland Christmas Concert,concert,scheduled,,2026-11-29,,16:00,,,False,True,Cape Town,Cape Town,False,Vriend van God Vredekloof,"Essenhout Street 1, Vredekloof, 7560, Cape Town, Western Cape, South Africa",-33.86382,18.67443,event page,,https://www.quicket.co.za/events/397449-winter-wonderland-christmas-concert/#tickets,https://www.quicket.co.za/events/397449-winter-wonderland-christmas-concert/,Quicket,,images/2026-11-29-winter-wonderland-christmas-concert.webp,Quicket category: Music,2026-10-08
2026-11-29-off-the-scale-dezemba-at-cafe-roux-a-summer-outdoo,Off The Scale: Dezemba at café Roux - A Summer Outdoor Concert!,concert,scheduled,,2026-11-29,,16:30,,,False,False,Cape Town,Cape Town,False,Cafe Roux,"Chapmans Peak Dr , Noordhoek, 7979, Cape Town, Western Cape, South Africa",-34.097405,18.377808,event page,,https://www.quicket.co.za/events/395718-off-the-scale-dezemba-at-caf-roux-a-summer-outdoor-concert/#tickets,https://www.quicket.co.za/events/395718-off-the-scale-dezemba-at-caf-roux-a-summer-outdoor-concert/,Quicket,,images/2026-11-29-off-the-scale-dezemba-at-cafe-roux-a-summer-outdoo.webp,Quicket category: Music,2026-10-08
2026-11-30-leon-bridges-presents-the-happiness-anytime-tour-c,Leon Bridges Presents: The Happiness Anytime Tour - Cape Town,concert,scheduled,,2026-11-30,,,,,False,False,Cape Town,Cape Town,False,Kirstenbosch Botanical Garden,"Kirstenbosch Botanical Garden, Cape Town",-33.987958,18.435659,event page,From R995 plus R35 Ticket Fee,https://www.webtickets.co.za/v2/event.aspx?itemid=1602818753,https://www.webtickets.co.za/v2/event.aspx?itemid=1602818753,Webtickets,,images/2026-11-30-leon-bridges-presents-the-happiness-anytime-tour-c.webp,Webtickets category: Music,2026-10-08
2026-12-03-summer-symphonies-at-the-city-hall,Summer Symphonies At The City Hall,concert,scheduled,,2026-12-03,,,,,False,False,Cape Town,Cape Town,False,Cape Town City Hall,"Cape Town City Hall, Darling St",-33.925199,18.423763,event page,From R210 - R495,https://www.webtickets.co.za/v2/event.aspx?itemid=1602619643,https://www.webtickets.co.za/v2/event.aspx?itemid=1602619643,Webtickets,,,"Webtickets category: Music, Festival, Theatre",2026-10-08
2026-12-04-mitchell-s-plain-festival,Mitchell's Plain Festival,festival,scheduled,,2026-12-04,2026-12-06,,,,False,False,Cape Town,Cape Town,False,Westridge Gardens,"Westridge Gardens, Mitchells Plain",-34.044692,18.599651,nominatim,R50.00,https://www.howler.co.za/mitchellsplainfestival,https://www.howler.co.za/mitchellsplainfestival,Howler,,images/2026-12-04-mitchell-s-plain-festival.webp,,2026-10-08
2026-12-04-a-christmas-kaleidoscope,A Christmas Kaleidoscope,concert,scheduled,,2026-12-04,,18:00,,,False,True,Somerset West,Cape Town,False,Vredenhof Organic Estate,"Bredell Road, 7130, Firgrove, Western Cape, South Africa",-34.042862,18.81488,event page,,https://www.quicket.co.za/events/399934-a-christmas-kaleidoscope/#tickets,https://www.quicket.co.za/events/399934-a-christmas-kaleidoscope/,Quicket,,images/2026-12-04-a-christmas-kaleidoscope.webp,Quicket category: Music,2026-10-08
2026-12-04-jeremy-olivier-trio,Jeremy Olivier Trio,concert,scheduled,,2026-12-04,,18:00,,,False,False,Cape Town,Cape Town,False,Cafe Roux,"Chapmans Peak Dr , Noordhoek, 7979, Cape Town, Western Cape, South Africa",-34.097405,18.377808,event page,,https://www.quicket.co.za/events/396736-jeremy-olivier-trio/#tickets,https://www.quicket.co.za/events/396736-jeremy-olivier-trio/,Quicket,,images/2026-12-04-jeremy-olivier-trio.webp,Quicket category: Music,2026-10-08
2026-12-04-nomadic-orchestra,Nomadic Orchestra,concert,scheduled,,2026-12-04,,20:00,,,False,False,Pringle Bay,Overberg,False,The Hangklip Hotel - The BOMA,"Pass through Pringle Bay on Hangklip Road, 7196, Pringle Bay, Western Cape, South Africa",-34.368133,18.822317,event page,,https://www.quicket.co.za/events/386172-nomadic-orchestra/#tickets,https://www.quicket.co.za/events/386172-nomadic-orchestra/,Quicket,,images/2026-12-04-nomadic-orchestra.webp,Quicket category: Music,2026-10-08
2026-12-04-see-sand-jan-rhaap-andriette-norman-heroes-live,See & Sand - Jan Rhaap & Andriëtte Norman – Heroes Live,concert,scheduled,,2026-12-04,,20:30,,,False,False,Cape Town,Cape Town,False,Heroes Live,,-33.92883,18.41722,town centroid,,https://itickets.co.za/events/486898,https://itickets.co.za/events/486898,iTickets,,images/2026-12-04-see-sand-jan-rhaap-andriette-norman-heroes-live.webp,,2026-10-08
2026-12-05-cinderella-frikadella-pantomime,Cinderella & FrikaDella (pantomime),musical,scheduled,,2026-12-05,2026-12-19,,,,False,False,Cape Town,Cape Town,False,Baxter Theatre Centre,"Main Road, Rondebosch, Cape Town",-33.968286,18.466336,nominatim,,https://baxter.uct.ac.za/events/cinderella-frikadella,https://baxter.uct.ac.za/events/cinderella-frikadella,Baxter Theatre Centre,,,,2026-10-08
2026-12-05-ubumnandi-festival-seventh-annual-summer-picnic,Ubumnandi Festival Seventh Annual Summer Picnic,festival,scheduled,,2026-12-05,,,,,False,False,Hermanus,Overberg,False,Mount Pleasant Sports Field,"Mount Pleasant Sports Field,Hermanus",-34.419174,19.215774,event page,From R50,https://www.webtickets.co.za/v2/event.aspx?itemid=1596575025,https://www.webtickets.co.za/v2/event.aspx?itemid=1596575025,Webtickets,,,"Webtickets category: Music, Festival",2026-10-08
2026-12-05-djembe-ukulele-jam,Djembe & Ukulele Jam,concert,scheduled,,2026-12-05,,12:00,,,False,False,Cape Town,Cape Town,False,Open Air Amphitheatre @ Mainstream Mall,"Princess Street , 7806, Cape Town, Western Cape, South Africa",-34.04273,18.357523,event page,,https://www.quicket.co.za/events/399647-djembe-ukulele-jam/#tickets,https://www.quicket.co.za/events/399647-djembe-ukulele-jam/,Quicket,,images/2026-12-05-djembe-ukulele-jam.webp,Quicket category: Music,2026-10-08
2026-12-05-vinyl-on-the-lawn-2026,Vinyl On The Lawn - 2026,concert,scheduled,,2026-12-05,,12:00,,,False,False,Cape Town,Cape Town,False,Allenby Drive Sports Facility,"Joe Marks Boulevard, , Retreat, 7945, Cape Town, Western Cape, South Africa",-34.063816,18.46899,event page,,https://www.quicket.co.za/events/380469-vinyl-on-the-lawn-2026/#tickets,https://www.quicket.co.za/events/380469-vinyl-on-the-lawn-2026/,Quicket,,images/2026-12-05-vinyl-on-the-lawn-2026.webp,Quicket category: Music,2026-10-08
2026-12-05-spinal-fest-2026,Spinäl Fëst 2026,concert,scheduled,,2026-12-05,,15:00,,,False,False,Cape Town,Cape Town,False,Woodstock Brewery,"252 Albert Road, Woodstock, 7130, Cape Town, Western Cape, South Africa",-33.927578,18.45364,event page,,https://www.quicket.co.za/events/400952-spinl-fst-2026/#tickets,https://www.quicket.co.za/events/400952-spinl-fst-2026/,Quicket,,,Quicket category: Music,2026-10-08
2026-12-05-jenny-james-a-golden-circle-concert,Jenny & James - A Golden Circle Concert,concert,scheduled,,2026-12-05,,16:30,,,False,False,Cape Town,Cape Town,False,Cafe Roux,"Chapmans Peak Dr , Noordhoek, 7979, Cape Town, Western Cape, South Africa",-34.097405,18.377808,event page,,https://www.quicket.co.za/events/401325-jenny-james-a-golden-circle-concert/#tickets,https://www.quicket.co.za/events/401325-jenny-james-a-golden-circle-concert/,Quicket,,images/2026-12-05-jenny-james-a-golden-circle-concert.webp,Quicket category: Music,2026-10-08
2026-12-05-kunjalo-25th-anniversary-celebration-production,KUNJALO 25th Anniversary Celebration Production,concert,scheduled,,2026-12-05,,18:00,,,False,False,Somerset West,Cape Town,False,Gemeente op die Rots Church,"25 Lelie, , Protea Hoogte, 7560, Cape Town, Western Cape, South Africa",-33.881206,18.703388,event page,,https://www.quicket.co.za/events/392978-kunjalo-25th-anniversary-celebration-production/#tickets,https://www.quicket.co.za/events/392978-kunjalo-25th-anniversary-celebration-production/,Quicket,,images/2026-12-05-kunjalo-25th-anniversary-celebration-production.webp,Quicket category: Music,2026-10-08
2026-12-05-lourensford-somerset-wes,Lourensford - Somerset Wes,concert,scheduled,,2026-12-05,,18:30,,,False,False,Somerset West,Cape Town,False,Lourensford,"Lourensford Road, Somerset West, Cape Town, 7130, Somerset West, 7130, Cape Town, Western Cape, South Africa",-34.071907,18.88862,event page,,https://www.quicket.co.za/events/387752-lourensford-somerset-wes/#tickets,https://www.quicket.co.za/events/387752-lourensford-somerset-wes/,Quicket,,images/2026-12-05-lourensford-somerset-wes.webp,Quicket category: Music,2026-10-08
2026-12-05-dealon-dakes-matthys-panik-mechanik-live-in-cape-t,Dealon Dakes Matthys - Panik Mechanik - LIVE in Cape Town at The Protea Hotel Fire & Ice! 05 December 2026,concert,scheduled,,2026-12-05,,20:00,,,False,False,Cape Town,Cape Town,False,Protea Hotel Fire & Ice! Cape Town,"New Church Street, Tamboerskloof, 8001, Cape Town, Western Cape, South Africa",-33.926804,18.41142,event page,,https://www.quicket.co.za/events/394225-dealon-dakes-matthys-panik-mechanik-live-in-cape-town-at-the-protea-hotel-fire/#tickets,https://www.quicket.co.za/events/394225-dealon-dakes-matthys-panik-mechanik-live-in-cape-town-at-the-protea-hotel-fire/,Quicket,,images/2026-12-05-dealon-dakes-matthys-panik-mechanik-live-in-cape-t.webp,Quicket category: Arts & Culture,2026-10-08
2026-12-06-nmb-1city-marathon-42-2-21-1-10-5-km,NMB 1City Marathon (42.2 / 21.1 / 10 / 5 km),funrun,scheduled,,2026-12-06,,,,,False,False,Gqeberha,Nelson Mandela Bay,False,Baywest Mall,"Baywest Mall, Gqeberha",-33.951932,25.460602,nominatim,,,https://runningcalendar.co.za/events/nmb-1-city-marathon/2026,RunningCalendar.co.za,https://dash.streblainnovations.com/races/,images/2026-12-06-nmb-1city-marathon-42-2-21-1-10-5-km.webp,EP Athletics Comrades & Two Oceans qualifier from Baywest Mall. Marathon and half listed as free; 10/5 km R50. Entries via Webtickets. Strong PE destination race. Price hint from Running Guy (unverified): R50; r 21; r 10 — confirm on the entry page. Listed by Running Guy (Garden Route races dashboard).,2026-10-08
2026-12-06-the-morning-after-band-heroes-live,The Morning After Band – Heroes Live,concert,scheduled,,2026-12-06,,14:00,,,False,False,Cape Town,Cape Town,False,Heroes Live,,-33.92883,18.41722,town centroid,,https://itickets.co.za/events/487171,https://itickets.co.za/events/487171,iTickets,,images/2026-12-06-the-morning-after-band-heroes-live.webp,,2026-10-08
2026-12-06-just-a-jol,JUST A JOL !,concert,scheduled,,2026-12-06,,15:00,,,False,False,Cape Town,Cape Town,False,The Brass Bell,"Main Road, 7990, Cape Town, Western Cape, South Africa",-34.126064,18.450623,event page,,https://www.quicket.co.za/events/396534-just-a-jol/#tickets,https://www.quicket.co.za/events/396534-just-a-jol/,Quicket,,images/2026-12-06-just-a-jol.webp,Quicket category: Music,2026-10-08
2026-12-06-3-tons-of-fun-a-golden-circle-outside-concert,3 Tons of Fun - A Golden Circle OUTSIDE Concert,concert,scheduled,,2026-12-06,,16:30,,,False,False,Cape Town,Cape Town,False,Cafe Roux,"Chapmans Peak Dr , Noordhoek, 7979, Cape Town, Western Cape, South Africa",-34.097405,18.377808,event page,,https://www.quicket.co.za/events/382475-3-tons-of-fun-a-golden-circle-outside-concert/#tickets,https://www.quicket.co.za/events/382475-3-tons-of-fun-a-golden-circle-outside-concert/,Quicket,,images/2026-12-06-3-tons-of-fun-a-golden-circle-outside-concert.webp,Quicket category: Music,2026-10-08
2026-12-08-a-celebration-of-taylor-swift-with-me-mr-green-and,A Celebration of Taylor Swift with Me & Mr Green and Louise Day - A Summer Outdoor Concert,concert,scheduled,,2026-12-08,,16:30,,,False,False,Cape Town,Cape Town,False,Cafe Roux,"Chapmans Peak Dr , Noordhoek, 7979, Cape Town, Western Cape, South Africa",-34.097405,18.377808,event page,,https://www.quicket.co.za/events/392987-a-celebration-of-taylor-swift-with-me-mr-green-and-louise-day-a-summer-outdoor/#tickets,https://www.quicket.co.za/events/392987-a-celebration-of-taylor-swift-with-me-mr-green-and-louise-day-a-summer-outdoor/,Quicket,,images/2026-12-08-a-celebration-of-taylor-swift-with-me-mr-green-and.webp,Quicket category: Music,2026-10-08
2026-12-08-live-at-kirstenbosch-garden,+LIVE+ at Kirstenbosch Garden,concert,sold out,Webtickets shows both nights (8 and 9 Dec) as Sold Out.,2026-12-08,2026-12-09,18:00,,,False,False,Cape Town,Cape Town,False,Kirstenbosch National Botanical Garden,Kirstenbosch National Botanical Garden,-33.987501,18.432722,event page,R995 - R2995 (Excl. Booking Fee),https://www.webtickets.co.za/v2/event.aspx?itemid=1593368056,https://www.webtickets.co.za/v2/event.aspx?itemid=1593368056,Webtickets,,,Webtickets category: Music,2026-10-08
2026-12-08-o-holy-night,O Holy Night,concert,scheduled,,2026-12-08,2026-12-10,18:00,,,False,False,Cape Town,Cape Town,False,St George's Cathedral,"St George's Cathedral, Wale Street, Cape Town City Centre, Cape Town",-33.924709,18.419204,event page,R171 - R190,https://www.webtickets.co.za/v2/event.aspx?itemid=1590494399,https://www.webtickets.co.za/v2/event.aspx?itemid=1590494399,Webtickets,,,"Webtickets category: Music, Christmas",2026-10-08
2026-12-09-loyiso-gola-live,Loyiso Gola Live,concert,scheduled,,2026-12-09,,20:00,,,False,False,Cape Town,Cape Town,False,Home Coming Centre,"M59 15, District Six, 7925, Cape Town, Western Cape, South Africa",-33.927033,18.424406,event page,,https://www.quicket.co.za/events/400382-loyiso-gola-live/#tickets,https://www.quicket.co.za/events/400382-loyiso-gola-live/,Quicket,,images/2026-12-09-loyiso-gola-live.webp,Quicket category: Arts & Culture,2026-10-08
2026-12-09-francois-van-coke-heroes-live,Francois van Coke – Heroes Live,concert,scheduled,,2026-12-09,,20:30,,,False,False,Cape Town,Cape Town,False,Heroes Live,,-33.92883,18.41722,town centroid,,https://itickets.co.za/events/486248,https://itickets.co.za/events/486248,iTickets,,images/2026-12-09-francois-van-coke-heroes-live.webp,,2026-10-08
2026-12-10-the-morning-after-presents-back-to-the-80s,The Morning After presents Back to the 80’s,concert,scheduled,,2026-12-10,,18:00,,,False,False,Cape Town,Cape Town,False,Cafe Roux,"Chapmans Peak Dr , Noordhoek, 7979, Cape Town, Western Cape, South Africa",-34.097405,18.377808,event page,,https://www.quicket.co.za/events/384144-the-morning-after-presents-back-to-the-80s/#tickets,https://www.quicket.co.za/events/384144-the-morning-after-presents-back-to-the-80s/,Quicket,,images/2026-12-10-the-morning-after-presents-back-to-the-80s.webp,Quicket category: Music,2026-10-08
2026-12-10-a-philharmonia-christmas-2026,A Philharmonia Christmas 2026,concert,scheduled,,2026-12-10,2026-12-12,19:00,,,False,True,Cape Town,Cape Town,False,City Hall,"56 Darling Street, CBD, 8001, Cape Town, Western Cape, South Africa",-33.92522,18.42385,event page,,https://www.quicket.co.za/events/399814-a-philharmonia-christmas-2026/#tickets,https://www.quicket.co.za/events/399814-a-philharmonia-christmas-2026/,Quicket,,images/2026-12-10-a-philharmonia-christmas-2026.webp,Quicket category: Music,2026-10-08
2026-12-11-kersfees-in-harmonie,KERSFEES in HARMONIE,festival,scheduled,,2026-12-11,,,,,False,True,Cape Town,Cape Town,False,NG Kerk Welgemoed,"NG Kerk Welgemoed, Diaz Street, Welgemoed, Cape Town, South Africa",-33.875764,18.616143,event page,R200,https://www.webtickets.co.za/v2/event.aspx?itemid=1602592755,https://www.webtickets.co.za/v2/event.aspx?itemid=1602592755,Webtickets,,,"Webtickets category: Music, Christmas",2026-10-08
2026-12-11-oliver-cpt,OLIVER! (CPT),musical,scheduled,,2026-12-11,2027-01-17,,,,False,False,Cape Town,Cape Town,False,Artscape,"Artscape, Opera House, Cape Town",-33.919879,18.430504,event page,R220 - R620,https://www.webtickets.co.za/v2/event.aspx?itemid=1591117945,https://www.webtickets.co.za/v2/event.aspx?itemid=1591117945,Webtickets,https://www.artscape.co.za/event/oliver-cpt/,images/2026-12-11-oliver-cpt.webp,"Webtickets category: Music, Theatre",2026-10-08
2026-12-11-rocksteady-presents-woodstock-and-beyond-mid-60s-m,RockSteady presents Woodstock and Beyond: mid 60s – mid 70s,concert,scheduled,,2026-12-11,,18:00,,,False,False,Cape Town,Cape Town,False,Cafe Roux,"Chapmans Peak Dr , Noordhoek, 7979, Cape Town, Western Cape, South Africa",-34.097405,18.377808,event page,,https://www.quicket.co.za/events/396986-rocksteady-presents-woodstock-and-beyond-mid-60s-mid-70s/#tickets,https://www.quicket.co.za/events/396986-rocksteady-presents-woodstock-and-beyond-mid-60s-mid-70s/,Quicket,,images/2026-12-11-rocksteady-presents-woodstock-and-beyond-mid-60s-m.webp,Quicket category: Music,2026-10-08
2026-12-11-neil-diamond-tribute-johan-liebenberg,Neil Diamond Tribute - Johan Liebenberg,concert,scheduled,,2026-12-11,,20:00,,,False,False,Pringle Bay,Overberg,False,The Hangklip Hotel,"Hangklip Road, 7196, Pringle Bay, Western Cape, South Africa",-34.368133,18.822317,event page,,https://www.quicket.co.za/events/401060-neil-diamond-tribute-johan-liebenberg/#tickets,https://www.quicket.co.za/events/401060-neil-diamond-tribute-johan-liebenberg/,Quicket,,images/2026-12-11-neil-diamond-tribute-johan-liebenberg.webp,Quicket category: Music,2026-10-08
2026-12-11-nina-hastie-tangents-live-in-cape-town-at-the-capi,"Nina Hastie - Tangents - LIVE in Cape Town at The Capital 15 on Orange, Cape Town 11, 12 & 13 Dec 2026",concert,scheduled,,2026-12-11,2026-12-13,20:00,,,False,False,Cape Town,Cape Town,False,The Capital 15 On Orange Hotel & Spa Cape Town CBD,"Orange Street, , Gardens, 8001, Cape Town, Western Cape, South Africa",-33.92851,18.413881,event page,,https://www.quicket.co.za/events/391481-nina-hastie-tangents-live-in-cape-town-at-the-capital-15-on-orange-cape-town-11/#tickets,https://www.quicket.co.za/events/391481-nina-hastie-tangents-live-in-cape-town-at-the-capital-15-on-orange-cape-town-11/,Quicket,,images/2026-12-11-nina-hastie-tangents-live-in-cape-town-at-the-capi.webp,Quicket category: Arts & Culture,2026-10-08
2026-12-12-blouberg-beer-gin-festival-2026,BLOUBERG BEER & GIN FESTIVAL 2026,festival,scheduled,,2026-12-12,,11:00,,,False,False,Cape Town,Cape Town,False,Sunningdale Sports Complex,"Waterville Street, Milnerton Rural, 7441, Cape Town, Western Cape, South Africa",-33.80267,18.486832,event page,,https://www.quicket.co.za/events/357037-blouberg-beer-gin-festival-2026/#tickets,https://www.quicket.co.za/events/357037-blouberg-beer-gin-festival-2026/,Quicket,,images/2026-12-12-blouberg-beer-gin-festival-2026.webp,Quicket category: Food & Drink,2026-10-08
2026-12-12-kjd-live-show-kan-jy-dans-cultural-showcase,KJD Live Show: Kan Jy Dans Cultural Showcase,concert,scheduled,,2026-12-12,,18:00,,,False,False,Cape Town,Cape Town,False,The Novalis Ubuntu Institute,"Wetton Road, , Wynberg, 7800, Cape Town, Western Cape, South Africa",-34.007835,18.480423,event page,,https://www.quicket.co.za/events/397959-kjd-live-show-kan-jy-dans-cultural-showcase/#tickets,https://www.quicket.co.za/events/397959-kjd-live-show-kan-jy-dans-cultural-showcase/,Quicket,,,Quicket category: Arts & Culture,2026-10-08
2026-12-12-mark-haze-band-presents-masters-of-rock,Mark Haze & Band presents Masters of Rock,concert,scheduled,,2026-12-12,,18:00,,,False,False,Cape Town,Cape Town,False,Cafe Roux,"Chapmans Peak Dr , Noordhoek, 7979, Cape Town, Western Cape, South Africa",-34.097405,18.377808,event page,,https://www.quicket.co.za/events/396973-mark-haze-band-presents-masters-of-rock/#tickets,https://www.quicket.co.za/events/396973-mark-haze-band-presents-masters-of-rock/,Quicket,,images/2026-12-12-mark-haze-band-presents-masters-of-rock.webp,Quicket category: Music,2026-10-08
2026-12-12-openbaring-4-live,OPENBARING 4 LIVE,concert,scheduled,,2026-12-12,,19:30,,,False,False,Cape Town,Cape Town,False,Missio Dei Auditorium Bellville,"Missio Dei Auditorium Bellville, Cnr Retief Rd, De Villiers Rd, Kempenville",-33.901107,18.639035,event page,R180 - R350,https://www.webtickets.co.za/v2/event.aspx?itemid=1597106482,https://www.webtickets.co.za/v2/event.aspx?itemid=1597106482,Webtickets,,images/2026-12-12-openbaring-4-live.webp,Webtickets category: Music,2026-10-08
2026-12-13-cape-town-chilli-festival-3,CAPE TOWN CHILLI FESTIVAL #3,festival,scheduled,,2026-12-13,,11:00,,,False,False,Cape Town,Cape Town,False,Sunningdale Sports Complex,"Waterville Street, Milnerton Rural, 7441, Cape Town, Western Cape, South Africa",-33.80267,18.486832,event page,,https://www.quicket.co.za/events/394034-cape-town-chilli-festival-3/#tickets,https://www.quicket.co.za/events/394034-cape-town-chilli-festival-3/,Quicket,,images/2026-12-13-cape-town-chilli-festival-3.webp,Quicket category: Food & Drink,2026-10-08
2026-12-13-rubber-duc-live-cafe-roux,Rubber Duc LIVE! @ café Roux,concert,scheduled,,2026-12-13,,17:00,,,False,False,Cape Town,Cape Town,False,Cafe Roux,"Chapmans Peak Dr , Noordhoek, 7979, Cape Town, Western Cape, South Africa",-34.097405,18.377808,event page,,https://www.quicket.co.za/events/398557-rubber-duc-live-caf-roux/#tickets,https://www.quicket.co.za/events/398557-rubber-duc-live-caf-roux/,Quicket,,images/2026-12-13-rubber-duc-live-cafe-roux.webp,Quicket category: Music,2026-10-08
2026-12-14-brandy-live-in-south-africa-cape-town,Brandy Live in South Africa - Cape Town,concert,scheduled,,2026-12-14,,,,,False,False,Cape Town,Cape Town,False,Grand Arena,"Grand Arena,GrandWest, 1 Jakes Gerwel Dr, Acacia Park, Cape Town",-33.915922,18.546971,event page,R1450 - R1950,https://www.webtickets.co.za/v2/event.aspx?itemid=1599044977,https://www.webtickets.co.za/v2/event.aspx?itemid=1599044977,Webtickets,,images/2026-12-14-brandy-live-in-south-africa-cape-town.webp,Webtickets category: Music,2026-10-08
2026-12-14-jack-white-cape-town,JACK WHITE - CAPE TOWN,concert,scheduled,,2026-12-14,,,,,False,False,Cape Town,Cape Town,False,Kirstenbosch Botanical Garden,"Kirstenbosch Botanical Garden, Cape Town",-33.987958,18.435659,event page,From R1295 excl R35 Booking Fee,https://www.webtickets.co.za/v2/event.aspx?itemid=1601090395,https://www.webtickets.co.za/v2/event.aspx?itemid=1601090395,Webtickets,,images/2026-12-14-jack-white-cape-town.webp,Webtickets category: Music,2026-10-08
2026-12-15-fatboy-slim-cape-town-2026,Fatboy Slim Cape Town 2026,concert,sold out,Howler shows SOLD OUT (resale tickets only); an extra show was added on 16 Dec.,2026-12-15,,,,,False,False,Cape Town,Cape Town,False,Cabo Beach,,-33.903815,18.429291,nominatim,R1000.00,https://fatboyslim.howler.co.za/fatboycpt26,https://fatboyslim.howler.co.za/fatboycpt26,Howler,,images/2026-12-15-fatboy-slim-cape-town-2026.webp,,2026-10-08
2026-12-15-riaan-benade-heroes-live,Riaan Benadé – Heroes Live,concert,scheduled,,2026-12-15,,20:30,,,False,False,Cape Town,Cape Town,False,Heroes Live,,-33.92883,18.41722,town centroid,,https://itickets.co.za/events/487357,https://itickets.co.za/events/487357,iTickets,,images/2026-12-15-riaan-benade-heroes-live.webp,,2026-10-08
2026-12-16-a-galaxy-of-sound-the-music-of-john-williams,A GALAXY OF SOUND: THE MUSIC OF JOHN WILLIAMS,concert,scheduled,,2026-12-16,,,,,False,False,Cape Town,Cape Town,False,Cape Town City Hall,"Cape Town City Hall, Darling St",-33.925199,18.423763,event page,From R210 - R495,https://www.webtickets.co.za/v2/event.aspx?itemid=1599066742,https://www.webtickets.co.za/v2/event.aspx?itemid=1599066742,Webtickets,,,"Webtickets category: Music, Theatre",2026-10-08
2026-12-16-fatboy-slim-cape-town-2026-public-holiday,Fatboy Slim Cape Town 2026 - PUBLIC HOLIDAY,concert,scheduled,,2026-12-16,,,,,False,False,Cape Town,Cape Town,False,Cabo Beach,,-33.903815,18.429291,nominatim,R1250.00,https://fatboyslim.howler.co.za/fatboycpt26second,https://fatboyslim.howler.co.za/fatboycpt26second,Howler,,images/2026-12-16-fatboy-slim-cape-town-2026-public-holiday.webp,,2026-10-08
2026-12-16-bishops-carols,Bishops Carols,concert,scheduled,,2026-12-16,,18:00,,,False,True,Cape Town,Cape Town,False,"Memorial Chapel, Bishops Diocesan College","Campground Road 65, Rondebosch, 7700, Cape Town, Western Cape, South Africa",-33.963077,18.478735,event page,,https://www.quicket.co.za/events/386953-bishops-carols/#tickets,https://www.quicket.co.za/events/386953-bishops-carols/,Quicket,,images/2026-12-16-bishops-carols.webp,Quicket category: Music,2026-10-08
2026-12-16-jakkie-louw-sings-sinatra,Jakkie Louw Sings Sinatra,concert,scheduled,,2026-12-16,,18:00,,,False,False,Cape Town,Cape Town,False,Cafe Roux,"Chapmans Peak Dr , Noordhoek, 7979, Cape Town, Western Cape, South Africa",-34.097405,18.377808,event page,,https://www.quicket.co.za/events/397444-jakkie-louw-sings-sinatra/#tickets,https://www.quicket.co.za/events/397444-jakkie-louw-sings-sinatra/,Quicket,,images/2026-12-16-jakkie-louw-sings-sinatra.webp,Quicket category: Music,2026-10-08
2026-12-17-nicholis-louw-heroes-live,Nicholis Louw – Heroes Live,concert,scheduled,,2026-12-17,,20:30,,,False,False,Cape Town,Cape Town,False,Heroes Live,,-33.92883,18.41722,town centroid,,https://itickets.co.za/events/486798,https://itickets.co.za/events/486798,iTickets,,images/2026-12-17-nicholis-louw-heroes-live.webp,,2026-10-08
2026-12-18-black-coffee-exclusive-cape-town-18-december-2026,Black Coffee EXCLUSIVE - Cape Town 18 December 2026,concert,scheduled,,2026-12-18,,,,,False,False,Cape Town,Cape Town,False,Cabo Beach,,-33.903815,18.429291,nominatim,R350.00,https://musicpeople.howler.co.za/mp18dec26,https://musicpeople.howler.co.za/mp18dec26,Howler,,images/2026-12-18-black-coffee-exclusive-cape-town-18-december-2026.webp,,2026-10-08
2026-12-18-majozi-live-cafe-roux-a-golden-circle-concert,Majozi LIVE! @ café Roux - A Golden Circle Concert,concert,scheduled,,2026-12-18,,16:30,,,False,False,Cape Town,Cape Town,False,Cafe Roux,"Chapmans Peak Dr , Noordhoek, 7979, Cape Town, Western Cape, South Africa",-34.097405,18.377808,event page,,https://www.quicket.co.za/events/397765-majozi-live-caf-roux-a-golden-circle-concert/#tickets,https://www.quicket.co.za/events/397765-majozi-live-caf-roux-a-golden-circle-concert/,Quicket,,images/2026-12-18-majozi-live-cafe-roux-a-golden-circle-concert.webp,Quicket category: Music,2026-10-08
2026-12-18-crimson-house,Crimson House,concert,scheduled,,2026-12-18,,20:00,,,False,False,Pringle Bay,Overberg,False,The Hangklip Hotel - The BOMA,"Pass through Pringle Bay on Hangklip Road, 7196, Pringle Bay, Western Cape, South Africa",-34.368133,18.822317,event page,,https://www.quicket.co.za/events/401059-crimson-house/#tickets,https://www.quicket.co.za/events/401059-crimson-house/,Quicket,,images/2026-12-18-crimson-house.webp,Quicket category: Music,2026-10-08
2026-12-18-jay-heroes-live,Jay – Heroes Live,concert,scheduled,,2026-12-18,,20:30,,,False,False,Cape Town,Cape Town,False,Heroes Live,,-33.92883,18.41722,town centroid,,https://itickets.co.za/events/486899,https://itickets.co.za/events/486899,iTickets,,images/2026-12-18-jay-heroes-live.webp,,2026-10-08
2026-12-19-cape-point-challenge-2026-52-km-surfski-race,Cape Point Challenge 2026 – 52 km surfski race,sport,scheduled,,2026-12-19,2026-12-20,,,,False,False,Cape Town,Cape Town,False,Scarborough/Witsand → Fish Hoek Beach,"Fish Hoek Beach, Cape Town",-34.136972,18.434225,nominatim,,https://capepointchallenge.com/,https://capepointchallenge.com/,Cape Point Challenge (official site),,,Paddling (surfski) race around Cape Point; race weekend 19/20 Dec (date set by conditions).,2026-10-08
2026-12-19-love-light-festival-cape-town-19-december-2026,Love & Light Festival - Cape Town 19 December 2026,festival,scheduled,,2026-12-19,2026-12-20,,,,False,False,Cape Town,Cape Town,False,The Ostrich,,-33.92883,18.41722,town centroid,R480.00,https://musicpeople.howler.co.za/ll19dec26,https://musicpeople.howler.co.za/ll19dec26,Howler,,images/2026-12-19-love-light-festival-cape-town-19-december-2026.webp,,2026-10-08
2026-12-19-the-soulful-reunion-festive-festival,The Soulful Reunion Festive Festival,festival,scheduled,,2026-12-19,,10:00,,,False,False,Cape Town,Cape Town,False,Royal Road Sports Ground,"118 Royal Road, , Maitland, 7405, Cape Town, Western Cape, South Africa",-33.917656,18.490187,event page,,https://www.quicket.co.za/events/369384-the-soulful-reunion-festive-festival/#tickets,https://www.quicket.co.za/events/369384-the-soulful-reunion-festive-festival/,Quicket,,images/2026-12-19-the-soulful-reunion-festive-festival.webp,Quicket category: Music,2026-10-08
2026-12-19-unity-on-the-square,Unity On The Square,concert,scheduled,,2026-12-19,,14:00,,,False,False,Cape Town,Cape Town,False,Greenmarket Square,", Cape Town City Centre, 8000, Cape Town, Western Cape, South Africa",-33.922134,18.419445,event page,,https://www.quicket.co.za/events/387597-unity-on-the-square/#tickets,https://www.quicket.co.za/events/387597-unity-on-the-square/,Quicket,,images/2026-12-19-unity-on-the-square.webp,Quicket category: Music,2026-10-08
2026-12-19-alexander-broussard-the-lords-of-long-street-prese,Alexander Broussard & The Lords of Long Street present: The Billy Joel Experience - A Golden Circle Concert,concert,scheduled,,2026-12-19,,16:30,,,False,False,Cape Town,Cape Town,False,Cafe Roux,"Chapmans Peak Dr , Noordhoek, 7979, Cape Town, Western Cape, South Africa",-34.097405,18.377808,event page,,https://www.quicket.co.za/events/397811-alexander-broussard-the-lords-of-long-street-present-the-billy-joel-experience/#tickets,https://www.quicket.co.za/events/397811-alexander-broussard-the-lords-of-long-street-present-the-billy-joel-experience/,Quicket,,images/2026-12-19-alexander-broussard-the-lords-of-long-street-prese.webp,Quicket category: Music,2026-10-08
2026-12-19-simpatico,Simpatico,concert,scheduled,,2026-12-19,,19:00,,,False,False,Cape Town,Cape Town,False,Kaapstad Toneelhuis,"61 Loop Street, Cape Town City Centre, 8001, Cape Town, Western Cape, South Africa",-33.92104,18.41984,event page,,https://www.quicket.co.za/events/398976-simpatico/#tickets,https://www.quicket.co.za/events/398976-simpatico/,Quicket,,images/2026-12-19-simpatico.webp,Quicket category: Music,2026-10-08
2026-12-19-brendan-peyper-heroes-live,Brendan Peyper – Heroes Live,concert,scheduled,,2026-12-19,,20:30,,,False,False,Cape Town,Cape Town,False,Heroes Live,,-33.92883,18.41722,town centroid,,https://itickets.co.za/events/486396,https://itickets.co.za/events/486396,iTickets,,images/2026-12-19-brendan-peyper-heroes-live.webp,,2026-10-08
2026-12-19-pj-powers-live-at-triggerfish-brewing-2026,PJ Powers live at Triggerfish Brewing 2026,concert,scheduled,,2026-12-19,,20:30,,,False,False,Somerset West,Cape Town,False,Triggerfish Brewing,"Unit 9 W.R. Quinan Boulevard, , Paardevlei, 7130, Cape Town, Western Cape, South Africa",-34.090103,18.80587,event page,,https://www.quicket.co.za/events/400425-pj-powers-live-at-triggerfish-brewing-2026/#tickets,https://www.quicket.co.za/events/400425-pj-powers-live-at-triggerfish-brewing-2026/,Quicket,,images/2026-12-19-pj-powers-live-at-triggerfish-brewing-2026.webp,Quicket category: Music,2026-10-08
2026-12-20-central-athletics-10-km-nature-run-10-km-5-km,Central Athletics 10 km Nature Run (10 km & 5 km),funrun,scheduled,,2026-12-20,,,,,False,False,Cape Town,Cape Town,False,False Bay Nature Reserve (Zeekoevlei),"Zeekoevlei, Cape Town",-34.06202,18.508325,nominatim,,,https://runningcalendar.co.za/events/central-athletics-nature-run,RunningCalendar.co.za,https://dash.streblainnovations.com/races/,images/2026-12-20-central-athletics-10-km-nature-run-10-km-5-km.webp,False Bay Nature Reserve. Flat reserve roads. Cape Town holiday 10 km. Date/venue confirmed; fees not yet published. Listed by Running Guy (Garden Route races dashboard).,2026-10-08
2026-12-20-jbay-rocks-presents-spoegwolf-2026,JBAY ROCKS presents Spoegwolf 2026,concert,scheduled,,2026-12-20,,,,,False,False,Jeffreys Bay,Kouga/Jeffreys Bay,False,Jolly Dolphin,,-34.053456,24.923322,nominatim,R300.00,https://www.howler.co.za/Jbay-Rocks-2026-presents-Spoegwolf,https://www.howler.co.za/Jbay-Rocks-2026-presents-Spoegwolf,Howler,,images/2026-12-20-jbay-rocks-presents-spoegwolf-2026.webp,,2026-10-08
2026-12-20-lappiesbaai-10-km-on-the-beach-10-km-5-km,Lappiesbaai 10 km on the Beach (10 km & 5 km),funrun,scheduled,,2026-12-20,,,,,False,False,Stilbaai,Hessequa (Stilbaai),False,Lappiesbaai Beach,"Lappiesbaai, Still Bay West, Stilbaai",-34.371944,21.430278,nominatim,,,https://runningcalendar.co.za/events/lappiesbaai-10km/2026,RunningCalendar.co.za,https://dash.streblainnovations.com/races/,images/2026-12-20-lappiesbaai-10-km-on-the-beach-10-km-5-km.webp,"Date is provisional (Running Guy estimate — often from the prior year); confirm before travelling. Beach run at Lappiesbaai, Still Bay West. Clashes with Tower-2-Sea. Confirm before travelling. RunningCalendar lists 20 Dec 2026 as estimated from the previous year — not yet confirmed by organiser. Listed by Running Guy (Garden Route races dashboard).",2026-10-08
2026-12-20-sunset-sweatshop-heroes-live,Sunset Sweatshop – Heroes Live,concert,scheduled,,2026-12-20,,14:00,,,False,False,Cape Town,Cape Town,False,Heroes Live,,-33.92883,18.41722,town centroid,,https://itickets.co.za/events/487501,https://itickets.co.za/events/487501,iTickets,,images/2026-12-20-sunset-sweatshop-heroes-live.webp,,2026-10-08
2026-12-21-jbay-rocks-presents-gstring-en-die-piesangskille-2,JBAY ROCKS presents GString en Die Piesangskille 2026,concert,scheduled,,2026-12-21,,,,,False,False,Jeffreys Bay,Kouga/Jeffreys Bay,False,Jolly Dolphin,,-34.053456,24.923322,nominatim,R250.00,https://www.howler.co.za/Jbay-Rocks-2026-presents-Gstring-en-Die-Skille,https://www.howler.co.za/Jbay-Rocks-2026-presents-Gstring-en-Die-Skille,Howler,,images/2026-12-21-jbay-rocks-presents-gstring-en-die-piesangskille-2.webp,,2026-10-08
2026-12-21-pj-powers-presents-behind-the-voice-a-golden-circl,PJ Powers presents Behind the Voice - A Golden Circle Concert,concert,scheduled,,2026-12-21,,16:30,,,False,False,Cape Town,Cape Town,False,Cafe Roux,"Chapmans Peak Dr , Noordhoek, 7979, Cape Town, Western Cape, South Africa",-34.097405,18.377808,event page,,https://www.quicket.co.za/events/397831-pj-powers-presents-behind-the-voice-a-golden-circle-concert/#tickets,https://www.quicket.co.za/events/397831-pj-powers-presents-behind-the-voice-a-golden-circle-concert/,Quicket,,images/2026-12-21-pj-powers-presents-behind-the-voice-a-golden-circl.webp,Quicket category: Music,2026-10-08
2026-12-21-francois-van-coke,Francois van Coke,concert,scheduled,,2026-12-21,,20:00,,,False,False,St Francis Bay,Kouga/Jeffreys Bay,False,St Francis Links Clubhouse,"Jack Nicklaus Drive 1, 6312, St Francis Bay, Eastern Cape, South Africa",-34.162033,24.815039,event page,,https://www.quicket.co.za/events/392848-francois-van-coke/#tickets,https://www.quicket.co.za/events/392848-francois-van-coke/,Quicket,,images/2026-12-21-francois-van-coke.webp,Quicket category: Music,2026-10-08
2026-12-22-jbay-rocks-presents-riaan-benade-2026,JBAY ROCKS presents Riaan Benade 2026,concert,scheduled,,2026-12-22,,,,,False,False,Jeffreys Bay,Kouga/Jeffreys Bay,False,Jolly Dolphin,,-34.053456,24.923322,nominatim,R250.00,https://www.howler.co.za/Jbay-rocks-2026-presents-Riaan-Benade,https://www.howler.co.za/Jbay-rocks-2026-presents-Riaan-Benade,Howler,,images/2026-12-22-jbay-rocks-presents-riaan-benade-2026.webp,,2026-10-08
2026-12-22-big-christmas-africa-a-summer-outdoor-family-chris,Big Christmas Africa – A Summer Outdoor Family Christmas Concert,concert,scheduled,,2026-12-22,,16:30,,,False,True,Cape Town,Cape Town,False,Cafe Roux,"Chapmans Peak Dr , Noordhoek, 7979, Cape Town, Western Cape, South Africa",-34.097405,18.377808,event page,,https://www.quicket.co.za/events/398043-big-christmas-africa-a-summer-outdoor-family-christmas-concert/#tickets,https://www.quicket.co.za/events/398043-big-christmas-africa-a-summer-outdoor-family-christmas-concert/,Quicket,,images/2026-12-22-big-christmas-africa-a-summer-outdoor-family-chris.webp,Quicket category: Music,2026-10-08
2026-12-22-adam-tas-live,Adam Tas Live!,concert,scheduled,,2026-12-22,,20:00,,,False,False,St Francis Bay,Kouga/Jeffreys Bay,False,St Francis Links Clubhouse,"Jack Nicklaus Drive 1, 6312, St Francis Bay, Eastern Cape, South Africa",-34.162033,24.815039,event page,,https://www.quicket.co.za/events/392877-adam-tas-live/#tickets,https://www.quicket.co.za/events/392877-adam-tas-live/,Quicket,,images/2026-12-22-adam-tas-live.webp,Quicket category: Music,2026-10-08
2026-12-22-the-billy-joel-experience-live-in-jongensfontein,The Billy Joel Experience live in Jongensfontein,concert,scheduled,,2026-12-22,,20:00,,,False,False,Stilbaai,Hessequa (Stilbaai),False,Rijké,"blombos road, Jongensfontein, 6675, Still Bay, Western Cape, South Africa",-34.40463,21.343124,event page,,https://www.quicket.co.za/events/399108-the-billy-joel-experience-live-in-jongensfontein/#tickets,https://www.quicket.co.za/events/399108-the-billy-joel-experience-live-in-jongensfontein/,Quicket,,images/2026-12-22-the-billy-joel-experience-live-in-jongensfontein.webp,,2026-10-08
2026-12-23-get-lucky-summer-hermanus-ft-goodluck-the-parloton,"Get Lucky Summer (Hermanus) - ft. GoodLuck, The Parlotones, Booshle G & Veranda Panda",concert,scheduled,,2026-12-23,,,,,False,False,Hermanus,Overberg,False,Hermanus Sports Fields,,-34.4175,19.236111,town centroid,R180.00,https://www.howler.co.za/GLSHermanus,https://www.howler.co.za/GLSHermanus,Howler,,images/2026-12-23-get-lucky-summer-hermanus-ft-goodluck-the-parloton.webp,,2026-10-08
2026-12-23-jbay-rocks-presents-jack-parow-en-droomsindroom-20,JBAY ROCKS presents Jack Parow en Droomsindroom 2026,concert,scheduled,,2026-12-23,,,,,False,False,Jeffreys Bay,Kouga/Jeffreys Bay,False,Jolly Dolphin,,-34.053456,24.923322,nominatim,R250.00,https://www.howler.co.za/Jbay-Rocks-2026-presents-Jack-Parow-en-Droomsindroom,https://www.howler.co.za/Jbay-Rocks-2026-presents-Jack-Parow-en-Droomsindroom,Howler,,images/2026-12-23-jbay-rocks-presents-jack-parow-en-droomsindroom-20.webp,,2026-10-08
2026-12-23-big-christmas-africa-a-summer-golden-circle-family,Big Christmas Africa – A Summer Golden Circle Family Christmas Concert,concert,scheduled,,2026-12-23,,16:30,,,False,True,Cape Town,Cape Town,False,Cafe Roux,"Chapmans Peak Dr , Noordhoek, 7979, Cape Town, Western Cape, South Africa",-34.097405,18.377808,event page,,https://www.quicket.co.za/events/398056-big-christmas-africa-a-summer-golden-circle-family-christmas-concert/#tickets,https://www.quicket.co.za/events/398056-big-christmas-africa-a-summer-golden-circle-family-christmas-concert/,Quicket,,images/2026-12-23-big-christmas-africa-a-summer-golden-circle-family.webp,Quicket category: Music,2026-10-08
2026-12-23-nova-nights-presents-ard-matthews-live-on-the-lawn,Nova Nights presents Ard Matthews — Live on the Lawns,concert,scheduled,,2026-12-23,,17:30,,,False,False,Cape Town,Cape Town,False,Nova Zonnestraal,"Vineyard Avenue 2, Alphen, 7806, Cape Town, Western Cape, South Africa",-34.006298,18.449118,event page,,https://www.quicket.co.za/events/399942-nova-nights-presents-ard-matthews-live-on-the-lawns/#tickets,https://www.quicket.co.za/events/399942-nova-nights-presents-ard-matthews-live-on-the-lawns/,Quicket,,images/2026-12-23-nova-nights-presents-ard-matthews-live-on-the-lawn.webp,Quicket category: Music,2026-10-08
2026-12-23-robbie-wessels-live-the-stables-stilbaai,Robbie Wessels Live @ The Stables Stilbaai,concert,scheduled,,2026-12-23,,18:00,,,False,False,Stilbaai,Hessequa (Stilbaai),False,The Stables Stilbaai,"Main Road 220 East, 6674, Still Bay, Western Cape, South Africa",-34.358704,21.416992,event page,,https://www.quicket.co.za/events/349754-robbie-wessels-live-the-stables-stilbaai/#tickets,https://www.quicket.co.za/events/349754-robbie-wessels-live-the-stables-stilbaai/,Quicket,,images/2026-12-23-robbie-wessels-live-the-stables-stilbaai.webp,,2026-10-08
2026-12-24-big-christmas-africa-a-summer-outdoor-family-chris,Big Christmas Africa – A Summer Outdoor Family Christmas Concert,concert,scheduled,,2026-12-24,,16:30,,,False,True,Cape Town,Cape Town,False,Cafe Roux,"Chapmans Peak Dr , Noordhoek, 7979, Cape Town, Western Cape, South Africa",-34.097405,18.377808,event page,,https://www.quicket.co.za/events/398055-big-christmas-africa-a-summer-outdoor-family-christmas-concert/#tickets,https://www.quicket.co.za/events/398055-big-christmas-africa-a-summer-outdoor-family-christmas-concert/,Quicket,,images/2026-12-24-big-christmas-africa-a-summer-outdoor-family-chris.webp,Quicket category: Music,2026-10-08
2026-12-24-christmas-eve-carols-by-candlelight-buffet-at-st-f,Christmas Eve Carols by Candlelight & buffet at St Francis Links,festive,scheduled,,2026-12-24,,18:00-21:00,,,False,True,St Francis Bay,Kouga/Jeffreys Bay,False,St Francis Links Clubhouse,"1 Jack Nicklaus Drive, St Francis Links, St Francis Bay",-34.162033,24.815039,event page,R295,https://www.quicket.co.za/events/392121-christmas-eve-buffet/,https://www.quicket.co.za/events/392121-christmas-eve-buffet/,Quicket,https://9ty9.co.za/events/christmas-eve-buffet/ | https://www.findmy.co.za/entertainment/events_details/christmas-eve-buffet/62204,images/2026-12-24-christmas-eve-carols-by-candlelight-buffet-at-st-f.webp,"Carols by Candlelight from 18:00, then a Christmas Eve buffet with live entertainment by Nádine from 19:00. Kids can decorate gingerbread houses and reindeer cookies; parents can drop off gifts for Santa to hand out. From R295.",2026-10-08
2026-12-24-christmas-eve-dinner-at-heirloom-cape-grace,"Christmas Eve Dinner at Heirloom, Cape Grace",festive,scheduled,,2026-12-24,,18:30-20:00 (seatings),,,False,True,Cape Town,Cape Town,False,"Heirloom Restaurant, Cape Grace","West Quay Road, V&A Waterfront, Cape Town",-33.908701,18.420494,nominatim,"R2,500 pp",https://www.capegrace.com/experiences/festive-season/,https://www.capegrace.com/experiences/festive-season/,Cape Grace (official site),,images/2026-12-24-christmas-eve-dinner-at-heirloom-cape-grace.webp,"Welcome drink and live pianist, festive starters table, choice of three mains and family-style desserts. R2,500 per person. Seatings from 18:30, final seating 20:00. Smart casual. Bookings: capegrace.reservations@fairmont.com.",2026-10-08
2026-12-25-frugal-festive-christmas-day-buffet-at-lagoon-beac,Frugal & Festive Christmas Day buffet at Lagoon Beach Hotel,festive,scheduled,,2026-12-25,,,,,False,True,Cape Town,Cape Town,False,Lagoon Beach Hotel & Spa,"1 Lagoon Gate Drive, Milnerton, Cape Town",-33.892295,18.482676,nominatim,R500 pp,https://www.lagoonbeachhotel.co.za/dining/events/frugal-festive-an-affordable-christmas-day-lunch-buffet,https://www.lagoonbeachhotel.co.za/dining/events/frugal-festive-an-affordable-christmas-day-lunch-buffet,Lagoon Beach Hotel (official site),,images/2026-12-25-frugal-festive-christmas-day-buffet-at-lagoon-beac.webp,"Lighter, budget Christmas Day lunch buffet: roast turkey, gammon, linefish, Christmas pudding, mince pies, sherry trifle. R500 per person including a welcome drink. Menu: on the event page. Bookings: events@lagoonbeachhotel.co.za, 021 528 2000.",2026-10-08
2026-12-25-christmas-day-lunch-at-moody-lagoon-benguela-cove,"Christmas Day Lunch at Moody Lagoon, Benguela Cove",festive,scheduled,,2026-12-25,,12:00,,,False,True,Hermanus,Overberg,False,"Moody Lagoon restaurant, Benguela Cove Lagoon Wine Estate","Benguela Cove Lagoon Wine Estate, Walker Bay, Hermanus",-34.345995,19.134646,nominatim,,https://benguelacove.co.za/products/christmas-lunch-2026,https://benguelacove.co.za/products/christmas-lunch-2026,Benguela Cove (official site),,,"Multi-course Christmas lunch from 12:00: camembert milk-bun wreath to share; choice of honey-glazed gammon, stuffed chicken or smoked roast beef with sides; Amarula malva pudding or summer trifle. Kids' menu available. Christmas brunch 09:30-11:30 also offered. Price per person not published on the page; a 50% deposit secures the booking. Menu: on the booking page (downloadable). Bookings: 087 357 0637, info@benguelacove.co.za.",2026-10-08
2026-12-25-christmas-day-lunch-buffet-at-lagoon-beach-hotel,Christmas Day Lunch buffet at Lagoon Beach Hotel,festive,scheduled,,2026-12-25,,12:00,,,False,True,Cape Town,Cape Town,False,Lagoon Beach Hotel & Spa,"1 Lagoon Gate Drive, Milnerton, Cape Town",-33.892295,18.482676,nominatim,R850 pp,https://www.lagoonbeachhotel.co.za/dining/events/christmas-day-lunch-a-spectacular-festive-feast,https://www.lagoonbeachhotel.co.za/dining/events/christmas-day-lunch-a-spectacular-festive-feast,Lagoon Beach Hotel (official site),,images/2026-12-25-christmas-day-lunch-buffet-at-lagoon-beach-hotel.webp,"Christmas buffet with sushi station, turkey, sirloin, pork belly, linefish and dessert buffet; live entertainment, welcome drink, crackers and a festive gift. R850 per person; children under 12 half price, under 5 free. Full pre-payment required. Menu: on the event page. Bookings: events@lagoonbeachhotel.co.za, 021 528 2000.",2026-10-08
2026-12-25-christmas-day-lunch-at-heirloom-cape-grace,"Christmas Day Lunch at Heirloom, Cape Grace",festive,scheduled,,2026-12-25,,12:00-15:00,,,False,True,Cape Town,Cape Town,False,"Heirloom Restaurant, Cape Grace","West Quay Road, V&A Waterfront, Cape Town",-33.908701,18.420494,nominatim,"R3,000 pp",https://www.capegrace.com/experiences/festive-season/,https://www.capegrace.com/experiences/festive-season/,Cape Grace (official site),,images/2026-12-25-christmas-day-lunch-at-heirloom-cape-grace.webp,"Festive lunch with a classical live trio, overlooking the V&A Waterfront marina. R3,000 per person excluding beverages; under-12s may choose the festive or junior à la carte menu. Smart casual. Bookings: capegrace.reservations@fairmont.com.",2026-10-08
2026-12-25-christmas-day-dinner-at-heirloom-cape-grace,"Christmas Day Dinner at Heirloom, Cape Grace",festive,scheduled,,2026-12-25,,18:30-21:30,,,False,True,Cape Town,Cape Town,False,"Heirloom Restaurant, Cape Grace","West Quay Road, V&A Waterfront, Cape Town",-33.908701,18.420494,nominatim,"R2,500 pp",https://www.capegrace.com/experiences/festive-season/,https://www.capegrace.com/experiences/festive-season/,Cape Grace (official site),,images/2026-12-25-christmas-day-dinner-at-heirloom-cape-grace.webp,"Festive dinner with live pianist. R2,500 per person excluding beverages. Smart casual. Bookings: capegrace.reservations@fairmont.com.",2026-10-08
2026-12-25-christmas-day-lunch-at-quentin-at-oakhurst-hout-ba,"Christmas Day Lunch at Quentin at Oakhurst, Hout Bay",festive,scheduled,,2026-12-25,,Lunch,,,False,True,Cape Town,Cape Town,False,Quentin at Oakhurst,"Oakhurst Farm, Main Road, Hout Bay",-34.020556,18.374762,nominatim (suburb),,https://oakhurstbarn.com/menu/christmas-day-lunch/,https://oakhurstbarn.com/menu/christmas-day-lunch/,Quentin at Oakhurst (official site),,,"Published 'Christmas Menu 2026': Brut with gravadlax blinis, vichyssoise with Kalahari truffle, Cape seafood salad, goose liver terrine, buchu sorbet, roast duck with apricot and pecan stuffing, Christmas pudding and mince pies. Price not published. The restaurant is open for lunch only on 25 December. Bookings: 021 790 4888, bookings@oakhurstbarn.com.",2026-10-08
2026-12-26-jbay-rocks-presents-brendan-peyper-en-chris-steyn-,JBAY ROCKS presents Brendan Peyper en Chris Steyn 2026,concert,scheduled,,2026-12-26,,,,,False,False,Jeffreys Bay,Kouga/Jeffreys Bay,False,Jolly Dolphin,,-34.053456,24.923322,nominatim,R250.00,https://www.howler.co.za/Jbay-rocks-2026-presents-Brendan-en-Chris,https://www.howler.co.za/Jbay-rocks-2026-presents-Brendan-en-Chris,Howler,,images/2026-12-26-jbay-rocks-presents-brendan-peyper-en-chris-steyn-.webp,,2026-10-08
2026-12-26-altitude-birthday-festival,ALTITUDE - BIRTHDAY FESTIVAL,festival,scheduled,,2026-12-26,2026-12-27,13:00,,,False,False,Cape Town,Cape Town,False,Cape Town High School,"96 Hatfield Street, , Gardens, 8001, Cape Town, Western Cape, South Africa",-33.93187,18.414934,event page,,https://www.quicket.co.za/events/393453-altitude-birthday-festival/#tickets,https://www.quicket.co.za/events/393453-altitude-birthday-festival/,Quicket,,images/2026-12-26-altitude-birthday-festival.webp,Quicket category: Music,2026-10-08
2026-12-27-jbay-rocks-present-die-heuwels-fantasties-en-van-p,JBAY ROCKS present Die Heuwels Fantasties en Van Pletzen 2026,concert,scheduled,,2026-12-27,,,,,False,False,Jeffreys Bay,Kouga/Jeffreys Bay,False,Jolly Dolphin,,-34.053456,24.923322,nominatim,R250.00,https://www.howler.co.za/Jbay-rocks-2026-presents-Die-Heuwels-en-Van-Pletzen,https://www.howler.co.za/Jbay-rocks-2026-presents-Die-Heuwels-en-Van-Pletzen,Howler,,images/2026-12-27-jbay-rocks-present-die-heuwels-fantasties-en-van-p.webp,,2026-10-08
2026-12-27-comunity-fest,ComUnity Fest,festival,scheduled,,2026-12-27,2026-12-28,11:00,,,False,False,Cape Town,Cape Town,False,Castle of Good Hope,"Castle Street, , Foreshore, 8001, Cape Town, Western Cape, South Africa",-33.926045,18.428059,event page,,https://www.quicket.co.za/events/396107-comunity-fest/#tickets,https://www.quicket.co.za/events/396107-comunity-fest/,Quicket,,images/2026-12-27-comunity-fest.webp,Quicket category: Music,2026-10-08
2026-12-27-cpt-lola-by-clint-l-zane-gulston-sunday-27-decembe,CPT / LOLA by Clint L & Zane Gulston / Sunday 27 December 2026 / The Ostrich Cape Town,concert,scheduled,,2026-12-27,2026-12-28,12:00,,,False,False,Cape Town,Cape Town,False,The Ostrich - Cape Town,"Van Schoorsdrif Road, , Philadelphia, 7439, Cape Town, Western Cape, South Africa",-33.747547,18.558338,event page,,https://www.quicket.co.za/events/400212-cpt-lola-by-clint-l-zane-gulston-sunday-27-december-2026-the-ostrich-cape-town/#tickets,https://www.quicket.co.za/events/400212-cpt-lola-by-clint-l-zane-gulston-sunday-27-december-2026-the-ostrich-cape-town/,Quicket,,images/2026-12-27-cpt-lola-by-clint-l-zane-gulston-sunday-27-decembe.webp,Quicket category: Music,2026-10-08
2026-12-27-ballyhoos-50-years-celebration-tour-a-golden-circl,Ballyhoo’s 50 Years Celebration Tour - A Golden Circle Concert,concert,scheduled,,2026-12-27,,16:30,,,False,False,Cape Town,Cape Town,False,Cafe Roux,"Chapmans Peak Dr , Noordhoek, 7979, Cape Town, Western Cape, South Africa",-34.097405,18.377808,event page,,https://www.quicket.co.za/events/384442-ballyhoos-50-years-celebration-tour-a-golden-circle-concert/#tickets,https://www.quicket.co.za/events/384442-ballyhoos-50-years-celebration-tour-a-golden-circle-concert/,Quicket,,images/2026-12-27-ballyhoos-50-years-celebration-tour-a-golden-circl.webp,Quicket category: Music,2026-10-08
2026-12-28-jbay-rocks-presents-appel-2026,JBAY ROCKS presents Appel 2026,concert,scheduled,,2026-12-28,,,,,False,False,Jeffreys Bay,Kouga/Jeffreys Bay,False,Jolly Dolphin,,-34.053456,24.923322,nominatim,R300.00,https://www.howler.co.za/Jbay-Rocks-2026-presents-Appel,https://www.howler.co.za/Jbay-Rocks-2026-presents-Appel,Howler,,images/2026-12-28-jbay-rocks-presents-appel-2026.webp,,2026-10-08
2026-12-28-geraas-oppi-plaas,GERAAS Oppi PLAAS,festival,scheduled,,2026-12-28,,12:00,,,False,False,Stilbaai,Hessequa (Stilbaai),False,Rijké,"Blombos road, Jongensfontein, 6675, Still Bay, Western Cape, South Africa",-34.40463,21.343124,event page,,https://www.quicket.co.za/events/387081-geraas-oppi-plaas/#tickets,https://www.quicket.co.za/events/387081-geraas-oppi-plaas/,Quicket,,images/2026-12-28-geraas-oppi-plaas.webp,Afrikaans music festival on the farm.,2026-10-08
2026-12-29-jbay-rocks-presents-timo-odv-and-aidin-caye-2026,JBAY ROCKS presents Timo Odv and Aidin Caye 2026,concert,scheduled,,2026-12-29,,,,,False,False,Jeffreys Bay,Kouga/Jeffreys Bay,False,Jolly Dolphin,,-34.053456,24.923322,nominatim,R150.00,https://www.howler.co.za/Jbay-Rocks-2026-presents-Timo-ODV-and-Aidin-Caye,https://www.howler.co.za/Jbay-Rocks-2026-presents-Timo-ODV-and-Aidin-Caye,Howler,,images/2026-12-29-jbay-rocks-presents-timo-odv-and-aidin-caye-2026.webp,,2026-10-08
2026-12-29-radio-echo-presents-a-springsteen-tribute-show,Radio Echo presents a Springsteen Tribute Show,concert,scheduled,,2026-12-29,,18:00,,,False,False,Cape Town,Cape Town,False,Cafe Roux,"Chapmans Peak Dr , Noordhoek, 7979, Cape Town, Western Cape, South Africa",-34.097405,18.377808,event page,,https://www.quicket.co.za/events/398270-radio-echo-presents-a-springsteen-tribute-show/#tickets,https://www.quicket.co.za/events/398270-radio-echo-presents-a-springsteen-tribute-show/,Quicket,,images/2026-12-29-radio-echo-presents-a-springsteen-tribute-show.webp,Quicket category: Music,2026-10-08
2026-12-30-jbay-rocks-presents-snotkop-2026,JBAY ROCKS presents SNOTKOP 2026,concert,scheduled,,2026-12-30,,,,,False,False,Jeffreys Bay,Kouga/Jeffreys Bay,False,Jolly Dolphin,,-34.053456,24.923322,nominatim,R250.00,https://www.howler.co.za/Jbay-Rocks-2026-presents-Snotkop,https://www.howler.co.za/Jbay-Rocks-2026-presents-Snotkop,Howler,,images/2026-12-30-jbay-rocks-presents-snotkop-2026.webp,,2026-10-08
2026-12-30-the-voice-of-africa-a-celebration-of-miriam-makeba,The Voice of Africa: A Celebration of Miriam Makeba presented by Thandeka Dladla - A Golden Circle Concert,concert,scheduled,,2026-12-30,,16:30,,,False,False,Cape Town,Cape Town,False,Cafe Roux,"Chapmans Peak Dr , Noordhoek, 7979, Cape Town, Western Cape, South Africa",-34.097405,18.377808,event page,,https://www.quicket.co.za/events/388086-the-voice-of-africa-a-celebration-of-miriam-makeba-presented-by-thandeka-dladla/#tickets,https://www.quicket.co.za/events/388086-the-voice-of-africa-a-celebration-of-miriam-makeba-presented-by-thandeka-dladla/,Quicket,,images/2026-12-30-the-voice-of-africa-a-celebration-of-miriam-makeba.webp,Quicket category: Music,2026-10-08
2026-12-31-jbay-rocks-white-party-presents-francois-van-coke-,"JBAY ROCKS WHITE PARTY presents Francois van Coke, Early B en ??????? 2026",concert,scheduled,,2026-12-31,,,,,True,False,Jeffreys Bay,Kouga/Jeffreys Bay,False,Jolly Dolphin,,-34.053456,24.923322,nominatim,R350.00,https://www.howler.co.za/Jbay-Rocks-White-Party-2026,https://www.howler.co.za/Jbay-Rocks-White-Party-2026,Howler,,images/2026-12-31-jbay-rocks-white-party-presents-francois-van-coke-.webp,,2026-10-08
2026-12-31-stilbaai-nsri-10-km-6-km-fun-run-new-year-s-eve,Stilbaai NSRI 10 km & 6 km Fun Run (New Year's Eve),funrun,scheduled,,2026-12-31,,07:00,,,True,False,Stilbaai,Hessequa (Stilbaai),False,"NSRI Station, Main Road","National Sea Rescue Institute, Main Rd, Stilbaai",-34.364219,21.433551,event page,,,https://runningcalendar.co.za/events/stilbaai-10km/2026,RunningCalendar.co.za,https://racepass.com/za/races/stillbaai-10km,images/2026-12-31-stilbaai-nsri-10-km-6-km-fun-run-new-year-s-eve.webp,"Annual New Year's Eve run in aid of NSRI Stilbaai: 10 km race and 6 km fun run/walk, start and finish at the NSRI building. The route runs along the Goukou River, the sea and dunes. The 2025 edition drew about 1,200 runners. RunningCalendar lists only basic details so far; entry fees are still to be confirmed.",2026-10-08
2026-12-31-new-year-s-eve-at-bascule-bar-cape-grace,"New Year's Eve at Bascule Bar, Cape Grace",concert,scheduled,,2026-12-31,2027-01-01,12:00-02:00,,,True,False,Cape Town,Cape Town,False,"Bascule Bar, Cape Grace","West Quay Road, V&A Waterfront, Cape Town",-33.908701,18.420494,nominatim,,,https://www.capegrace.com/experiences/festive-season/,Cape Grace (official site),,images/2026-12-31-new-year-s-eve-at-bascule-bar-cape-grace.webp,"Waterfront NYE at Bascule with a live jazz band, DJ, cocktails and the bar menu. Tables first come, first served (no reservations); no children. No entry price published.",2026-10-08
2026-12-31-secrets-of-summer-nye-2026,Secrets of Summer NYE 2026,concert,scheduled,,2026-12-31,2027-01-01,15:00,,,True,False,Cape Town,Cape Town,False,Black River Park Sports Complex (Opposite Riverlands Mall),"Fir Street, Observatory (Opposite Riverlands Mall), 7925, Cape Town, Western Cape, South Africa",-33.93459,18.472275,event page,,https://www.quicket.co.za/events/324924-secrets-of-summer-nye-2026/#tickets,https://www.quicket.co.za/events/324924-secrets-of-summer-nye-2026/,Quicket,,images/2026-12-31-secrets-of-summer-nye-2026.webp,Quicket category: Music,2026-10-08
2026-12-31-textures-nye-ft-matrixxman-us,Textures NYE ft. Matrixxman (US),concert,scheduled,,2026-12-31,2027-01-01,17:00,,,True,False,Cape Town,Cape Town,False,Alley,"85 Auckland Street, Paarden Eiland, 7405, Cape Town, Western Cape, South Africa",-33.903835,18.477558,event page,,https://www.quicket.co.za/events/400102-textures-nye-ft-matrixxman-us/#tickets,https://www.quicket.co.za/events/400102-textures-nye-ft-matrixxman-us/,Quicket,,images/2026-12-31-textures-nye-ft-matrixxman-us.webp,Quicket category: Music,2026-10-08
2026-12-31-new-year-s-eve-white-marina-soiree-at-cape-grace,New Year's Eve White Marina Soirée at Cape Grace,festive,scheduled,,2026-12-31,2027-01-01,18:30-01:00,,,True,False,Cape Town,Cape Town,False,"Heirloom Restaurant, Cape Grace","West Quay Road, V&A Waterfront, Cape Town",-33.908701,18.420494,nominatim,"R6,500 pp",https://www.capegrace.com/experiences/festive-season/,https://www.capegrace.com/experiences/festive-season/,Cape Grace (official site),,images/2026-12-31-new-year-s-eve-white-marina-soiree-at-cape-grace.webp,"Canapés and Blanc de Blanc in the Library Lounge, dinner in Heirloom, dessert on the Pool Deck, live music. R6,500 per person, R3,500 under 12. Yacht-chic dress encouraged. Bookings: capegrace.reservations@fairmont.com.",2026-10-08
2026-12-31-montevista-community-new-year-s-eve-dinner-dance,MonteVista Community New Year's Eve Dinner Dance,community,scheduled,,2026-12-31,2027-01-01,19:00-01:00,,,True,False,Cape Town,Cape Town,False,Edgemead Hall,"100 Edgemead Drive, Edgemead, Cape Town",-33.880245,18.542438,event page,R450 pp,https://www.quicket.co.za/events/390561-montevista-community-new-years-eve-dinner-dance/,https://www.quicket.co.za/events/390561-montevista-community-new-years-eve-dinner-dance/,Quicket,https://www.findmy.co.za/entertainment/events_details/montevista-community-new-years-eve-dinner-dance/63411,images/2026-12-31-montevista-community-new-year-s-eve-dinner-dance.webp,"Community dinner dance with live band 'Just Like That', lamb on the spit and braaied chicken; bring your own drinks. R450 pp early bird (to 30 Nov), R495 after; bookings close 18 Dec. Proceeds go to neighbourhood security cameras.",2026-10-08
2026-12-31-great-gatsby-new-year-s-eve-party-at-benguela-cove,Great Gatsby New Year's Eve party at Benguela Cove,concert,scheduled,,2026-12-31,2027-01-01,19:30-01:00,,,True,False,Hermanus,Overberg,False,Benguela Cove Lagoon Wine Estate,"Benguela Cove Lagoon Wine Estate, Walker Bay, Hermanus",-34.345995,19.134646,nominatim,R850 pp,https://benguelacove.co.za/products/new-years-eve-2026,https://benguelacove.co.za/products/new-years-eve-2026,Benguela Cove (official site),,,"Roaring Twenties NYE party by the Bot River Lagoon: live DJ, 360-degree video booth, midnight countdown; Gatsby / black-tie dress. Standard ticket R850 pp early bird (until 15 Nov), R950 after; with picnic basket R1,350 / R1,450; under-12 R450. Capped at 180 guests. Dinner at Moody Lagoon restaurant can be booked separately.",2026-10-08
2026-12-31-new-year-s-eve-dinner-at-the-commodore-hotel-v-a-w,New Year's Eve dinner at The Commodore Hotel (V&A Waterfront),festive,scheduled,,2026-12-31,2027-01-01,19:30-02:00,,,True,False,Cape Town,Cape Town,False,The Commodore Hotel,"Portswood Road, V&A Waterfront, Cape Town",-33.90505,18.418393,nominatim (street),"R1,395 pp",https://www.legacyhotels.co.za/commodore-hotel/new-year-2026,https://www.legacyhotels.co.za/commodore-hotel/new-year-2026,The Commodore Hotel (Legacy Hotels),,images/2026-12-31-new-year-s-eve-dinner-at-the-commodore-hotel-v-a-w.webp,"International buffet with live cooking stations and live entertainment; midnight toast on the terrace with views of the Waterfront fireworks. R1,395 per adult. Bookings essential: commodore@legacyhotels.com, 021 415 1000.",2026-10-08
2026-12-31-abba-mania-the-ultimate-new-year-s-eve-celebration,ABBA Mania. The ultimate New Year's Eve Celebration,concert,scheduled,,2026-12-31,2027-01-01,20:00,,,True,False,St Francis Bay,Kouga/Jeffreys Bay,False,St Francis Links Clubhouse,"Jack Nicklaus Drive 1, 6312, St Francis Bay, Eastern Cape, South Africa",-34.162033,24.815039,event page,,https://www.quicket.co.za/events/383766-abba-mania-the-ultimate-new-years-eve-celebration/#tickets,https://www.quicket.co.za/events/383766-abba-mania-the-ultimate-new-years-eve-celebration/,Quicket,,images/2026-12-31-abba-mania-the-ultimate-new-year-s-eve-celebration.webp,Quicket category: Music,2026-10-08
2026-12-31-new-year-s-fireworks-80-s-lumo-party-cruise,New Year's Fireworks 80's Lumo Party Cruise,concert,scheduled,,2026-12-31,2027-01-01,22:00-01:15,,,True,False,Cape Town,Cape Town,False,"Cape Town Cruises, V&A Waterfront","Shop 8, Quay 5, V&A Waterfront, Cape Town",-33.906185,18.420965,event page,R1500,https://www.quicket.co.za/events/383158-new-years-fireworks-80s-lumo-party-cruise/,https://www.quicket.co.za/events/383158-new-years-fireworks-80s-lumo-party-cruise/,Quicket,,images/2026-12-31-new-year-s-fireworks-80-s-lumo-party-cruise.webp,"Three-hour 80s neon party cruise along the Cape Town coastline: boarding 22:00, departure 22:15, back 01:15; shared charcuterie boards and a bottle of bubbly per couple, fireworks at midnight. Listing says R1,899 per person; Quicket shows tickets from R1,500. Info: 066 428 9676.",2026-10-08
2027-01-01-andrew-young-s-new-years-day-picnic-concert,Andrew Young's New Years Day Picnic Concert,concert,scheduled,,2027-01-01,,15:30,,,False,False,Somerset West,Cape Town,False,Goldeneye Private Venue,"R 44, , R44, Somerset West, 7130, Cape Town, Western Cape, South Africa",-34.04265,18.827145,event page,,https://www.quicket.co.za/events/389563-andrew-youngs-new-years-day-picnic-concert/#tickets,https://www.quicket.co.za/events/389563-andrew-youngs-new-years-day-picnic-concert/,Quicket,,images/2027-01-01-andrew-young-s-new-years-day-picnic-concert.webp,Quicket category: Music,2026-10-08
2027-01-01-new-years-day-with-ross-learmonth-a-summer-outdoor,New Year’s Day with Ross Learmonth - A Summer Outdoor Concert,concert,scheduled,,2027-01-01,,16:30,,,False,False,Cape Town,Cape Town,False,Cafe Roux,"Chapmans Peak Dr , Noordhoek, 7979, Cape Town, Western Cape, South Africa",-34.097405,18.377808,event page,,https://www.quicket.co.za/events/398464-new-years-day-with-ross-learmonth-a-summer-outdoor-concert/#tickets,https://www.quicket.co.za/events/398464-new-years-day-with-ross-learmonth-a-summer-outdoor-concert/,Quicket,,images/2027-01-01-new-years-day-with-ross-learmonth-a-summer-outdoor.webp,Quicket category: Music,2026-10-08
2027-01-02-first-choice-race-jeffreys-bay-21-1-10-5-km,"First Choice Race, Jeffreys Bay (21.1 / 10 / 5 km)",funrun,scheduled,,2027-01-02,,,,,False,False,Jeffreys Bay,Kouga/Jeffreys Bay,False,Jeffreys Bay,Jeffreys Bay,-34.010397,24.889416,nominatim,,https://racepass.com/za/races/first-choice-race,https://racepass.com/za/races/first-choice-race,RacePass,https://dash.streblainnovations.com/races/,images/2027-01-02-first-choice-race-jeffreys-bay-21-1-10-5-km.webp,Date is provisional (Running Guy estimate — often from the prior year); confirm before travelling. Holiday coastal race in JBay. ~2.5h east of George. Confirm 2027 listing before planning. Traditionally early January in JBay (2025 was 4 Jan). 2027 date not confirmed. Listed by Running Guy (Garden Route races dashboard).,2026-10-08
2027-01-02-wav-festival-cape-town,WAV Festival | Cape Town,festival,scheduled,,2027-01-02,,,,,False,False,Cape Town,Cape Town,False,"Cape Town, Green Point Track","Green Point Track, Cape Town",-33.906767,18.413191,nominatim,R849.00,https://wavglobal.howler.co.za/wavct,https://wavglobal.howler.co.za/wavct,Howler,,images/2027-01-02-wav-festival-cape-town.webp,,2026-10-08
2027-01-02-vusi-mahlasela-the-voice-a-summer-outdoor-concert,Vusi Mahlasela “The Voice” - A Summer Outdoor Concert,concert,scheduled,,2027-01-02,,16:30,,,False,False,Cape Town,Cape Town,False,Cafe Roux,"Chapmans Peak Dr , Noordhoek, 7979, Cape Town, Western Cape, South Africa",-34.097405,18.377808,event page,,https://www.quicket.co.za/events/398487-vusi-mahlasela-the-voice-a-summer-outdoor-concert/#tickets,https://www.quicket.co.za/events/398487-vusi-mahlasela-the-voice-a-summer-outdoor-concert/,Quicket,,images/2027-01-02-vusi-mahlasela-the-voice-a-summer-outdoor-concert.webp,Quicket category: Music,2026-10-08
2027-01-05-a-tribute-to-elton-john-by-rocket-max-uk-a-golden-,A Tribute to Elton John by Rocket Max (UK) - A Golden Circle Concert,concert,scheduled,,2027-01-05,,16:30,,,False,False,Cape Town,Cape Town,False,Cafe Roux,"Chapmans Peak Dr , Noordhoek, 7979, Cape Town, Western Cape, South Africa",-34.097405,18.377808,event page,,https://www.quicket.co.za/events/398497-a-tribute-to-elton-john-by-rocket-max-uk-a-golden-circle-concert/#tickets,https://www.quicket.co.za/events/398497-a-tribute-to-elton-john-by-rocket-max-uk-a-golden-circle-concert/,Quicket,,images/2027-01-05-a-tribute-to-elton-john-by-rocket-max-uk-a-golden-.webp,Quicket category: Music,2026-10-08
2027-01-09-groove-brazil,Groove Brazil,concert,scheduled,,2027-01-09,,13:00,,,False,False,Cape Town,Cape Town,False,170 Bree St,"170 Bree Street, , Cape Town City Centre, 8000, Cape Town, Western Cape, South Africa",-33.92477,18.413967,event page,,https://www.quicket.co.za/events/351633-groove-brazil/#tickets,https://www.quicket.co.za/events/351633-groove-brazil/,Quicket,,images/2027-01-09-groove-brazil.webp,Quicket category: Music,2026-10-08
2027-01-09-andrew-young-live-benguela-cove,Andrew Young Live @ Benguela Cove,concert,scheduled,,2027-01-09,,17:30,,,False,False,Kleinmond,Overberg,False,Benguela Cove Lagoon Wine Estate,"R43, 7200, Hermanus, Western Cape, South Africa",-34.345863,19.13473,event page,,https://www.quicket.co.za/events/389570-andrew-young-live-benguela-cove/#tickets,https://www.quicket.co.za/events/389570-andrew-young-live-benguela-cove/,Quicket,,images/2027-01-09-andrew-young-live-benguela-cove.webp,Quicket category: Music,2026-10-08
2027-01-14-simon-van-gend-dream-im-a-bird,Simon van Gend - Dream I’m a Bird,concert,scheduled,,2027-01-14,,18:00,,,False,False,Cape Town,Cape Town,False,Cafe Roux,"Chapmans Peak Dr , Noordhoek, 7979, Cape Town, Western Cape, South Africa",-34.097405,18.377808,event page,,https://www.quicket.co.za/events/398516-simon-van-gend-dream-im-a-bird/#tickets,https://www.quicket.co.za/events/398516-simon-van-gend-dream-im-a-bird/,Quicket,,images/2027-01-14-simon-van-gend-dream-im-a-bird.webp,Quicket category: Music,2026-10-08
2027-01-19-maynardville-2027-jazz-in-the-park,Maynardville 2027: Jazz in the Park,concert,scheduled,,2027-01-19,,19:30,,,False,False,Cape Town,Cape Town,False,Maynardville Open-Air Theatre,"Maynardville Park, Piers Rd, Wynberg, 7800, Cape Town, Western Cape, South Africa",-34.0051,18.46367,event page,,https://www.quicket.co.za/events/382476-maynardville-2027-jazz-in-the-park/#tickets,https://www.quicket.co.za/events/382476-maynardville-2027-jazz-in-the-park/,Quicket,,images/2027-01-19-maynardville-2027-jazz-in-the-park.webp,Quicket category: Arts & Culture,2026-10-08
2027-01-22-maynardville-2027-cape-town-philharmonic-orchestra,Maynardville 2027: Cape Town Philharmonic Orchestra,concert,scheduled,,2027-01-22,2027-01-23,20:15,,,False,False,Cape Town,Cape Town,False,Maynardville Open-Air Theatre,"Maynardville Park, Piers Rd, Wynberg, 7800, Cape Town, Western Cape, South Africa",-34.0051,18.46367,event page,,https://www.quicket.co.za/events/382430-maynardville-2027-cape-town-philharmonic-orchestra/#tickets,https://www.quicket.co.za/events/382430-maynardville-2027-cape-town-philharmonic-orchestra/,Quicket,,images/2027-01-22-maynardville-2027-cape-town-philharmonic-orchestra.webp,Quicket category: Arts & Culture,2026-10-08
2027-01-23-dave-koz-with-special-guest-chris-walker-live-at-k,Dave Koz with Special Guest Chris Walker – Live at Kirstenbosch,concert,scheduled,,2027-01-23,,,,,False,False,Cape Town,Cape Town,False,Kirstenbosch Botanical Garden,"Kirstenbosch Botanical Garden, Cape Town",-33.987958,18.435659,event page,From R995 excl R35 Booking Fee,https://www.webtickets.co.za/v2/event.aspx?itemid=1600179777,https://www.webtickets.co.za/v2/event.aspx?itemid=1600179777,Webtickets,,,Webtickets category: Music,2026-10-08
2027-01-23-steve-hofmeyr-saterdag-heroes-live,Steve Hofmeyr (SATERDAG) – Heroes Live,concert,scheduled,,2027-01-23,,20:30,,,False,False,Cape Town,Cape Town,False,Heroes Live,,-33.92883,18.41722,town centroid,,https://itickets.co.za/events/486144,https://itickets.co.za/events/486144,iTickets,,images/2027-01-23-steve-hofmeyr-saterdag-heroes-live.webp,,2026-10-08
2027-01-24-steve-hofmeyr-sondag-heroes-live,Steve Hofmeyr (SONDAG) – Heroes Live,concert,scheduled,,2027-01-24,,14:00,,,False,False,Cape Town,Cape Town,False,Heroes Live,,-33.92883,18.41722,town centroid,,https://itickets.co.za/events/486145,https://itickets.co.za/events/486145,iTickets,,images/2027-01-24-steve-hofmeyr-sondag-heroes-live.webp,,2026-10-08
2027-01-27-steve-grahams-pink-floyd,Steve Graham’s Pink Floyd,concert,scheduled,,2027-01-27,,18:00,,,False,False,Cape Town,Cape Town,False,Cafe Roux,"Chapmans Peak Dr , Noordhoek, 7979, Cape Town, Western Cape, South Africa",-34.097405,18.377808,event page,,https://www.quicket.co.za/events/395702-steve-grahams-pink-floyd/#tickets,https://www.quicket.co.za/events/395702-steve-grahams-pink-floyd/,Quicket,,images/2027-01-27-steve-grahams-pink-floyd.webp,Quicket category: Music,2026-10-08
2027-01-28-steve-grahams-guitar-legends,Steve Graham’s Guitar Legends,concert,scheduled,,2027-01-28,,18:00,,,False,False,Cape Town,Cape Town,False,Cafe Roux,"Chapmans Peak Dr , Noordhoek, 7979, Cape Town, Western Cape, South Africa",-34.097405,18.377808,event page,,https://www.quicket.co.za/events/395709-steve-grahams-guitar-legends/#tickets,https://www.quicket.co.za/events/395709-steve-grahams-guitar-legends/,Quicket,,images/2027-01-28-steve-grahams-guitar-legends.webp,Quicket category: Music,2026-10-08
2027-01-30-jazz-meets-amahubo,Jazz Meets AmaHubo,concert,scheduled,,2027-01-30,,18:30,,,False,False,Cape Town,Cape Town,False,The Outlore Base,"80 Hout Street, , Cape Town City Centre, 8001, Cape Town, Western Cape, South Africa",-33.920784,18.419329,event page,,https://www.quicket.co.za/events/391256-jazz-meets-amahubo/#tickets,https://www.quicket.co.za/events/391256-jazz-meets-amahubo/,Quicket,,images/2027-01-30-jazz-meets-amahubo.webp,Quicket category: Music,2026-10-08
2027-01-30-steve-graham-s-monsters-of-rock-show-simon-s-resta,"Steve Graham's Monsters of Rock show - Simon's Restaurant, Groot Constantia",concert,scheduled,,2027-01-30,,20:00,,,False,False,Cape Town,Cape Town,False,Simon's Restaurant,"Groot Constantia Road, , Constantia, 7806, Cape Town, Western Cape, South Africa",-34.031303,18.417728,event page,,https://www.quicket.co.za/events/400628-steve-grahams-monsters-of-rock-show-simons-restaurant-groot-constantia/#tickets,https://www.quicket.co.za/events/400628-steve-grahams-monsters-of-rock-show-simons-restaurant-groot-constantia/,Quicket,,images/2027-01-30-steve-graham-s-monsters-of-rock-show-simon-s-resta.webp,Quicket category: Music,2026-10-08
2027-01-30-appel-heroes-live,Appel – Heroes Live,concert,scheduled,,2027-01-30,,20:30,,,False,False,Cape Town,Cape Town,False,Heroes Live,,-33.92883,18.41722,town centroid,,https://itickets.co.za/events/486330,https://itickets.co.za/events/486330,iTickets,,images/2027-01-30-appel-heroes-live.webp,,2026-10-08
2027-02-02-a-global-choral-celebration-in-cape-town,A Global Choral Celebration in Cape Town!,concert,scheduled,,2027-02-02,,19:30,,,False,False,Cape Town,Cape Town,False,Centre for the Book,"62 Queen Victoria Street, 8000, Cape Town, Western Cape, South Africa",-33.927307,18.415922,event page,,https://www.quicket.co.za/events/395018-a-global-choral-celebration-in-cape-town/#tickets,https://www.quicket.co.za/events/395018-a-global-choral-celebration-in-cape-town/,Quicket,,images/2027-02-02-a-global-choral-celebration-in-cape-town.webp,Quicket category: Music,2026-10-08
2027-02-05-maynardville-2027-shakespeare-s-macbeth,Maynardville 2027: Shakespeare's Macbeth,musical,scheduled,,2027-02-05,2027-03-13,20:15,,,False,False,Cape Town,Cape Town,False,Maynardville Open-Air Theatre,"Maynardville Park, Piers Rd, Wynberg, Cape Town",-34.00535,18.464233,nominatim,R213,https://www.quicket.co.za/events/381057-maynardville-2027-shakespeares-macbeth/,https://www.quicket.co.za/events/381057-maynardville-2027-shakespeares-macbeth/,Quicket,,,"Open-air Shakespeare (theatre, not a musical). Price as shown on Quicket.",2026-10-08
2027-02-11-up-the-creek-music-festival-2027,Up The Creek Music Festival 2027,festival,scheduled,,2027-02-11,2027-02-14,,,,False,False,Swellendam,Overberg,False,Up the Creek venue camp (Breede River),"Breede River, near Swellendam",-34.1785,20.49,event page,"R1,705",https://utc.howler.co.za/events/up-the-creek-music-festival-2027-d4d7,https://utc.howler.co.za/events/up-the-creek-music-festival-2027-d4d7,Howler,https://www.upthecreek.co.za,,"Riverside camping music festival: 4 stages, 50+ bands. 18+. From R1,705 (Patron and Early tiers sold out).",2026-10-08
2027-02-12-the-resurrection-files,The Resurrection Files,concert,scheduled,,2027-02-12,2027-02-13,19:00,,,False,False,Cape Town,Cape Town,False,Star Theatre,"Buitenkant Street, , District Six, 7800, Cape Town, Western Cape, South Africa",-33.927147,18.42452,event page,,https://www.quicket.co.za/events/382853-the-resurrection-files/#tickets,https://www.quicket.co.za/events/382853-the-resurrection-files/,Quicket,,images/2027-02-12-the-resurrection-files.webp,Quicket category: Music,2026-10-08
2027-02-20-andrew-young-live,Andrew Young Live,concert,scheduled,,2027-02-20,,19:30,,,False,False,Cape Town,Cape Town,False,Durbanville Golf Club,"Sport Way, Durbanville, 7550, Cape Town, Western Cape, South Africa",-33.83422,18.659029,event page,,https://www.quicket.co.za/events/399048-andrew-young-live/#tickets,https://www.quicket.co.za/events/399048-andrew-young-live/,Quicket,,images/2027-02-20-andrew-young-live.webp,Quicket category: Music,2026-10-08
2027-02-21-balwin-sport-peninsula-marathon-42-2-km-21-1-km,Balwin Sport Peninsula Marathon (42.2 km & 21.1 km),funrun,scheduled,,2027-02-21,,,,,False,False,Cape Town,Cape Town,False,Simon's Town / False Bay coastline,"Simon's Town, Cape Town",-34.193181,18.433266,nominatim,,,https://runningcalendar.co.za/events/cape-peninsula-marathon,RunningCalendar.co.za,https://dash.streblainnovations.com/races/,images/2027-02-21-balwin-sport-peninsula-marathon-42-2-km-21-1-km.webp,Date is provisional (Running Guy estimate — often from the prior year); confirm before travelling. Point-to-point along the False Bay coastline. One of SA's most scenic road marathons. Confirm official 2027 date with Celtic Harriers. Celtic Harriers / RunningCalendar list ~21 Feb 2027. Some third-party sites said 14 Feb — treat as unconfirmed late-February. Listed by Running Guy (Garden Route races dashboard).,2026-10-08
2027-02-26-hermanus-trail-run-35-25-15-km-18-km-beach,Hermanus Trail Run (35 / 25 / 15 km + 18 km beach),funrun,scheduled,,2027-02-26,2027-02-28,,,,False,False,Hermanus,Overberg,False,Fernkloof Nature Reserve / Walker Bay,"Fernkloof Nature Reserve, Hermanus",-34.391305,19.279788,nominatim,,https://energyevents.co.za/hermanus-trail-run/,https://energyevents.co.za/hermanus-trail-run/,Energy Events (official site),https://dash.streblainnovations.com/races/,images/2027-02-26-hermanus-trail-run-35-25-15-km-18-km-beach.webp,"Energy Events: Sat Fernkloof Nature Reserve (35/25/15 km, up to 1,500 m), Sun Walker Bay 18 km beach. Compulsory kit. Whale-coast trails. ~4h from George / easy Overberg weekend. Listed by Running Guy (Garden Route races dashboard).",2026-10-08
2027-02-26-sibyl,SIBYL,concert,scheduled,,2027-02-26,,,,,False,False,Cape Town,Cape Town,False,The Pam Golding Theatre at The Baxter,The Pam Golding Theatre at The Baxter,-33.956847,18.470494,event page,from R780,https://www.webtickets.co.za/v2/event.aspx?itemid=1599623032,https://www.webtickets.co.za/v2/event.aspx?itemid=1599623032,Webtickets,,images/2027-02-26-sibyl.webp,"Webtickets category: Music, Theatre",2026-10-08
2027-02-26-andrew-young-live-cafe-roux,Andrew Young LIVE! @ café Roux,concert,scheduled,,2027-02-26,,18:00,,,False,False,Cape Town,Cape Town,False,Cafe Roux,"Chapmans Peak Dr , Noordhoek, 7979, Cape Town, Western Cape, South Africa",-34.097405,18.377808,event page,,https://www.quicket.co.za/events/400016-andrew-young-live-caf-roux/#tickets,https://www.quicket.co.za/events/400016-andrew-young-live-caf-roux/,Quicket,,images/2027-02-26-andrew-young-live-cafe-roux.webp,Quicket category: Music,2026-10-08
2027-02-28-maynardville-2027-nataniel-in-concert,Maynardville 2027: Nataniël in Concert,concert,scheduled,,2027-02-28,,19:00,,,False,False,Cape Town,Cape Town,False,Maynardville Open-Air Theatre,"Maynardville Park, Piers Rd, Wynberg, 7800, Cape Town, Western Cape, South Africa",-34.0051,18.46367,event page,,https://www.quicket.co.za/events/382481-maynardville-2027-natanil-in-concert/#tickets,https://www.quicket.co.za/events/382481-maynardville-2027-natanil-in-concert/,Quicket,,images/2027-02-28-maynardville-2027-nataniel-in-concert.webp,Quicket category: Arts & Culture,2026-10-08
2027-03-06-andre-tiaan-vat-my-saam,André & Tiaan – Vat My Saam,concert,scheduled,,2027-03-06,2027-03-07,19:00,,,False,False,Cape Town,Cape Town,False,Ou Skip Holiday Resort,"1 Ou Skip Street, Melkbosstrand",-33.92883,18.41722,town centroid,R100,https://www.quicket.co.za/events/379665-andr-tiaan-vat-my-saam/,https://www.quicket.co.za/events/379665-andr-tiaan-vat-my-saam/,Quicket,,,,2026-10-08
2027-03-07-maynardville-2027-cape-town-opera-vienna-in-the-pa,Maynardville 2027: Cape Town Opera – Vienna in the Park,concert,scheduled,,2027-03-07,2027-03-14,18:30,,,False,False,Cape Town,Cape Town,False,Maynardville Open-Air Theatre,"Maynardville Park, Piers Rd, Wynberg, Cape Town",-34.00535,18.464233,nominatim,R298,https://www.quicket.co.za/events/382437-maynardville-2027-cape-town-opera-vienna-in-the-park/,https://www.quicket.co.za/events/382437-maynardville-2027-cape-town-opera-vienna-in-the-park/,Quicket,,,,2026-10-08
2027-03-11-pinocchio,PINOCCHIO,concert,scheduled,,2027-03-11,,,,,False,False,Somerset West,Cape Town,False,The Playhouse Theatre Somerset West,"The Playhouse Theatre Somerset West, Swalle St, Golden Acre, Cape Town, 7130",-34.078402,18.866071,event page,R140 - R170,https://www.webtickets.co.za/v2/event.aspx?itemid=1603928004,https://www.webtickets.co.za/v2/event.aspx?itemid=1603928004,Webtickets,,,"Webtickets category: Music, Theatre",2026-10-08
2027-03-18-anacy-live-at-cafe-roux,Anacy LIVE! at Café Roux,concert,scheduled,,2027-03-18,,18:00,,,False,False,Cape Town,Cape Town,False,Cafe Roux,"Chapmans Peak Dr, Noordhoek",-34.097453,18.377784,nominatim,R120,https://www.quicket.co.za/events/398685-anacy-live-caf-roux/,https://www.quicket.co.za/events/398685-anacy-live-caf-roux/,Quicket,,,,2026-10-08
2027-04-02-totalsports-two-oceans-trail-run-24-18-12-km,Totalsports Two Oceans Trail Run (24 / 18 / 12 km),funrun,scheduled,,2027-04-02,,"24 km 07:00, 18 km 08:00, 12 km 08:30",,,False,False,Cape Town,Cape Town,False,UCT Rugby Fields,"UCT Upper Campus, Rondebosch, Cape Town",-33.92883,18.41722,town centroid,R550,https://www.twooceansmarathon.org.za/,https://www.twooceansmarathon.org.za/qualifying-and-seeding-dates-confirmed-for-totalsports-two-oceans-marathon-powered-by-byd/,Two Oceans Marathon (official site),https://marathontours.com/en-gb/events/two-oceans-marathon/,,"Part of Two Oceans Event Week (31 Mar-4 Apr 2027). SA entry: 24 km R950, 18 km R750, 12 km R550. Entries open; capacity 1,500. Start times per Marathon Tours.",2026-10-08
2027-04-11-cape-town-camerata-easter-concert,Cape Town Camerata Easter Concert,concert,scheduled,,2027-04-11,,16:00,,,False,False,Cape Town,Cape Town,False,Cape Town City Hall,"Darling Street, Cape Town City Centre",-33.923785,18.42215,nominatim,R120,https://www.quicket.co.za/events/393957-cape-town-camerata-easter-concert-at-the-cape-town-city-hall/,https://www.quicket.co.za/events/393957-cape-town-camerata-easter-concert-at-the-cape-town-city-hall/,Quicket,,,,2026-10-08
2027-04-30-anna-davel-diamonds-a-shirley-bassey-tribute,Anna Davel – DIAMONDS: A Shirley Bassey Tribute,concert,scheduled,,2027-04-30,,19:00,,,False,False,Jeffreys Bay,Kouga/Jeffreys Bay,False,Oase JBay (AGS),"Dolly Varden Street, C-Place, Jeffreys Bay",-34.045086,24.912297,nominatim,R150,https://www.quicket.co.za/events/399102-anna-davel-diamonds-a-shirley-bassey-tribute/,https://www.quicket.co.za/events/399102-anna-davel-diamonds-a-shirley-bassey-tribute/,Quicket,,,,2026-10-08
2027-08-25-expelled-a-how-now-brown-cow-production-cpt,EXPELLED! A How Now Brown Cow Production (CPT),concert,scheduled,,2027-08-25,,,,,False,False,Cape Town,Cape Town,False,Theatre On The Bay,"Theatre On The Bay, Camps Bay",-33.954266,18.377235,event page,R200 - R350,https://www.webtickets.co.za/v2/event.aspx?itemid=1598710789,https://www.webtickets.co.za/v2/event.aspx?itemid=1598710789,Webtickets,,,"Webtickets category: Music, Theatre",2026-10-08
